Sample in Buffer,Sample in Window,TRIGGER,uut_noc_top/mon_stall_cnt[31:0],uut_noc_top/mon_rx_stall_cnt[31:0],uut_noc_top/mon_rx_pkt_cnt[31:0],uut_noc_top/mon_active_cnt[31:0],uut_noc_top/mon_flit_cnt[31:0],uut_noc_top/mon_rx_active_cnt[31:0],uut_noc_top/mon_pkt_cnt[31:0],uut_noc_top/mon_rx_flit_cnt[31:0],u_stress/agent_00/tx_stall_cnt[31:0],u_stress/agent_00/rx_err_cnt[31:0],u_stress/agent_00/rx_vc1_cnt[31:0],u_stress/agent_00/rx_vc0_cnt[31:0],u_stress/agent_00/tx_flit_cnt[31:0],u_stress/agent_00/state_dbg[1:0],u_stress/agent_00/rx_tdest_dbg[3:0],u_stress/agent_00/test_done
Radix - UNSIGNED,UNSIGNED,UNSIGNED,HEX,HEX,HEX,HEX,HEX,HEX,HEX,HEX,HEX,HEX,HEX,HEX,HEX,HEX,HEX,HEX
0,0,0,00000000,00000000,000ee50f,3d174f1b,00000000,3d174f1b,00000000,00ee50fb,00000000,00000000,0063520a,00635185,00000000,3,0,1
1,1,0,00000000,00000000,000ee50f,3d174f1c,00000000,3d174f1c,00000000,00ee50fb,00000000,00000000,0063520a,00635185,00000000,3,0,1
2,2,0,00000000,00000000,000ee50f,3d174f1d,00000000,3d174f1d,00000000,00ee50fb,00000000,00000000,0063520a,00635185,00000000,3,0,1
3,3,0,00000000,00000000,000ee50f,3d174f1e,00000000,3d174f1e,00000000,00ee50fb,00000000,00000000,0063520a,00635185,00000000,3,0,1
4,4,0,00000000,00000000,000ee50f,3d174f1f,00000000,3d174f1f,00000000,00ee50fb,00000000,00000000,0063520a,00635185,00000000,3,0,1
5,5,0,00000000,00000000,000ee50f,3d174f20,00000000,3d174f20,00000000,00ee50fb,00000000,00000000,0063520a,00635185,00000000,3,0,1
6,6,0,00000000,00000000,000ee50f,3d174f21,00000000,3d174f21,00000000,00ee50fb,00000000,00000000,0063520a,00635185,00000000,3,0,1
7,7,0,00000000,00000000,000ee50f,3d174f22,00000000,3d174f22,00000000,00ee50fb,00000000,00000000,0063520a,00635185,00000000,3,0,1
8,8,0,00000000,00000000,000ee50f,3d174f23,00000000,3d174f23,00000000,00ee50fb,00000000,00000000,0063520a,00635185,00000000,3,0,1
9,9,0,00000000,00000000,000ee50f,3d174f24,00000000,3d174f24,00000000,00ee50fb,00000000,00000000,0063520a,00635185,00000000,3,0,1
10,10,0,00000000,00000000,000ee50f,3d174f25,00000000,3d174f25,00000000,00ee50fb,00000000,00000000,0063520a,00635185,00000000,3,0,1
11,11,0,00000000,00000000,000ee50f,3d174f26,00000000,3d174f26,00000000,00ee50fb,00000000,00000000,0063520a,00635185,00000000,3,0,1
12,12,0,00000000,00000000,000ee50f,3d174f27,00000000,3d174f27,00000000,00ee50fb,00000000,00000000,0063520a,00635185,00000000,3,0,1
13,13,0,00000000,00000000,000ee50f,3d174f28,00000000,3d174f28,00000000,00ee50fb,00000000,00000000,0063520a,00635185,00000000,3,0,1
14,14,0,00000000,00000000,000ee50f,3d174f29,00000000,3d174f29,00000000,00ee50fb,00000000,00000000,0063520a,00635185,00000000,3,0,1
15,15,0,00000000,00000000,000ee50f,3d174f2a,00000000,3d174f2a,00000000,00ee50fb,00000000,00000000,0063520a,00635185,00000000,3,0,1
16,16,0,00000000,00000000,000ee50f,3d174f2b,00000000,3d174f2b,00000000,00ee50fb,00000000,00000000,0063520a,00635185,00000000,3,0,1
17,17,0,00000000,00000000,000ee50f,3d174f2c,00000000,3d174f2c,00000000,00ee50fb,00000000,00000000,0063520a,00635185,00000000,3,0,1
18,18,0,00000000,00000000,000ee50f,3d174f2d,00000000,3d174f2d,00000000,00ee50fb,00000000,00000000,0063520a,00635185,00000000,3,0,1
19,19,0,00000000,00000000,000ee50f,3d174f2e,00000000,3d174f2e,00000000,00ee50fb,00000000,00000000,0063520a,00635185,00000000,3,0,1
20,20,0,00000000,00000000,000ee50f,3d174f2f,00000000,3d174f2f,00000000,00ee50fb,00000000,00000000,0063520a,00635185,00000000,3,0,1
21,21,0,00000000,00000000,000ee50f,3d174f30,00000000,3d174f30,00000000,00ee50fb,00000000,00000000,0063520a,00635185,00000000,3,0,1
22,22,0,00000000,00000000,000ee50f,3d174f31,00000000,3d174f31,00000000,00ee50fb,00000000,00000000,0063520a,00635185,00000000,3,0,1
23,23,0,00000000,00000000,000ee50f,3d174f32,00000000,3d174f32,00000000,00ee50fb,00000000,00000000,0063520a,00635185,00000000,3,0,1
24,24,0,00000000,00000000,000ee50f,3d174f33,00000000,3d174f33,00000000,00ee50fb,00000000,00000000,0063520a,00635185,00000000,3,0,1
25,25,0,00000000,00000000,000ee50f,3d174f34,00000000,3d174f34,00000000,00ee50fb,00000000,00000000,0063520a,00635185,00000000,3,0,1
26,26,0,00000000,00000000,000ee50f,3d174f35,00000000,3d174f35,00000000,00ee50fb,00000000,00000000,0063520a,00635185,00000000,3,0,1
27,27,0,00000000,00000000,000ee50f,3d174f36,00000000,3d174f36,00000000,00ee50fb,00000000,00000000,0063520a,00635185,00000000,3,0,1
28,28,0,00000000,00000000,000ee50f,3d174f37,00000000,3d174f37,00000000,00ee50fb,00000000,00000000,0063520a,00635185,00000000,3,0,1
29,29,0,00000000,00000000,000ee50f,3d174f38,00000000,3d174f38,00000000,00ee50fb,00000000,00000000,0063520a,00635185,00000000,3,0,1
30,30,0,00000000,00000000,000ee50f,3d174f39,00000000,3d174f39,00000000,00ee50fb,00000000,00000000,0063520a,00635185,00000000,3,0,1
31,31,0,00000000,00000000,000ee50f,3d174f3a,00000000,3d174f3a,00000000,00ee50fb,00000000,00000000,0063520a,00635185,00000000,3,0,1
32,32,0,00000000,00000000,000ee50f,3d174f3b,00000000,3d174f3b,00000000,00ee50fb,00000000,00000000,0063520a,00635185,00000000,3,0,1
33,33,0,00000000,00000000,000ee50f,3d174f3c,00000000,3d174f3c,00000000,00ee50fb,00000000,00000000,0063520a,00635185,00000000,3,0,1
34,34,0,00000000,00000000,000ee50f,3d174f3d,00000000,3d174f3d,00000000,00ee50fb,00000000,00000000,0063520a,00635185,00000000,3,0,1
35,35,0,00000000,00000000,000ee50f,3d174f3e,00000000,3d174f3e,00000000,00ee50fb,00000000,00000000,0063520a,00635185,00000000,3,0,1
36,36,0,00000000,00000000,000ee50f,3d174f3f,00000000,3d174f3f,00000000,00ee50fb,00000000,00000000,0063520a,00635185,00000000,3,0,1
37,37,0,00000000,00000000,000ee50f,3d174f40,00000000,3d174f40,00000000,00ee50fb,00000000,00000000,0063520a,00635185,00000000,3,0,1
38,38,0,00000000,00000000,000ee50f,3d174f41,00000000,3d174f41,00000000,00ee50fb,00000000,00000000,0063520a,00635185,00000000,3,0,1
39,39,0,00000000,00000000,000ee50f,3d174f42,00000000,3d174f42,00000000,00ee50fb,00000000,00000000,0063520a,00635185,00000000,3,0,1
40,40,0,00000000,00000000,000ee50f,3d174f43,00000000,3d174f43,00000000,00ee50fb,00000000,00000000,0063520a,00635185,00000000,3,0,1
41,41,0,00000000,00000000,000ee50f,3d174f44,00000000,3d174f44,00000000,00ee50fb,00000000,00000000,0063520a,00635185,00000000,3,0,1
42,42,0,00000000,00000000,000ee50f,3d174f45,00000000,3d174f45,00000000,00ee50fb,00000000,00000000,0063520a,00635185,00000000,3,0,1
43,43,0,00000000,00000000,000ee50f,3d174f46,00000000,3d174f46,00000000,00ee50fb,00000000,00000000,0063520a,00635185,00000000,3,0,1
44,44,0,00000000,00000000,000ee50f,3d174f47,00000000,3d174f47,00000000,00ee50fb,00000000,00000000,0063520a,00635185,00000000,3,0,1
45,45,0,00000000,00000000,000ee50f,3d174f48,00000000,3d174f48,00000000,00ee50fb,00000000,00000000,0063520a,00635185,00000000,3,0,1
46,46,0,00000000,00000000,000ee50f,3d174f49,00000000,3d174f49,00000000,00ee50fb,00000000,00000000,0063520a,00635185,00000000,3,0,1
47,47,0,00000000,00000000,000ee50f,3d174f4a,00000000,3d174f4a,00000000,00ee50fb,00000000,00000000,0063520a,00635185,00000000,3,0,1
48,48,0,00000000,00000000,000ee50f,3d174f4b,00000000,3d174f4b,00000000,00ee50fb,00000000,00000000,0063520a,00635185,00000000,3,0,1
49,49,0,00000000,00000000,000ee50f,3d174f4c,00000000,3d174f4c,00000000,00ee50fb,00000000,00000000,0063520a,00635185,00000000,3,0,1
50,50,0,00000000,00000000,000ee50f,3d174f4d,00000000,3d174f4d,00000000,00ee50fb,00000000,00000000,0063520a,00635185,00000000,3,0,1
51,51,0,00000000,00000000,000ee50f,3d174f4e,00000000,3d174f4e,00000000,00ee50fb,00000000,00000000,0063520a,00635185,00000000,3,0,1
52,52,0,00000000,00000000,000ee50f,3d174f4f,00000000,3d174f4f,00000000,00ee50fb,00000000,00000000,0063520a,00635185,00000000,3,0,1
53,53,0,00000000,00000000,000ee50f,3d174f50,00000000,3d174f50,00000000,00ee50fb,00000000,00000000,0063520a,00635185,00000000,3,0,1
54,54,0,00000000,00000000,000ee50f,3d174f51,00000000,3d174f51,00000000,00ee50fb,00000000,00000000,0063520a,00635185,00000000,3,0,1
55,55,0,00000000,00000000,000ee50f,3d174f52,00000000,3d174f52,00000000,00ee50fb,00000000,00000000,0063520a,00635185,00000000,3,0,1
56,56,0,00000000,00000000,000ee50f,3d174f53,00000000,3d174f53,00000000,00ee50fb,00000000,00000000,0063520a,00635185,00000000,3,0,1
57,57,0,00000000,00000000,000ee50f,3d174f54,00000000,3d174f54,00000000,00ee50fb,00000000,00000000,0063520a,00635185,00000000,3,0,1
58,58,0,00000000,00000000,000ee50f,3d174f55,00000000,3d174f55,00000000,00ee50fb,00000000,00000000,0063520a,00635185,00000000,3,0,1
59,59,0,00000000,00000000,000ee50f,3d174f56,00000000,3d174f56,00000000,00ee50fb,00000000,00000000,0063520a,00635185,00000000,3,0,1
60,60,0,00000000,00000000,000ee50f,3d174f57,00000000,3d174f57,00000000,00ee50fb,00000000,00000000,0063520a,00635185,00000000,3,0,1
61,61,0,00000000,00000000,000ee50f,3d174f58,00000000,3d174f58,00000000,00ee50fb,00000000,00000000,0063520a,00635185,00000000,3,0,1
62,62,0,00000000,00000000,000ee50f,3d174f59,00000000,3d174f59,00000000,00ee50fb,00000000,00000000,0063520a,00635185,00000000,3,0,1
63,63,0,00000000,00000000,000ee50f,3d174f5a,00000000,3d174f5a,00000000,00ee50fb,00000000,00000000,0063520a,00635185,00000000,3,0,1
64,64,0,00000000,00000000,000ee50f,3d174f5b,00000000,3d174f5b,00000000,00ee50fb,00000000,00000000,0063520a,00635185,00000000,3,0,1
65,65,0,00000000,00000000,000ee50f,3d174f5c,00000000,3d174f5c,00000000,00ee50fb,00000000,00000000,0063520a,00635185,00000000,3,0,1
66,66,0,00000000,00000000,000ee50f,3d174f5d,00000000,3d174f5d,00000000,00ee50fb,00000000,00000000,0063520a,00635185,00000000,3,0,1
67,67,0,00000000,00000000,000ee50f,3d174f5e,00000000,3d174f5e,00000000,00ee50fb,00000000,00000000,0063520a,00635185,00000000,3,0,1
68,68,0,00000000,00000000,000ee50f,3d174f5f,00000000,3d174f5f,00000000,00ee50fb,00000000,00000000,0063520a,00635185,00000000,3,0,1
69,69,0,00000000,00000000,000ee50f,3d174f60,00000000,3d174f60,00000000,00ee50fb,00000000,00000000,0063520a,00635185,00000000,3,0,1
70,70,0,00000000,00000000,000ee50f,3d174f61,00000000,3d174f61,00000000,00ee50fb,00000000,00000000,0063520a,00635185,00000000,3,0,1
71,71,0,00000000,00000000,000ee50f,3d174f62,00000000,3d174f62,00000000,00ee50fb,00000000,00000000,0063520a,00635185,00000000,3,0,1
72,72,0,00000000,00000000,000ee50f,3d174f63,00000000,3d174f63,00000000,00ee50fb,00000000,00000000,0063520a,00635185,00000000,3,0,1
73,73,0,00000000,00000000,000ee50f,3d174f64,00000000,3d174f64,00000000,00ee50fb,00000000,00000000,0063520a,00635185,00000000,3,0,1
74,74,0,00000000,00000000,000ee50f,3d174f65,00000000,3d174f65,00000000,00ee50fb,00000000,00000000,0063520a,00635185,00000000,3,0,1
75,75,0,00000000,00000000,000ee50f,3d174f66,00000000,3d174f66,00000000,00ee50fb,00000000,00000000,0063520a,00635185,00000000,3,0,1
76,76,0,00000000,00000000,000ee50f,3d174f67,00000000,3d174f67,00000000,00ee50fb,00000000,00000000,0063520a,00635185,00000000,3,0,1
77,77,0,00000000,00000000,000ee50f,3d174f68,00000000,3d174f68,00000000,00ee50fb,00000000,00000000,0063520a,00635185,00000000,3,0,1
78,78,0,00000000,00000000,000ee50f,3d174f69,00000000,3d174f69,00000000,00ee50fb,00000000,00000000,0063520a,00635185,00000000,3,0,1
79,79,0,00000000,00000000,000ee50f,3d174f6a,00000000,3d174f6a,00000000,00ee50fb,00000000,00000000,0063520a,00635185,00000000,3,0,1
80,80,0,00000000,00000000,000ee50f,3d174f6b,00000000,3d174f6b,00000000,00ee50fb,00000000,00000000,0063520a,00635185,00000000,3,0,1
81,81,0,00000000,00000000,000ee50f,3d174f6c,00000000,3d174f6c,00000000,00ee50fb,00000000,00000000,0063520a,00635185,00000000,3,0,1
82,82,0,00000000,00000000,000ee50f,3d174f6d,00000000,3d174f6d,00000000,00ee50fb,00000000,00000000,0063520a,00635185,00000000,3,0,1
83,83,0,00000000,00000000,000ee50f,3d174f6e,00000000,3d174f6e,00000000,00ee50fb,00000000,00000000,0063520a,00635185,00000000,3,0,1
84,84,0,00000000,00000000,000ee50f,3d174f6f,00000000,3d174f6f,00000000,00ee50fb,00000000,00000000,0063520a,00635185,00000000,3,0,1
85,85,0,00000000,00000000,000ee50f,3d174f70,00000000,3d174f70,00000000,00ee50fb,00000000,00000000,0063520a,00635185,00000000,3,0,1
86,86,0,00000000,00000000,000ee50f,3d174f71,00000000,3d174f71,00000000,00ee50fb,00000000,00000000,0063520a,00635185,00000000,3,0,1
87,87,0,00000000,00000000,000ee50f,3d174f72,00000000,3d174f72,00000000,00ee50fb,00000000,00000000,0063520a,00635185,00000000,3,0,1
88,88,0,00000000,00000000,000ee50f,3d174f73,00000000,3d174f73,00000000,00ee50fb,00000000,00000000,0063520a,00635185,00000000,3,0,1
89,89,0,00000000,00000000,000ee50f,3d174f74,00000000,3d174f74,00000000,00ee50fb,00000000,00000000,0063520a,00635185,00000000,3,0,1
90,90,0,00000000,00000000,000ee50f,3d174f75,00000000,3d174f75,00000000,00ee50fb,00000000,00000000,0063520a,00635185,00000000,3,0,1
91,91,0,00000000,00000000,000ee50f,3d174f76,00000000,3d174f76,00000000,00ee50fb,00000000,00000000,0063520a,00635185,00000000,3,0,1
92,92,0,00000000,00000000,000ee50f,3d174f77,00000000,3d174f77,00000000,00ee50fb,00000000,00000000,0063520a,00635185,00000000,3,0,1
93,93,0,00000000,00000000,000ee50f,3d174f78,00000000,3d174f78,00000000,00ee50fb,00000000,00000000,0063520a,00635185,00000000,3,0,1
94,94,0,00000000,00000000,000ee50f,3d174f79,00000000,3d174f79,00000000,00ee50fb,00000000,00000000,0063520a,00635185,00000000,3,0,1
95,95,0,00000000,00000000,000ee50f,3d174f7a,00000000,3d174f7a,00000000,00ee50fb,00000000,00000000,0063520a,00635185,00000000,3,0,1
96,96,0,00000000,00000000,000ee50f,3d174f7b,00000000,3d174f7b,00000000,00ee50fb,00000000,00000000,0063520a,00635185,00000000,3,0,1
97,97,0,00000000,00000000,000ee50f,3d174f7c,00000000,3d174f7c,00000000,00ee50fb,00000000,00000000,0063520a,00635185,00000000,3,0,1
98,98,0,00000000,00000000,000ee50f,3d174f7d,00000000,3d174f7d,00000000,00ee50fb,00000000,00000000,0063520a,00635185,00000000,3,0,1
99,99,0,00000000,00000000,000ee50f,3d174f7e,00000000,3d174f7e,00000000,00ee50fb,00000000,00000000,0063520a,00635185,00000000,3,0,1
100,100,0,00000000,00000000,000ee50f,3d174f7f,00000000,3d174f7f,00000000,00ee50fb,00000000,00000000,0063520a,00635185,00000000,3,0,1
101,101,0,00000000,00000000,000ee50f,3d174f80,00000000,3d174f80,00000000,00ee50fb,00000000,00000000,0063520a,00635185,00000000,3,0,1
102,102,0,00000000,00000000,000ee50f,3d174f81,00000000,3d174f81,00000000,00ee50fb,00000000,00000000,0063520a,00635185,00000000,3,0,1
103,103,0,00000000,00000000,000ee50f,3d174f82,00000000,3d174f82,00000000,00ee50fb,00000000,00000000,0063520a,00635185,00000000,3,0,1
104,104,0,00000000,00000000,000ee50f,3d174f83,00000000,3d174f83,00000000,00ee50fb,00000000,00000000,0063520a,00635185,00000000,3,0,1
105,105,0,00000000,00000000,000ee50f,3d174f84,00000000,3d174f84,00000000,00ee50fb,00000000,00000000,0063520a,00635185,00000000,3,0,1
106,106,0,00000000,00000000,000ee50f,3d174f85,00000000,3d174f85,00000000,00ee50fb,00000000,00000000,0063520a,00635185,00000000,3,0,1
107,107,0,00000000,00000000,000ee50f,3d174f86,00000000,3d174f86,00000000,00ee50fb,00000000,00000000,0063520a,00635185,00000000,3,0,1
108,108,0,00000000,00000000,000ee50f,3d174f87,00000000,3d174f87,00000000,00ee50fb,00000000,00000000,0063520a,00635185,00000000,3,0,1
109,109,0,00000000,00000000,000ee50f,3d174f88,00000000,3d174f88,00000000,00ee50fb,00000000,00000000,0063520a,00635185,00000000,3,0,1
110,110,0,00000000,00000000,000ee50f,3d174f89,00000000,3d174f89,00000000,00ee50fb,00000000,00000000,0063520a,00635185,00000000,3,0,1
111,111,0,00000000,00000000,000ee50f,3d174f8a,00000000,3d174f8a,00000000,00ee50fb,00000000,00000000,0063520a,00635185,00000000,3,0,1
112,112,0,00000000,00000000,000ee50f,3d174f8b,00000000,3d174f8b,00000000,00ee50fb,00000000,00000000,0063520a,00635185,00000000,3,0,1
113,113,0,00000000,00000000,000ee50f,3d174f8c,00000000,3d174f8c,00000000,00ee50fb,00000000,00000000,0063520a,00635185,00000000,3,0,1
114,114,0,00000000,00000000,000ee50f,3d174f8d,00000000,3d174f8d,00000000,00ee50fb,00000000,00000000,0063520a,00635185,00000000,3,0,1
115,115,0,00000000,00000000,000ee50f,3d174f8e,00000000,3d174f8e,00000000,00ee50fb,00000000,00000000,0063520a,00635185,00000000,3,0,1
116,116,0,00000000,00000000,000ee50f,3d174f8f,00000000,3d174f8f,00000000,00ee50fb,00000000,00000000,0063520a,00635185,00000000,3,0,1
117,117,0,00000000,00000000,000ee50f,3d174f90,00000000,3d174f90,00000000,00ee50fb,00000000,00000000,0063520a,00635185,00000000,3,0,1
118,118,0,00000000,00000000,000ee50f,3d174f91,00000000,3d174f91,00000000,00ee50fb,00000000,00000000,0063520a,00635185,00000000,3,0,1
119,119,0,00000000,00000000,000ee50f,3d174f92,00000000,3d174f92,00000000,00ee50fb,00000000,00000000,0063520a,00635185,00000000,3,0,1
120,120,0,00000000,00000000,000ee50f,3d174f93,00000000,3d174f93,00000000,00ee50fb,00000000,00000000,0063520a,00635185,00000000,3,0,1
121,121,0,00000000,00000000,000ee50f,3d174f94,00000000,3d174f94,00000000,00ee50fb,00000000,00000000,0063520a,00635185,00000000,3,0,1
122,122,0,00000000,00000000,000ee50f,3d174f95,00000000,3d174f95,00000000,00ee50fb,00000000,00000000,0063520a,00635185,00000000,3,0,1
123,123,0,00000000,00000000,000ee50f,3d174f96,00000000,3d174f96,00000000,00ee50fb,00000000,00000000,0063520a,00635185,00000000,3,0,1
124,124,0,00000000,00000000,000ee50f,3d174f97,00000000,3d174f97,00000000,00ee50fb,00000000,00000000,0063520a,00635185,00000000,3,0,1
125,125,0,00000000,00000000,000ee50f,3d174f98,00000000,3d174f98,00000000,00ee50fb,00000000,00000000,0063520a,00635185,00000000,3,0,1
126,126,0,00000000,00000000,000ee50f,3d174f99,00000000,3d174f99,00000000,00ee50fb,00000000,00000000,0063520a,00635185,00000000,3,0,1
127,127,0,00000000,00000000,000ee50f,3d174f9a,00000000,3d174f9a,00000000,00ee50fb,00000000,00000000,0063520a,00635185,00000000,3,0,1
128,128,0,00000000,00000000,000ee50f,3d174f9b,00000000,3d174f9b,00000000,00ee50fb,00000000,00000000,0063520a,00635185,00000000,3,0,1
129,129,0,00000000,00000000,000ee50f,3d174f9c,00000000,3d174f9c,00000000,00ee50fb,00000000,00000000,0063520a,00635185,00000000,3,0,1
130,130,0,00000000,00000000,000ee50f,3d174f9d,00000000,3d174f9d,00000000,00ee50fb,00000000,00000000,0063520a,00635185,00000000,3,0,1
131,131,0,00000000,00000000,000ee50f,3d174f9e,00000000,3d174f9e,00000000,00ee50fb,00000000,00000000,0063520a,00635185,00000000,3,0,1
132,132,0,00000000,00000000,000ee50f,3d174f9f,00000000,3d174f9f,00000000,00ee50fb,00000000,00000000,0063520a,00635185,00000000,3,0,1
133,133,0,00000000,00000000,000ee50f,3d174fa0,00000000,3d174fa0,00000000,00ee50fb,00000000,00000000,0063520a,00635185,00000000,3,0,1
134,134,0,00000000,00000000,000ee50f,3d174fa1,00000000,3d174fa1,00000000,00ee50fb,00000000,00000000,0063520a,00635185,00000000,3,0,1
135,135,0,00000000,00000000,000ee50f,3d174fa2,00000000,3d174fa2,00000000,00ee50fb,00000000,00000000,0063520a,00635185,00000000,3,0,1
136,136,0,00000000,00000000,000ee50f,3d174fa3,00000000,3d174fa3,00000000,00ee50fb,00000000,00000000,0063520a,00635185,00000000,3,0,1
137,137,0,00000000,00000000,000ee50f,3d174fa4,00000000,3d174fa4,00000000,00ee50fb,00000000,00000000,0063520a,00635185,00000000,3,0,1
138,138,0,00000000,00000000,000ee50f,3d174fa5,00000000,3d174fa5,00000000,00ee50fb,00000000,00000000,0063520a,00635185,00000000,3,0,1
139,139,0,00000000,00000000,000ee50f,3d174fa6,00000000,3d174fa6,00000000,00ee50fb,00000000,00000000,0063520a,00635185,00000000,3,0,1
140,140,0,00000000,00000000,000ee50f,3d174fa7,00000000,3d174fa7,00000000,00ee50fb,00000000,00000000,0063520a,00635185,00000000,3,0,1
141,141,0,00000000,00000000,000ee50f,3d174fa8,00000000,3d174fa8,00000000,00ee50fb,00000000,00000000,0063520a,00635185,00000000,3,0,1
142,142,0,00000000,00000000,000ee50f,3d174fa9,00000000,3d174fa9,00000000,00ee50fb,00000000,00000000,0063520a,00635185,00000000,3,0,1
143,143,0,00000000,00000000,000ee50f,3d174faa,00000000,3d174faa,00000000,00ee50fb,00000000,00000000,0063520a,00635185,00000000,3,0,1
144,144,0,00000000,00000000,000ee50f,3d174fab,00000000,3d174fab,00000000,00ee50fb,00000000,00000000,0063520a,00635185,00000000,3,0,1
145,145,0,00000000,00000000,000ee50f,3d174fac,00000000,3d174fac,00000000,00ee50fb,00000000,00000000,0063520a,00635185,00000000,3,0,1
146,146,0,00000000,00000000,000ee50f,3d174fad,00000000,3d174fad,00000000,00ee50fb,00000000,00000000,0063520a,00635185,00000000,3,0,1
147,147,0,00000000,00000000,000ee50f,3d174fae,00000000,3d174fae,00000000,00ee50fb,00000000,00000000,0063520a,00635185,00000000,3,0,1
148,148,0,00000000,00000000,000ee50f,3d174faf,00000000,3d174faf,00000000,00ee50fb,00000000,00000000,0063520a,00635185,00000000,3,0,1
149,149,0,00000000,00000000,000ee50f,3d174fb0,00000000,3d174fb0,00000000,00ee50fb,00000000,00000000,0063520a,00635185,00000000,3,0,1
150,150,0,00000000,00000000,000ee50f,3d174fb1,00000000,3d174fb1,00000000,00ee50fb,00000000,00000000,0063520a,00635185,00000000,3,0,1
151,151,0,00000000,00000000,000ee50f,3d174fb2,00000000,3d174fb2,00000000,00ee50fb,00000000,00000000,0063520a,00635185,00000000,3,0,1
152,152,0,00000000,00000000,000ee50f,3d174fb3,00000000,3d174fb3,00000000,00ee50fb,00000000,00000000,0063520a,00635185,00000000,3,0,1
153,153,0,00000000,00000000,000ee50f,3d174fb4,00000000,3d174fb4,00000000,00ee50fb,00000000,00000000,0063520a,00635185,00000000,3,0,1
154,154,0,00000000,00000000,000ee50f,3d174fb5,00000000,3d174fb5,00000000,00ee50fb,00000000,00000000,0063520a,00635185,00000000,3,0,1
155,155,0,00000000,00000000,000ee50f,3d174fb6,00000000,3d174fb6,00000000,00ee50fb,00000000,00000000,0063520a,00635185,00000000,3,0,1
156,156,0,00000000,00000000,000ee50f,3d174fb7,00000000,3d174fb7,00000000,00ee50fb,00000000,00000000,0063520a,00635185,00000000,3,0,1
157,157,0,00000000,00000000,000ee50f,3d174fb8,00000000,3d174fb8,00000000,00ee50fb,00000000,00000000,0063520a,00635185,00000000,3,0,1
158,158,0,00000000,00000000,000ee50f,3d174fb9,00000000,3d174fb9,00000000,00ee50fb,00000000,00000000,0063520a,00635185,00000000,3,0,1
159,159,0,00000000,00000000,000ee50f,3d174fba,00000000,3d174fba,00000000,00ee50fb,00000000,00000000,0063520a,00635185,00000000,3,0,1
160,160,0,00000000,00000000,000ee50f,3d174fbb,00000000,3d174fbb,00000000,00ee50fb,00000000,00000000,0063520a,00635185,00000000,3,0,1
161,161,0,00000000,00000000,000ee50f,3d174fbc,00000000,3d174fbc,00000000,00ee50fb,00000000,00000000,0063520a,00635185,00000000,3,0,1
162,162,0,00000000,00000000,000ee50f,3d174fbd,00000000,3d174fbd,00000000,00ee50fb,00000000,00000000,0063520a,00635185,00000000,3,0,1
163,163,0,00000000,00000000,000ee50f,3d174fbe,00000000,3d174fbe,00000000,00ee50fb,00000000,00000000,0063520a,00635185,00000000,3,0,1
164,164,0,00000000,00000000,000ee50f,3d174fbf,00000000,3d174fbf,00000000,00ee50fb,00000000,00000000,0063520a,00635185,00000000,3,0,1
165,165,0,00000000,00000000,000ee50f,3d174fc0,00000000,3d174fc0,00000000,00ee50fb,00000000,00000000,0063520a,00635185,00000000,3,0,1
166,166,0,00000000,00000000,000ee50f,3d174fc1,00000000,3d174fc1,00000000,00ee50fb,00000000,00000000,0063520a,00635185,00000000,3,0,1
167,167,0,00000000,00000000,000ee50f,3d174fc2,00000000,3d174fc2,00000000,00ee50fb,00000000,00000000,0063520a,00635185,00000000,3,0,1
168,168,0,00000000,00000000,000ee50f,3d174fc3,00000000,3d174fc3,00000000,00ee50fb,00000000,00000000,0063520a,00635185,00000000,3,0,1
169,169,0,00000000,00000000,000ee50f,3d174fc4,00000000,3d174fc4,00000000,00ee50fb,00000000,00000000,0063520a,00635185,00000000,3,0,1
170,170,0,00000000,00000000,000ee50f,3d174fc5,00000000,3d174fc5,00000000,00ee50fb,00000000,00000000,0063520a,00635185,00000000,3,0,1
171,171,0,00000000,00000000,000ee50f,3d174fc6,00000000,3d174fc6,00000000,00ee50fb,00000000,00000000,0063520a,00635185,00000000,3,0,1
172,172,0,00000000,00000000,000ee50f,3d174fc7,00000000,3d174fc7,00000000,00ee50fb,00000000,00000000,0063520a,00635185,00000000,3,0,1
173,173,0,00000000,00000000,000ee50f,3d174fc8,00000000,3d174fc8,00000000,00ee50fb,00000000,00000000,0063520a,00635185,00000000,3,0,1
174,174,0,00000000,00000000,000ee50f,3d174fc9,00000000,3d174fc9,00000000,00ee50fb,00000000,00000000,0063520a,00635185,00000000,3,0,1
175,175,0,00000000,00000000,000ee50f,3d174fca,00000000,3d174fca,00000000,00ee50fb,00000000,00000000,0063520a,00635185,00000000,3,0,1
176,176,0,00000000,00000000,000ee50f,3d174fcb,00000000,3d174fcb,00000000,00ee50fb,00000000,00000000,0063520a,00635185,00000000,3,0,1
177,177,0,00000000,00000000,000ee50f,3d174fcc,00000000,3d174fcc,00000000,00ee50fb,00000000,00000000,0063520a,00635185,00000000,3,0,1
178,178,0,00000000,00000000,000ee50f,3d174fcd,00000000,3d174fcd,00000000,00ee50fb,00000000,00000000,0063520a,00635185,00000000,3,0,1
179,179,0,00000000,00000000,000ee50f,3d174fce,00000000,3d174fce,00000000,00ee50fb,00000000,00000000,0063520a,00635185,00000000,3,0,1
180,180,0,00000000,00000000,000ee50f,3d174fcf,00000000,3d174fcf,00000000,00ee50fb,00000000,00000000,0063520a,00635185,00000000,3,0,1
181,181,0,00000000,00000000,000ee50f,3d174fd0,00000000,3d174fd0,00000000,00ee50fb,00000000,00000000,0063520a,00635185,00000000,3,0,1
182,182,0,00000000,00000000,000ee50f,3d174fd1,00000000,3d174fd1,00000000,00ee50fb,00000000,00000000,0063520a,00635185,00000000,3,0,1
183,183,0,00000000,00000000,000ee50f,3d174fd2,00000000,3d174fd2,00000000,00ee50fb,00000000,00000000,0063520a,00635185,00000000,3,0,1
184,184,0,00000000,00000000,000ee50f,3d174fd3,00000000,3d174fd3,00000000,00ee50fb,00000000,00000000,0063520a,00635185,00000000,3,0,1
185,185,0,00000000,00000000,000ee50f,3d174fd4,00000000,3d174fd4,00000000,00ee50fb,00000000,00000000,0063520a,00635185,00000000,3,0,1
186,186,0,00000000,00000000,000ee50f,3d174fd5,00000000,3d174fd5,00000000,00ee50fb,00000000,00000000,0063520a,00635185,00000000,3,0,1
187,187,0,00000000,00000000,000ee50f,3d174fd6,00000000,3d174fd6,00000000,00ee50fb,00000000,00000000,0063520a,00635185,00000000,3,0,1
188,188,0,00000000,00000000,000ee50f,3d174fd7,00000000,3d174fd7,00000000,00ee50fb,00000000,00000000,0063520a,00635185,00000000,3,0,1
189,189,0,00000000,00000000,000ee50f,3d174fd8,00000000,3d174fd8,00000000,00ee50fb,00000000,00000000,0063520a,00635185,00000000,3,0,1
190,190,0,00000000,00000000,000ee50f,3d174fd9,00000000,3d174fd9,00000000,00ee50fb,00000000,00000000,0063520a,00635185,00000000,3,0,1
191,191,0,00000000,00000000,000ee50f,3d174fda,00000000,3d174fda,00000000,00ee50fb,00000000,00000000,0063520a,00635185,00000000,3,0,1
192,192,0,00000000,00000000,000ee50f,3d174fdb,00000000,3d174fdb,00000000,00ee50fb,00000000,00000000,0063520a,00635185,00000000,3,0,1
193,193,0,00000000,00000000,000ee50f,3d174fdc,00000000,3d174fdc,00000000,00ee50fb,00000000,00000000,0063520a,00635185,00000000,3,0,1
194,194,0,00000000,00000000,000ee50f,3d174fdd,00000000,3d174fdd,00000000,00ee50fb,00000000,00000000,0063520a,00635185,00000000,3,0,1
195,195,0,00000000,00000000,000ee50f,3d174fde,00000000,3d174fde,00000000,00ee50fb,00000000,00000000,0063520a,00635185,00000000,3,0,1
196,196,0,00000000,00000000,000ee50f,3d174fdf,00000000,3d174fdf,00000000,00ee50fb,00000000,00000000,0063520a,00635185,00000000,3,0,1
197,197,0,00000000,00000000,000ee50f,3d174fe0,00000000,3d174fe0,00000000,00ee50fb,00000000,00000000,0063520a,00635185,00000000,3,0,1
198,198,0,00000000,00000000,000ee50f,3d174fe1,00000000,3d174fe1,00000000,00ee50fb,00000000,00000000,0063520a,00635185,00000000,3,0,1
199,199,0,00000000,00000000,000ee50f,3d174fe2,00000000,3d174fe2,00000000,00ee50fb,00000000,00000000,0063520a,00635185,00000000,3,0,1
200,200,0,00000000,00000000,000ee50f,3d174fe3,00000000,3d174fe3,00000000,00ee50fb,00000000,00000000,0063520a,00635185,00000000,3,0,1
201,201,0,00000000,00000000,000ee50f,3d174fe4,00000000,3d174fe4,00000000,00ee50fb,00000000,00000000,0063520a,00635185,00000000,3,0,1
202,202,0,00000000,00000000,000ee50f,3d174fe5,00000000,3d174fe5,00000000,00ee50fb,00000000,00000000,0063520a,00635185,00000000,3,0,1
203,203,0,00000000,00000000,000ee50f,3d174fe6,00000000,3d174fe6,00000000,00ee50fb,00000000,00000000,0063520a,00635185,00000000,3,0,1
204,204,0,00000000,00000000,000ee50f,3d174fe7,00000000,3d174fe7,00000000,00ee50fb,00000000,00000000,0063520a,00635185,00000000,3,0,1
205,205,0,00000000,00000000,000ee50f,3d174fe8,00000000,3d174fe8,00000000,00ee50fb,00000000,00000000,0063520a,00635185,00000000,3,0,1
206,206,0,00000000,00000000,000ee50f,3d174fe9,00000000,3d174fe9,00000000,00ee50fb,00000000,00000000,0063520a,00635185,00000000,3,0,1
207,207,0,00000000,00000000,000ee50f,3d174fea,00000000,3d174fea,00000000,00ee50fb,00000000,00000000,0063520a,00635185,00000000,3,0,1
208,208,0,00000000,00000000,000ee50f,3d174feb,00000000,3d174feb,00000000,00ee50fb,00000000,00000000,0063520a,00635185,00000000,3,0,1
209,209,0,00000000,00000000,000ee50f,3d174fec,00000000,3d174fec,00000000,00ee50fb,00000000,00000000,0063520a,00635185,00000000,3,0,1
210,210,0,00000000,00000000,000ee50f,3d174fed,00000000,3d174fed,00000000,00ee50fb,00000000,00000000,0063520a,00635185,00000000,3,0,1
211,211,0,00000000,00000000,000ee50f,3d174fee,00000000,3d174fee,00000000,00ee50fb,00000000,00000000,0063520a,00635185,00000000,3,0,1
212,212,0,00000000,00000000,000ee50f,3d174fef,00000000,3d174fef,00000000,00ee50fb,00000000,00000000,0063520a,00635185,00000000,3,0,1
213,213,0,00000000,00000000,000ee50f,3d174ff0,00000000,3d174ff0,00000000,00ee50fb,00000000,00000000,0063520a,00635185,00000000,3,0,1
214,214,0,00000000,00000000,000ee50f,3d174ff1,00000000,3d174ff1,00000000,00ee50fb,00000000,00000000,0063520a,00635185,00000000,3,0,1
215,215,0,00000000,00000000,000ee50f,3d174ff2,00000000,3d174ff2,00000000,00ee50fb,00000000,00000000,0063520a,00635185,00000000,3,0,1
216,216,0,00000000,00000000,000ee50f,3d174ff3,00000000,3d174ff3,00000000,00ee50fb,00000000,00000000,0063520a,00635185,00000000,3,0,1
217,217,0,00000000,00000000,000ee50f,3d174ff4,00000000,3d174ff4,00000000,00ee50fb,00000000,00000000,0063520a,00635185,00000000,3,0,1
218,218,0,00000000,00000000,000ee50f,3d174ff5,00000000,3d174ff5,00000000,00ee50fb,00000000,00000000,0063520a,00635185,00000000,3,0,1
219,219,0,00000000,00000000,000ee50f,3d174ff6,00000000,3d174ff6,00000000,00ee50fb,00000000,00000000,0063520a,00635185,00000000,3,0,1
220,220,0,00000000,00000000,000ee50f,3d174ff7,00000000,3d174ff7,00000000,00ee50fb,00000000,00000000,0063520a,00635185,00000000,3,0,1
221,221,0,00000000,00000000,000ee50f,3d174ff8,00000000,3d174ff8,00000000,00ee50fb,00000000,00000000,0063520a,00635185,00000000,3,0,1
222,222,0,00000000,00000000,000ee50f,3d174ff9,00000000,3d174ff9,00000000,00ee50fb,00000000,00000000,0063520a,00635185,00000000,3,0,1
223,223,0,00000000,00000000,000ee50f,3d174ffa,00000000,3d174ffa,00000000,00ee50fb,00000000,00000000,0063520a,00635185,00000000,3,0,1
224,224,0,00000000,00000000,000ee50f,3d174ffb,00000000,3d174ffb,00000000,00ee50fb,00000000,00000000,0063520a,00635185,00000000,3,0,1
225,225,0,00000000,00000000,000ee50f,3d174ffc,00000000,3d174ffc,00000000,00ee50fb,00000000,00000000,0063520a,00635185,00000000,3,0,1
226,226,0,00000000,00000000,000ee50f,3d174ffd,00000000,3d174ffd,00000000,00ee50fb,00000000,00000000,0063520a,00635185,00000000,3,0,1
227,227,0,00000000,00000000,000ee50f,3d174ffe,00000000,3d174ffe,00000000,00ee50fb,00000000,00000000,0063520a,00635185,00000000,3,0,1
228,228,0,00000000,00000000,000ee50f,3d174fff,00000000,3d174fff,00000000,00ee50fb,00000000,00000000,0063520a,00635185,00000000,3,0,1
229,229,0,00000000,00000000,000ee50f,3d175000,00000000,3d175000,00000000,00ee50fb,00000000,00000000,0063520a,00635185,00000000,3,0,1
230,230,0,00000000,00000000,000ee50f,3d175001,00000000,3d175001,00000000,00ee50fb,00000000,00000000,0063520a,00635185,00000000,3,0,1
231,231,0,00000000,00000000,000ee50f,3d175002,00000000,3d175002,00000000,00ee50fb,00000000,00000000,0063520a,00635185,00000000,3,0,1
232,232,0,00000000,00000000,000ee50f,3d175003,00000000,3d175003,00000000,00ee50fb,00000000,00000000,0063520a,00635185,00000000,3,0,1
233,233,0,00000000,00000000,000ee50f,3d175004,00000000,3d175004,00000000,00ee50fb,00000000,00000000,0063520a,00635185,00000000,3,0,1
234,234,0,00000000,00000000,000ee50f,3d175005,00000000,3d175005,00000000,00ee50fb,00000000,00000000,0063520a,00635185,00000000,3,0,1
235,235,0,00000000,00000000,000ee50f,3d175006,00000000,3d175006,00000000,00ee50fb,00000000,00000000,0063520a,00635185,00000000,3,0,1
236,236,0,00000000,00000000,000ee50f,3d175007,00000000,3d175007,00000000,00ee50fb,00000000,00000000,0063520a,00635185,00000000,3,0,1
237,237,0,00000000,00000000,000ee50f,3d175008,00000000,3d175008,00000000,00ee50fb,00000000,00000000,0063520a,00635185,00000000,3,0,1
238,238,0,00000000,00000000,000ee50f,3d175009,00000000,3d175009,00000000,00ee50fb,00000000,00000000,0063520a,00635185,00000000,3,0,1
239,239,0,00000000,00000000,000ee50f,3d17500a,00000000,3d17500a,00000000,00ee50fb,00000000,00000000,0063520a,00635185,00000000,3,0,1
240,240,0,00000000,00000000,000ee50f,3d17500b,00000000,3d17500b,00000000,00ee50fb,00000000,00000000,0063520a,00635185,00000000,3,0,1
241,241,0,00000000,00000000,000ee50f,3d17500c,00000000,3d17500c,00000000,00ee50fb,00000000,00000000,0063520a,00635185,00000000,3,0,1
242,242,0,00000000,00000000,000ee50f,3d17500d,00000000,3d17500d,00000000,00ee50fb,00000000,00000000,0063520a,00635185,00000000,3,0,1
243,243,0,00000000,00000000,000ee50f,3d17500e,00000000,3d17500e,00000000,00ee50fb,00000000,00000000,0063520a,00635185,00000000,3,0,1
244,244,0,00000000,00000000,000ee50f,3d17500f,00000000,3d17500f,00000000,00ee50fb,00000000,00000000,0063520a,00635185,00000000,3,0,1
245,245,0,00000000,00000000,000ee50f,3d175010,00000000,3d175010,00000000,00ee50fb,00000000,00000000,0063520a,00635185,00000000,3,0,1
246,246,0,00000000,00000000,000ee50f,3d175011,00000000,3d175011,00000000,00ee50fb,00000000,00000000,0063520a,00635185,00000000,3,0,1
247,247,0,00000000,00000000,000ee50f,3d175012,00000000,3d175012,00000000,00ee50fb,00000000,00000000,0063520a,00635185,00000000,3,0,1
248,248,0,00000000,00000000,000ee50f,3d175013,00000000,3d175013,00000000,00ee50fb,00000000,00000000,0063520a,00635185,00000000,3,0,1
249,249,0,00000000,00000000,000ee50f,3d175014,00000000,3d175014,00000000,00ee50fb,00000000,00000000,0063520a,00635185,00000000,3,0,1
250,250,0,00000000,00000000,000ee50f,3d175015,00000000,3d175015,00000000,00ee50fb,00000000,00000000,0063520a,00635185,00000000,3,0,1
251,251,0,00000000,00000000,000ee50f,3d175016,00000000,3d175016,00000000,00ee50fb,00000000,00000000,0063520a,00635185,00000000,3,0,1
252,252,0,00000000,00000000,000ee50f,3d175017,00000000,3d175017,00000000,00ee50fb,00000000,00000000,0063520a,00635185,00000000,3,0,1
253,253,0,00000000,00000000,000ee50f,3d175018,00000000,3d175018,00000000,00ee50fb,00000000,00000000,0063520a,00635185,00000000,3,0,1
254,254,0,00000000,00000000,000ee50f,3d175019,00000000,3d175019,00000000,00ee50fb,00000000,00000000,0063520a,00635185,00000000,3,0,1
255,255,0,00000000,00000000,000ee50f,3d17501a,00000000,3d17501a,00000000,00ee50fb,00000000,00000000,0063520a,00635185,00000000,3,0,1
256,256,0,00000000,00000000,000ee50f,3d17501b,00000000,3d17501b,00000000,00ee50fb,00000000,00000000,0063520a,00635185,00000000,3,0,1
257,257,0,00000000,00000000,000ee50f,3d17501c,00000000,3d17501c,00000000,00ee50fb,00000000,00000000,0063520a,00635185,00000000,3,0,1
258,258,0,00000000,00000000,000ee50f,3d17501d,00000000,3d17501d,00000000,00ee50fb,00000000,00000000,0063520a,00635185,00000000,3,0,1
259,259,0,00000000,00000000,000ee50f,3d17501e,00000000,3d17501e,00000000,00ee50fb,00000000,00000000,0063520a,00635185,00000000,3,0,1
260,260,0,00000000,00000000,000ee50f,3d17501f,00000000,3d17501f,00000000,00ee50fb,00000000,00000000,0063520a,00635185,00000000,3,0,1
261,261,0,00000000,00000000,000ee50f,3d175020,00000000,3d175020,00000000,00ee50fb,00000000,00000000,0063520a,00635185,00000000,3,0,1
262,262,0,00000000,00000000,000ee50f,3d175021,00000000,3d175021,00000000,00ee50fb,00000000,00000000,0063520a,00635185,00000000,3,0,1
263,263,0,00000000,00000000,000ee50f,3d175022,00000000,3d175022,00000000,00ee50fb,00000000,00000000,0063520a,00635185,00000000,3,0,1
264,264,0,00000000,00000000,000ee50f,3d175023,00000000,3d175023,00000000,00ee50fb,00000000,00000000,0063520a,00635185,00000000,3,0,1
265,265,0,00000000,00000000,000ee50f,3d175024,00000000,3d175024,00000000,00ee50fb,00000000,00000000,0063520a,00635185,00000000,3,0,1
266,266,0,00000000,00000000,000ee50f,3d175025,00000000,3d175025,00000000,00ee50fb,00000000,00000000,0063520a,00635185,00000000,3,0,1
267,267,0,00000000,00000000,000ee50f,3d175026,00000000,3d175026,00000000,00ee50fb,00000000,00000000,0063520a,00635185,00000000,3,0,1
268,268,0,00000000,00000000,000ee50f,3d175027,00000000,3d175027,00000000,00ee50fb,00000000,00000000,0063520a,00635185,00000000,3,0,1
269,269,0,00000000,00000000,000ee50f,3d175028,00000000,3d175028,00000000,00ee50fb,00000000,00000000,0063520a,00635185,00000000,3,0,1
270,270,0,00000000,00000000,000ee50f,3d175029,00000000,3d175029,00000000,00ee50fb,00000000,00000000,0063520a,00635185,00000000,3,0,1
271,271,0,00000000,00000000,000ee50f,3d17502a,00000000,3d17502a,00000000,00ee50fb,00000000,00000000,0063520a,00635185,00000000,3,0,1
272,272,0,00000000,00000000,000ee50f,3d17502b,00000000,3d17502b,00000000,00ee50fb,00000000,00000000,0063520a,00635185,00000000,3,0,1
273,273,0,00000000,00000000,000ee50f,3d17502c,00000000,3d17502c,00000000,00ee50fb,00000000,00000000,0063520a,00635185,00000000,3,0,1
274,274,0,00000000,00000000,000ee50f,3d17502d,00000000,3d17502d,00000000,00ee50fb,00000000,00000000,0063520a,00635185,00000000,3,0,1
275,275,0,00000000,00000000,000ee50f,3d17502e,00000000,3d17502e,00000000,00ee50fb,00000000,00000000,0063520a,00635185,00000000,3,0,1
276,276,0,00000000,00000000,000ee50f,3d17502f,00000000,3d17502f,00000000,00ee50fb,00000000,00000000,0063520a,00635185,00000000,3,0,1
277,277,0,00000000,00000000,000ee50f,3d175030,00000000,3d175030,00000000,00ee50fb,00000000,00000000,0063520a,00635185,00000000,3,0,1
278,278,0,00000000,00000000,000ee50f,3d175031,00000000,3d175031,00000000,00ee50fb,00000000,00000000,0063520a,00635185,00000000,3,0,1
279,279,0,00000000,00000000,000ee50f,3d175032,00000000,3d175032,00000000,00ee50fb,00000000,00000000,0063520a,00635185,00000000,3,0,1
280,280,0,00000000,00000000,000ee50f,3d175033,00000000,3d175033,00000000,00ee50fb,00000000,00000000,0063520a,00635185,00000000,3,0,1
281,281,0,00000000,00000000,000ee50f,3d175034,00000000,3d175034,00000000,00ee50fb,00000000,00000000,0063520a,00635185,00000000,3,0,1
282,282,0,00000000,00000000,000ee50f,3d175035,00000000,3d175035,00000000,00ee50fb,00000000,00000000,0063520a,00635185,00000000,3,0,1
283,283,0,00000000,00000000,000ee50f,3d175036,00000000,3d175036,00000000,00ee50fb,00000000,00000000,0063520a,00635185,00000000,3,0,1
284,284,0,00000000,00000000,000ee50f,3d175037,00000000,3d175037,00000000,00ee50fb,00000000,00000000,0063520a,00635185,00000000,3,0,1
285,285,0,00000000,00000000,000ee50f,3d175038,00000000,3d175038,00000000,00ee50fb,00000000,00000000,0063520a,00635185,00000000,3,0,1
286,286,0,00000000,00000000,000ee50f,3d175039,00000000,3d175039,00000000,00ee50fb,00000000,00000000,0063520a,00635185,00000000,3,0,1
287,287,0,00000000,00000000,000ee50f,3d17503a,00000000,3d17503a,00000000,00ee50fb,00000000,00000000,0063520a,00635185,00000000,3,0,1
288,288,0,00000000,00000000,000ee50f,3d17503b,00000000,3d17503b,00000000,00ee50fb,00000000,00000000,0063520a,00635185,00000000,3,0,1
289,289,0,00000000,00000000,000ee50f,3d17503c,00000000,3d17503c,00000000,00ee50fb,00000000,00000000,0063520a,00635185,00000000,3,0,1
290,290,0,00000000,00000000,000ee50f,3d17503d,00000000,3d17503d,00000000,00ee50fb,00000000,00000000,0063520a,00635185,00000000,3,0,1
291,291,0,00000000,00000000,000ee50f,3d17503e,00000000,3d17503e,00000000,00ee50fb,00000000,00000000,0063520a,00635185,00000000,3,0,1
292,292,0,00000000,00000000,000ee50f,3d17503f,00000000,3d17503f,00000000,00ee50fb,00000000,00000000,0063520a,00635185,00000000,3,0,1
293,293,0,00000000,00000000,000ee50f,3d175040,00000000,3d175040,00000000,00ee50fb,00000000,00000000,0063520a,00635185,00000000,3,0,1
294,294,0,00000000,00000000,000ee50f,3d175041,00000000,3d175041,00000000,00ee50fb,00000000,00000000,0063520a,00635185,00000000,3,0,1
295,295,0,00000000,00000000,000ee50f,3d175042,00000000,3d175042,00000000,00ee50fb,00000000,00000000,0063520a,00635185,00000000,3,0,1
296,296,0,00000000,00000000,000ee50f,3d175043,00000000,3d175043,00000000,00ee50fb,00000000,00000000,0063520a,00635185,00000000,3,0,1
297,297,0,00000000,00000000,000ee50f,3d175044,00000000,3d175044,00000000,00ee50fb,00000000,00000000,0063520a,00635185,00000000,3,0,1
298,298,0,00000000,00000000,000ee50f,3d175045,00000000,3d175045,00000000,00ee50fb,00000000,00000000,0063520a,00635185,00000000,3,0,1
299,299,0,00000000,00000000,000ee50f,3d175046,00000000,3d175046,00000000,00ee50fb,00000000,00000000,0063520a,00635185,00000000,3,0,1
300,300,0,00000000,00000000,000ee50f,3d175047,00000000,3d175047,00000000,00ee50fb,00000000,00000000,0063520a,00635185,00000000,3,0,1
301,301,0,00000000,00000000,000ee50f,3d175048,00000000,3d175048,00000000,00ee50fb,00000000,00000000,0063520a,00635185,00000000,3,0,1
302,302,0,00000000,00000000,000ee50f,3d175049,00000000,3d175049,00000000,00ee50fb,00000000,00000000,0063520a,00635185,00000000,3,0,1
303,303,0,00000000,00000000,000ee50f,3d17504a,00000000,3d17504a,00000000,00ee50fb,00000000,00000000,0063520a,00635185,00000000,3,0,1
304,304,0,00000000,00000000,000ee50f,3d17504b,00000000,3d17504b,00000000,00ee50fb,00000000,00000000,0063520a,00635185,00000000,3,0,1
305,305,0,00000000,00000000,000ee50f,3d17504c,00000000,3d17504c,00000000,00ee50fb,00000000,00000000,0063520a,00635185,00000000,3,0,1
306,306,0,00000000,00000000,000ee50f,3d17504d,00000000,3d17504d,00000000,00ee50fb,00000000,00000000,0063520a,00635185,00000000,3,0,1
307,307,0,00000000,00000000,000ee50f,3d17504e,00000000,3d17504e,00000000,00ee50fb,00000000,00000000,0063520a,00635185,00000000,3,0,1
308,308,0,00000000,00000000,000ee50f,3d17504f,00000000,3d17504f,00000000,00ee50fb,00000000,00000000,0063520a,00635185,00000000,3,0,1
309,309,0,00000000,00000000,000ee50f,3d175050,00000000,3d175050,00000000,00ee50fb,00000000,00000000,0063520a,00635185,00000000,3,0,1
310,310,0,00000000,00000000,000ee50f,3d175051,00000000,3d175051,00000000,00ee50fb,00000000,00000000,0063520a,00635185,00000000,3,0,1
311,311,0,00000000,00000000,000ee50f,3d175052,00000000,3d175052,00000000,00ee50fb,00000000,00000000,0063520a,00635185,00000000,3,0,1
312,312,0,00000000,00000000,000ee50f,3d175053,00000000,3d175053,00000000,00ee50fb,00000000,00000000,0063520a,00635185,00000000,3,0,1
313,313,0,00000000,00000000,000ee50f,3d175054,00000000,3d175054,00000000,00ee50fb,00000000,00000000,0063520a,00635185,00000000,3,0,1
314,314,0,00000000,00000000,000ee50f,3d175055,00000000,3d175055,00000000,00ee50fb,00000000,00000000,0063520a,00635185,00000000,3,0,1
315,315,0,00000000,00000000,000ee50f,3d175056,00000000,3d175056,00000000,00ee50fb,00000000,00000000,0063520a,00635185,00000000,3,0,1
316,316,0,00000000,00000000,000ee50f,3d175057,00000000,3d175057,00000000,00ee50fb,00000000,00000000,0063520a,00635185,00000000,3,0,1
317,317,0,00000000,00000000,000ee50f,3d175058,00000000,3d175058,00000000,00ee50fb,00000000,00000000,0063520a,00635185,00000000,3,0,1
318,318,0,00000000,00000000,000ee50f,3d175059,00000000,3d175059,00000000,00ee50fb,00000000,00000000,0063520a,00635185,00000000,3,0,1
319,319,0,00000000,00000000,000ee50f,3d17505a,00000000,3d17505a,00000000,00ee50fb,00000000,00000000,0063520a,00635185,00000000,3,0,1
320,320,0,00000000,00000000,000ee50f,3d17505b,00000000,3d17505b,00000000,00ee50fb,00000000,00000000,0063520a,00635185,00000000,3,0,1
321,321,0,00000000,00000000,000ee50f,3d17505c,00000000,3d17505c,00000000,00ee50fb,00000000,00000000,0063520a,00635185,00000000,3,0,1
322,322,0,00000000,00000000,000ee50f,3d17505d,00000000,3d17505d,00000000,00ee50fb,00000000,00000000,0063520a,00635185,00000000,3,0,1
323,323,0,00000000,00000000,000ee50f,3d17505e,00000000,3d17505e,00000000,00ee50fb,00000000,00000000,0063520a,00635185,00000000,3,0,1
324,324,0,00000000,00000000,000ee50f,3d17505f,00000000,3d17505f,00000000,00ee50fb,00000000,00000000,0063520a,00635185,00000000,3,0,1
325,325,0,00000000,00000000,000ee50f,3d175060,00000000,3d175060,00000000,00ee50fb,00000000,00000000,0063520a,00635185,00000000,3,0,1
326,326,0,00000000,00000000,000ee50f,3d175061,00000000,3d175061,00000000,00ee50fb,00000000,00000000,0063520a,00635185,00000000,3,0,1
327,327,0,00000000,00000000,000ee50f,3d175062,00000000,3d175062,00000000,00ee50fb,00000000,00000000,0063520a,00635185,00000000,3,0,1
328,328,0,00000000,00000000,000ee50f,3d175063,00000000,3d175063,00000000,00ee50fb,00000000,00000000,0063520a,00635185,00000000,3,0,1
329,329,0,00000000,00000000,000ee50f,3d175064,00000000,3d175064,00000000,00ee50fb,00000000,00000000,0063520a,00635185,00000000,3,0,1
330,330,0,00000000,00000000,000ee50f,3d175065,00000000,3d175065,00000000,00ee50fb,00000000,00000000,0063520a,00635185,00000000,3,0,1
331,331,0,00000000,00000000,000ee50f,3d175066,00000000,3d175066,00000000,00ee50fb,00000000,00000000,0063520a,00635185,00000000,3,0,1
332,332,0,00000000,00000000,000ee50f,3d175067,00000000,3d175067,00000000,00ee50fb,00000000,00000000,0063520a,00635185,00000000,3,0,1
333,333,0,00000000,00000000,000ee50f,3d175068,00000000,3d175068,00000000,00ee50fb,00000000,00000000,0063520a,00635185,00000000,3,0,1
334,334,0,00000000,00000000,000ee50f,3d175069,00000000,3d175069,00000000,00ee50fb,00000000,00000000,0063520a,00635185,00000000,3,0,1
335,335,0,00000000,00000000,000ee50f,3d17506a,00000000,3d17506a,00000000,00ee50fb,00000000,00000000,0063520a,00635185,00000000,3,0,1
336,336,0,00000000,00000000,000ee50f,3d17506b,00000000,3d17506b,00000000,00ee50fb,00000000,00000000,0063520a,00635185,00000000,3,0,1
337,337,0,00000000,00000000,000ee50f,3d17506c,00000000,3d17506c,00000000,00ee50fb,00000000,00000000,0063520a,00635185,00000000,3,0,1
338,338,0,00000000,00000000,000ee50f,3d17506d,00000000,3d17506d,00000000,00ee50fb,00000000,00000000,0063520a,00635185,00000000,3,0,1
339,339,0,00000000,00000000,000ee50f,3d17506e,00000000,3d17506e,00000000,00ee50fb,00000000,00000000,0063520a,00635185,00000000,3,0,1
340,340,0,00000000,00000000,000ee50f,3d17506f,00000000,3d17506f,00000000,00ee50fb,00000000,00000000,0063520a,00635185,00000000,3,0,1
341,341,0,00000000,00000000,000ee50f,3d175070,00000000,3d175070,00000000,00ee50fb,00000000,00000000,0063520a,00635185,00000000,3,0,1
342,342,0,00000000,00000000,000ee50f,3d175071,00000000,3d175071,00000000,00ee50fb,00000000,00000000,0063520a,00635185,00000000,3,0,1
343,343,0,00000000,00000000,000ee50f,3d175072,00000000,3d175072,00000000,00ee50fb,00000000,00000000,0063520a,00635185,00000000,3,0,1
344,344,0,00000000,00000000,000ee50f,3d175073,00000000,3d175073,00000000,00ee50fb,00000000,00000000,0063520a,00635185,00000000,3,0,1
345,345,0,00000000,00000000,000ee50f,3d175074,00000000,3d175074,00000000,00ee50fb,00000000,00000000,0063520a,00635185,00000000,3,0,1
346,346,0,00000000,00000000,000ee50f,3d175075,00000000,3d175075,00000000,00ee50fb,00000000,00000000,0063520a,00635185,00000000,3,0,1
347,347,0,00000000,00000000,000ee50f,3d175076,00000000,3d175076,00000000,00ee50fb,00000000,00000000,0063520a,00635185,00000000,3,0,1
348,348,0,00000000,00000000,000ee50f,3d175077,00000000,3d175077,00000000,00ee50fb,00000000,00000000,0063520a,00635185,00000000,3,0,1
349,349,0,00000000,00000000,000ee50f,3d175078,00000000,3d175078,00000000,00ee50fb,00000000,00000000,0063520a,00635185,00000000,3,0,1
350,350,0,00000000,00000000,000ee50f,3d175079,00000000,3d175079,00000000,00ee50fb,00000000,00000000,0063520a,00635185,00000000,3,0,1
351,351,0,00000000,00000000,000ee50f,3d17507a,00000000,3d17507a,00000000,00ee50fb,00000000,00000000,0063520a,00635185,00000000,3,0,1
352,352,0,00000000,00000000,000ee50f,3d17507b,00000000,3d17507b,00000000,00ee50fb,00000000,00000000,0063520a,00635185,00000000,3,0,1
353,353,0,00000000,00000000,000ee50f,3d17507c,00000000,3d17507c,00000000,00ee50fb,00000000,00000000,0063520a,00635185,00000000,3,0,1
354,354,0,00000000,00000000,000ee50f,3d17507d,00000000,3d17507d,00000000,00ee50fb,00000000,00000000,0063520a,00635185,00000000,3,0,1
355,355,0,00000000,00000000,000ee50f,3d17507e,00000000,3d17507e,00000000,00ee50fb,00000000,00000000,0063520a,00635185,00000000,3,0,1
356,356,0,00000000,00000000,000ee50f,3d17507f,00000000,3d17507f,00000000,00ee50fb,00000000,00000000,0063520a,00635185,00000000,3,0,1
357,357,0,00000000,00000000,000ee50f,3d175080,00000000,3d175080,00000000,00ee50fb,00000000,00000000,0063520a,00635185,00000000,3,0,1
358,358,0,00000000,00000000,000ee50f,3d175081,00000000,3d175081,00000000,00ee50fb,00000000,00000000,0063520a,00635185,00000000,3,0,1
359,359,0,00000000,00000000,000ee50f,3d175082,00000000,3d175082,00000000,00ee50fb,00000000,00000000,0063520a,00635185,00000000,3,0,1
360,360,0,00000000,00000000,000ee50f,3d175083,00000000,3d175083,00000000,00ee50fb,00000000,00000000,0063520a,00635185,00000000,3,0,1
361,361,0,00000000,00000000,000ee50f,3d175084,00000000,3d175084,00000000,00ee50fb,00000000,00000000,0063520a,00635185,00000000,3,0,1
362,362,0,00000000,00000000,000ee50f,3d175085,00000000,3d175085,00000000,00ee50fb,00000000,00000000,0063520a,00635185,00000000,3,0,1
363,363,0,00000000,00000000,000ee50f,3d175086,00000000,3d175086,00000000,00ee50fb,00000000,00000000,0063520a,00635185,00000000,3,0,1
364,364,0,00000000,00000000,000ee50f,3d175087,00000000,3d175087,00000000,00ee50fb,00000000,00000000,0063520a,00635185,00000000,3,0,1
365,365,0,00000000,00000000,000ee50f,3d175088,00000000,3d175088,00000000,00ee50fb,00000000,00000000,0063520a,00635185,00000000,3,0,1
366,366,0,00000000,00000000,000ee50f,3d175089,00000000,3d175089,00000000,00ee50fb,00000000,00000000,0063520a,00635185,00000000,3,0,1
367,367,0,00000000,00000000,000ee50f,3d17508a,00000000,3d17508a,00000000,00ee50fb,00000000,00000000,0063520a,00635185,00000000,3,0,1
368,368,0,00000000,00000000,000ee50f,3d17508b,00000000,3d17508b,00000000,00ee50fb,00000000,00000000,0063520a,00635185,00000000,3,0,1
369,369,0,00000000,00000000,000ee50f,3d17508c,00000000,3d17508c,00000000,00ee50fb,00000000,00000000,0063520a,00635185,00000000,3,0,1
370,370,0,00000000,00000000,000ee50f,3d17508d,00000000,3d17508d,00000000,00ee50fb,00000000,00000000,0063520a,00635185,00000000,3,0,1
371,371,0,00000000,00000000,000ee50f,3d17508e,00000000,3d17508e,00000000,00ee50fb,00000000,00000000,0063520a,00635185,00000000,3,0,1
372,372,0,00000000,00000000,000ee50f,3d17508f,00000000,3d17508f,00000000,00ee50fb,00000000,00000000,0063520a,00635185,00000000,3,0,1
373,373,0,00000000,00000000,000ee50f,3d175090,00000000,3d175090,00000000,00ee50fb,00000000,00000000,0063520a,00635185,00000000,3,0,1
374,374,0,00000000,00000000,000ee50f,3d175091,00000000,3d175091,00000000,00ee50fb,00000000,00000000,0063520a,00635185,00000000,3,0,1
375,375,0,00000000,00000000,000ee50f,3d175092,00000000,3d175092,00000000,00ee50fb,00000000,00000000,0063520a,00635185,00000000,3,0,1
376,376,0,00000000,00000000,000ee50f,3d175093,00000000,3d175093,00000000,00ee50fb,00000000,00000000,0063520a,00635185,00000000,3,0,1
377,377,0,00000000,00000000,000ee50f,3d175094,00000000,3d175094,00000000,00ee50fb,00000000,00000000,0063520a,00635185,00000000,3,0,1
378,378,0,00000000,00000000,000ee50f,3d175095,00000000,3d175095,00000000,00ee50fb,00000000,00000000,0063520a,00635185,00000000,3,0,1
379,379,0,00000000,00000000,000ee50f,3d175096,00000000,3d175096,00000000,00ee50fb,00000000,00000000,0063520a,00635185,00000000,3,0,1
380,380,0,00000000,00000000,000ee50f,3d175097,00000000,3d175097,00000000,00ee50fb,00000000,00000000,0063520a,00635185,00000000,3,0,1
381,381,0,00000000,00000000,000ee50f,3d175098,00000000,3d175098,00000000,00ee50fb,00000000,00000000,0063520a,00635185,00000000,3,0,1
382,382,0,00000000,00000000,000ee50f,3d175099,00000000,3d175099,00000000,00ee50fb,00000000,00000000,0063520a,00635185,00000000,3,0,1
383,383,0,00000000,00000000,000ee50f,3d17509a,00000000,3d17509a,00000000,00ee50fb,00000000,00000000,0063520a,00635185,00000000,3,0,1
384,384,0,00000000,00000000,000ee50f,3d17509b,00000000,3d17509b,00000000,00ee50fb,00000000,00000000,0063520a,00635185,00000000,3,0,1
385,385,0,00000000,00000000,000ee50f,3d17509c,00000000,3d17509c,00000000,00ee50fb,00000000,00000000,0063520a,00635185,00000000,3,0,1
386,386,0,00000000,00000000,000ee50f,3d17509d,00000000,3d17509d,00000000,00ee50fb,00000000,00000000,0063520a,00635185,00000000,3,0,1
387,387,0,00000000,00000000,000ee50f,3d17509e,00000000,3d17509e,00000000,00ee50fb,00000000,00000000,0063520a,00635185,00000000,3,0,1
388,388,0,00000000,00000000,000ee50f,3d17509f,00000000,3d17509f,00000000,00ee50fb,00000000,00000000,0063520a,00635185,00000000,3,0,1
389,389,0,00000000,00000000,000ee50f,3d1750a0,00000000,3d1750a0,00000000,00ee50fb,00000000,00000000,0063520a,00635185,00000000,3,0,1
390,390,0,00000000,00000000,000ee50f,3d1750a1,00000000,3d1750a1,00000000,00ee50fb,00000000,00000000,0063520a,00635185,00000000,3,0,1
391,391,0,00000000,00000000,000ee50f,3d1750a2,00000000,3d1750a2,00000000,00ee50fb,00000000,00000000,0063520a,00635185,00000000,3,0,1
392,392,0,00000000,00000000,000ee50f,3d1750a3,00000000,3d1750a3,00000000,00ee50fb,00000000,00000000,0063520a,00635185,00000000,3,0,1
393,393,0,00000000,00000000,000ee50f,3d1750a4,00000000,3d1750a4,00000000,00ee50fb,00000000,00000000,0063520a,00635185,00000000,3,0,1
394,394,0,00000000,00000000,000ee50f,3d1750a5,00000000,3d1750a5,00000000,00ee50fb,00000000,00000000,0063520a,00635185,00000000,3,0,1
395,395,0,00000000,00000000,000ee50f,3d1750a6,00000000,3d1750a6,00000000,00ee50fb,00000000,00000000,0063520a,00635185,00000000,3,0,1
396,396,0,00000000,00000000,000ee50f,3d1750a7,00000000,3d1750a7,00000000,00ee50fb,00000000,00000000,0063520a,00635185,00000000,3,0,1
397,397,0,00000000,00000000,000ee50f,3d1750a8,00000000,3d1750a8,00000000,00ee50fb,00000000,00000000,0063520a,00635185,00000000,3,0,1
398,398,0,00000000,00000000,000ee50f,3d1750a9,00000000,3d1750a9,00000000,00ee50fb,00000000,00000000,0063520a,00635185,00000000,3,0,1
399,399,0,00000000,00000000,000ee50f,3d1750aa,00000000,3d1750aa,00000000,00ee50fb,00000000,00000000,0063520a,00635185,00000000,3,0,1
400,400,0,00000000,00000000,000ee50f,3d1750ab,00000000,3d1750ab,00000000,00ee50fb,00000000,00000000,0063520a,00635185,00000000,3,0,1
401,401,0,00000000,00000000,000ee50f,3d1750ac,00000000,3d1750ac,00000000,00ee50fb,00000000,00000000,0063520a,00635185,00000000,3,0,1
402,402,0,00000000,00000000,000ee50f,3d1750ad,00000000,3d1750ad,00000000,00ee50fb,00000000,00000000,0063520a,00635185,00000000,3,0,1
403,403,0,00000000,00000000,000ee50f,3d1750ae,00000000,3d1750ae,00000000,00ee50fb,00000000,00000000,0063520a,00635185,00000000,3,0,1
404,404,0,00000000,00000000,000ee50f,3d1750af,00000000,3d1750af,00000000,00ee50fb,00000000,00000000,0063520a,00635185,00000000,3,0,1
405,405,0,00000000,00000000,000ee50f,3d1750b0,00000000,3d1750b0,00000000,00ee50fb,00000000,00000000,0063520a,00635185,00000000,3,0,1
406,406,0,00000000,00000000,000ee50f,3d1750b1,00000000,3d1750b1,00000000,00ee50fb,00000000,00000000,0063520a,00635185,00000000,3,0,1
407,407,0,00000000,00000000,000ee50f,3d1750b2,00000000,3d1750b2,00000000,00ee50fb,00000000,00000000,0063520a,00635185,00000000,3,0,1
408,408,0,00000000,00000000,000ee50f,3d1750b3,00000000,3d1750b3,00000000,00ee50fb,00000000,00000000,0063520a,00635185,00000000,3,0,1
409,409,0,00000000,00000000,000ee50f,3d1750b4,00000000,3d1750b4,00000000,00ee50fb,00000000,00000000,0063520a,00635185,00000000,3,0,1
410,410,0,00000000,00000000,000ee50f,3d1750b5,00000000,3d1750b5,00000000,00ee50fb,00000000,00000000,0063520a,00635185,00000000,3,0,1
411,411,0,00000000,00000000,000ee50f,3d1750b6,00000000,3d1750b6,00000000,00ee50fb,00000000,00000000,0063520a,00635185,00000000,3,0,1
412,412,0,00000000,00000000,000ee50f,3d1750b7,00000000,3d1750b7,00000000,00ee50fb,00000000,00000000,0063520a,00635185,00000000,3,0,1
413,413,0,00000000,00000000,000ee50f,3d1750b8,00000000,3d1750b8,00000000,00ee50fb,00000000,00000000,0063520a,00635185,00000000,3,0,1
414,414,0,00000000,00000000,000ee50f,3d1750b9,00000000,3d1750b9,00000000,00ee50fb,00000000,00000000,0063520a,00635185,00000000,3,0,1
415,415,0,00000000,00000000,000ee50f,3d1750ba,00000000,3d1750ba,00000000,00ee50fb,00000000,00000000,0063520a,00635185,00000000,3,0,1
416,416,0,00000000,00000000,000ee50f,3d1750bb,00000000,3d1750bb,00000000,00ee50fb,00000000,00000000,0063520a,00635185,00000000,3,0,1
417,417,0,00000000,00000000,000ee50f,3d1750bc,00000000,3d1750bc,00000000,00ee50fb,00000000,00000000,0063520a,00635185,00000000,3,0,1
418,418,0,00000000,00000000,000ee50f,3d1750bd,00000000,3d1750bd,00000000,00ee50fb,00000000,00000000,0063520a,00635185,00000000,3,0,1
419,419,0,00000000,00000000,000ee50f,3d1750be,00000000,3d1750be,00000000,00ee50fb,00000000,00000000,0063520a,00635185,00000000,3,0,1
420,420,0,00000000,00000000,000ee50f,3d1750bf,00000000,3d1750bf,00000000,00ee50fb,00000000,00000000,0063520a,00635185,00000000,3,0,1
421,421,0,00000000,00000000,000ee50f,3d1750c0,00000000,3d1750c0,00000000,00ee50fb,00000000,00000000,0063520a,00635185,00000000,3,0,1
422,422,0,00000000,00000000,000ee50f,3d1750c1,00000000,3d1750c1,00000000,00ee50fb,00000000,00000000,0063520a,00635185,00000000,3,0,1
423,423,0,00000000,00000000,000ee50f,3d1750c2,00000000,3d1750c2,00000000,00ee50fb,00000000,00000000,0063520a,00635185,00000000,3,0,1
424,424,0,00000000,00000000,000ee50f,3d1750c3,00000000,3d1750c3,00000000,00ee50fb,00000000,00000000,0063520a,00635185,00000000,3,0,1
425,425,0,00000000,00000000,000ee50f,3d1750c4,00000000,3d1750c4,00000000,00ee50fb,00000000,00000000,0063520a,00635185,00000000,3,0,1
426,426,0,00000000,00000000,000ee50f,3d1750c5,00000000,3d1750c5,00000000,00ee50fb,00000000,00000000,0063520a,00635185,00000000,3,0,1
427,427,0,00000000,00000000,000ee50f,3d1750c6,00000000,3d1750c6,00000000,00ee50fb,00000000,00000000,0063520a,00635185,00000000,3,0,1
428,428,0,00000000,00000000,000ee50f,3d1750c7,00000000,3d1750c7,00000000,00ee50fb,00000000,00000000,0063520a,00635185,00000000,3,0,1
429,429,0,00000000,00000000,000ee50f,3d1750c8,00000000,3d1750c8,00000000,00ee50fb,00000000,00000000,0063520a,00635185,00000000,3,0,1
430,430,0,00000000,00000000,000ee50f,3d1750c9,00000000,3d1750c9,00000000,00ee50fb,00000000,00000000,0063520a,00635185,00000000,3,0,1
431,431,0,00000000,00000000,000ee50f,3d1750ca,00000000,3d1750ca,00000000,00ee50fb,00000000,00000000,0063520a,00635185,00000000,3,0,1
432,432,0,00000000,00000000,000ee50f,3d1750cb,00000000,3d1750cb,00000000,00ee50fb,00000000,00000000,0063520a,00635185,00000000,3,0,1
433,433,0,00000000,00000000,000ee50f,3d1750cc,00000000,3d1750cc,00000000,00ee50fb,00000000,00000000,0063520a,00635185,00000000,3,0,1
434,434,0,00000000,00000000,000ee50f,3d1750cd,00000000,3d1750cd,00000000,00ee50fb,00000000,00000000,0063520a,00635185,00000000,3,0,1
435,435,0,00000000,00000000,000ee50f,3d1750ce,00000000,3d1750ce,00000000,00ee50fb,00000000,00000000,0063520a,00635185,00000000,3,0,1
436,436,0,00000000,00000000,000ee50f,3d1750cf,00000000,3d1750cf,00000000,00ee50fb,00000000,00000000,0063520a,00635185,00000000,3,0,1
437,437,0,00000000,00000000,000ee50f,3d1750d0,00000000,3d1750d0,00000000,00ee50fb,00000000,00000000,0063520a,00635185,00000000,3,0,1
438,438,0,00000000,00000000,000ee50f,3d1750d1,00000000,3d1750d1,00000000,00ee50fb,00000000,00000000,0063520a,00635185,00000000,3,0,1
439,439,0,00000000,00000000,000ee50f,3d1750d2,00000000,3d1750d2,00000000,00ee50fb,00000000,00000000,0063520a,00635185,00000000,3,0,1
440,440,0,00000000,00000000,000ee50f,3d1750d3,00000000,3d1750d3,00000000,00ee50fb,00000000,00000000,0063520a,00635185,00000000,3,0,1
441,441,0,00000000,00000000,000ee50f,3d1750d4,00000000,3d1750d4,00000000,00ee50fb,00000000,00000000,0063520a,00635185,00000000,3,0,1
442,442,0,00000000,00000000,000ee50f,3d1750d5,00000000,3d1750d5,00000000,00ee50fb,00000000,00000000,0063520a,00635185,00000000,3,0,1
443,443,0,00000000,00000000,000ee50f,3d1750d6,00000000,3d1750d6,00000000,00ee50fb,00000000,00000000,0063520a,00635185,00000000,3,0,1
444,444,0,00000000,00000000,000ee50f,3d1750d7,00000000,3d1750d7,00000000,00ee50fb,00000000,00000000,0063520a,00635185,00000000,3,0,1
445,445,0,00000000,00000000,000ee50f,3d1750d8,00000000,3d1750d8,00000000,00ee50fb,00000000,00000000,0063520a,00635185,00000000,3,0,1
446,446,0,00000000,00000000,000ee50f,3d1750d9,00000000,3d1750d9,00000000,00ee50fb,00000000,00000000,0063520a,00635185,00000000,3,0,1
447,447,0,00000000,00000000,000ee50f,3d1750da,00000000,3d1750da,00000000,00ee50fb,00000000,00000000,0063520a,00635185,00000000,3,0,1
448,448,0,00000000,00000000,000ee50f,3d1750db,00000000,3d1750db,00000000,00ee50fb,00000000,00000000,0063520a,00635185,00000000,3,0,1
449,449,0,00000000,00000000,000ee50f,3d1750dc,00000000,3d1750dc,00000000,00ee50fb,00000000,00000000,0063520a,00635185,00000000,3,0,1
450,450,0,00000000,00000000,000ee50f,3d1750dd,00000000,3d1750dd,00000000,00ee50fb,00000000,00000000,0063520a,00635185,00000000,3,0,1
451,451,0,00000000,00000000,000ee50f,3d1750de,00000000,3d1750de,00000000,00ee50fb,00000000,00000000,0063520a,00635185,00000000,3,0,1
452,452,0,00000000,00000000,000ee50f,3d1750df,00000000,3d1750df,00000000,00ee50fb,00000000,00000000,0063520a,00635185,00000000,3,0,1
453,453,0,00000000,00000000,000ee50f,3d1750e0,00000000,3d1750e0,00000000,00ee50fb,00000000,00000000,0063520a,00635185,00000000,3,0,1
454,454,0,00000000,00000000,000ee50f,3d1750e1,00000000,3d1750e1,00000000,00ee50fb,00000000,00000000,0063520a,00635185,00000000,3,0,1
455,455,0,00000000,00000000,000ee50f,3d1750e2,00000000,3d1750e2,00000000,00ee50fb,00000000,00000000,0063520a,00635185,00000000,3,0,1
456,456,0,00000000,00000000,000ee50f,3d1750e3,00000000,3d1750e3,00000000,00ee50fb,00000000,00000000,0063520a,00635185,00000000,3,0,1
457,457,0,00000000,00000000,000ee50f,3d1750e4,00000000,3d1750e4,00000000,00ee50fb,00000000,00000000,0063520a,00635185,00000000,3,0,1
458,458,0,00000000,00000000,000ee50f,3d1750e5,00000000,3d1750e5,00000000,00ee50fb,00000000,00000000,0063520a,00635185,00000000,3,0,1
459,459,0,00000000,00000000,000ee50f,3d1750e6,00000000,3d1750e6,00000000,00ee50fb,00000000,00000000,0063520a,00635185,00000000,3,0,1
460,460,0,00000000,00000000,000ee50f,3d1750e7,00000000,3d1750e7,00000000,00ee50fb,00000000,00000000,0063520a,00635185,00000000,3,0,1
461,461,0,00000000,00000000,000ee50f,3d1750e8,00000000,3d1750e8,00000000,00ee50fb,00000000,00000000,0063520a,00635185,00000000,3,0,1
462,462,0,00000000,00000000,000ee50f,3d1750e9,00000000,3d1750e9,00000000,00ee50fb,00000000,00000000,0063520a,00635185,00000000,3,0,1
463,463,0,00000000,00000000,000ee50f,3d1750ea,00000000,3d1750ea,00000000,00ee50fb,00000000,00000000,0063520a,00635185,00000000,3,0,1
464,464,0,00000000,00000000,000ee50f,3d1750eb,00000000,3d1750eb,00000000,00ee50fb,00000000,00000000,0063520a,00635185,00000000,3,0,1
465,465,0,00000000,00000000,000ee50f,3d1750ec,00000000,3d1750ec,00000000,00ee50fb,00000000,00000000,0063520a,00635185,00000000,3,0,1
466,466,0,00000000,00000000,000ee50f,3d1750ed,00000000,3d1750ed,00000000,00ee50fb,00000000,00000000,0063520a,00635185,00000000,3,0,1
467,467,0,00000000,00000000,000ee50f,3d1750ee,00000000,3d1750ee,00000000,00ee50fb,00000000,00000000,0063520a,00635185,00000000,3,0,1
468,468,0,00000000,00000000,000ee50f,3d1750ef,00000000,3d1750ef,00000000,00ee50fb,00000000,00000000,0063520a,00635185,00000000,3,0,1
469,469,0,00000000,00000000,000ee50f,3d1750f0,00000000,3d1750f0,00000000,00ee50fb,00000000,00000000,0063520a,00635185,00000000,3,0,1
470,470,0,00000000,00000000,000ee50f,3d1750f1,00000000,3d1750f1,00000000,00ee50fb,00000000,00000000,0063520a,00635185,00000000,3,0,1
471,471,0,00000000,00000000,000ee50f,3d1750f2,00000000,3d1750f2,00000000,00ee50fb,00000000,00000000,0063520a,00635185,00000000,3,0,1
472,472,0,00000000,00000000,000ee50f,3d1750f3,00000000,3d1750f3,00000000,00ee50fb,00000000,00000000,0063520a,00635185,00000000,3,0,1
473,473,0,00000000,00000000,000ee50f,3d1750f4,00000000,3d1750f4,00000000,00ee50fb,00000000,00000000,0063520a,00635185,00000000,3,0,1
474,474,0,00000000,00000000,000ee50f,3d1750f5,00000000,3d1750f5,00000000,00ee50fb,00000000,00000000,0063520a,00635185,00000000,3,0,1
475,475,0,00000000,00000000,000ee50f,3d1750f6,00000000,3d1750f6,00000000,00ee50fb,00000000,00000000,0063520a,00635185,00000000,3,0,1
476,476,0,00000000,00000000,000ee50f,3d1750f7,00000000,3d1750f7,00000000,00ee50fb,00000000,00000000,0063520a,00635185,00000000,3,0,1
477,477,0,00000000,00000000,000ee50f,3d1750f8,00000000,3d1750f8,00000000,00ee50fb,00000000,00000000,0063520a,00635185,00000000,3,0,1
478,478,0,00000000,00000000,000ee50f,3d1750f9,00000000,3d1750f9,00000000,00ee50fb,00000000,00000000,0063520a,00635185,00000000,3,0,1
479,479,0,00000000,00000000,000ee50f,3d1750fa,00000000,3d1750fa,00000000,00ee50fb,00000000,00000000,0063520a,00635185,00000000,3,0,1
480,480,0,00000000,00000000,000ee50f,3d1750fb,00000000,3d1750fb,00000000,00ee50fb,00000000,00000000,0063520a,00635185,00000000,3,0,1
481,481,0,00000000,00000000,000ee50f,3d1750fc,00000000,3d1750fc,00000000,00ee50fb,00000000,00000000,0063520a,00635185,00000000,3,0,1
482,482,0,00000000,00000000,000ee50f,3d1750fd,00000000,3d1750fd,00000000,00ee50fb,00000000,00000000,0063520a,00635185,00000000,3,0,1
483,483,0,00000000,00000000,000ee50f,3d1750fe,00000000,3d1750fe,00000000,00ee50fb,00000000,00000000,0063520a,00635185,00000000,3,0,1
484,484,0,00000000,00000000,000ee50f,3d1750ff,00000000,3d1750ff,00000000,00ee50fb,00000000,00000000,0063520a,00635185,00000000,3,0,1
485,485,0,00000000,00000000,000ee50f,3d175100,00000000,3d175100,00000000,00ee50fb,00000000,00000000,0063520a,00635185,00000000,3,0,1
486,486,0,00000000,00000000,000ee50f,3d175101,00000000,3d175101,00000000,00ee50fb,00000000,00000000,0063520a,00635185,00000000,3,0,1
487,487,0,00000000,00000000,000ee50f,3d175102,00000000,3d175102,00000000,00ee50fb,00000000,00000000,0063520a,00635185,00000000,3,0,1
488,488,0,00000000,00000000,000ee50f,3d175103,00000000,3d175103,00000000,00ee50fb,00000000,00000000,0063520a,00635185,00000000,3,0,1
489,489,0,00000000,00000000,000ee50f,3d175104,00000000,3d175104,00000000,00ee50fb,00000000,00000000,0063520a,00635185,00000000,3,0,1
490,490,0,00000000,00000000,000ee50f,3d175105,00000000,3d175105,00000000,00ee50fb,00000000,00000000,0063520a,00635185,00000000,3,0,1
491,491,0,00000000,00000000,000ee50f,3d175106,00000000,3d175106,00000000,00ee50fb,00000000,00000000,0063520a,00635185,00000000,3,0,1
492,492,0,00000000,00000000,000ee50f,3d175107,00000000,3d175107,00000000,00ee50fb,00000000,00000000,0063520a,00635185,00000000,3,0,1
493,493,0,00000000,00000000,000ee50f,3d175108,00000000,3d175108,00000000,00ee50fb,00000000,00000000,0063520a,00635185,00000000,3,0,1
494,494,0,00000000,00000000,000ee50f,3d175109,00000000,3d175109,00000000,00ee50fb,00000000,00000000,0063520a,00635185,00000000,3,0,1
495,495,0,00000000,00000000,000ee50f,3d17510a,00000000,3d17510a,00000000,00ee50fb,00000000,00000000,0063520a,00635185,00000000,3,0,1
496,496,0,00000000,00000000,000ee50f,3d17510b,00000000,3d17510b,00000000,00ee50fb,00000000,00000000,0063520a,00635185,00000000,3,0,1
497,497,0,00000000,00000000,000ee50f,3d17510c,00000000,3d17510c,00000000,00ee50fb,00000000,00000000,0063520a,00635185,00000000,3,0,1
498,498,0,00000000,00000000,000ee50f,3d17510d,00000000,3d17510d,00000000,00ee50fb,00000000,00000000,0063520a,00635185,00000000,3,0,1
499,499,0,00000000,00000000,000ee50f,3d17510e,00000000,3d17510e,00000000,00ee50fb,00000000,00000000,0063520a,00635185,00000000,3,0,1
500,500,0,00000000,00000000,000ee50f,3d17510f,00000000,3d17510f,00000000,00ee50fb,00000000,00000000,0063520a,00635185,00000000,3,0,1
501,501,0,00000000,00000000,000ee50f,3d175110,00000000,3d175110,00000000,00ee50fb,00000000,00000000,0063520a,00635185,00000000,3,0,1
502,502,0,00000000,00000000,000ee50f,3d175111,00000000,3d175111,00000000,00ee50fb,00000000,00000000,0063520a,00635185,00000000,3,0,1
503,503,0,00000000,00000000,000ee50f,3d175112,00000000,3d175112,00000000,00ee50fb,00000000,00000000,0063520a,00635185,00000000,3,0,1
504,504,0,00000000,00000000,000ee50f,3d175113,00000000,3d175113,00000000,00ee50fb,00000000,00000000,0063520a,00635185,00000000,3,0,1
505,505,0,00000000,00000000,000ee50f,3d175114,00000000,3d175114,00000000,00ee50fb,00000000,00000000,0063520a,00635185,00000000,3,0,1
506,506,0,00000000,00000000,000ee50f,3d175115,00000000,3d175115,00000000,00ee50fb,00000000,00000000,0063520a,00635185,00000000,3,0,1
507,507,0,00000000,00000000,000ee50f,3d175116,00000000,3d175116,00000000,00ee50fb,00000000,00000000,0063520a,00635185,00000000,3,0,1
508,508,0,00000000,00000000,000ee50f,3d175117,00000000,3d175117,00000000,00ee50fb,00000000,00000000,0063520a,00635185,00000000,3,0,1
509,509,0,00000000,00000000,000ee50f,3d175118,00000000,3d175118,00000000,00ee50fb,00000000,00000000,0063520a,00635185,00000000,3,0,1
510,510,0,00000000,00000000,000ee50f,3d175119,00000000,3d175119,00000000,00ee50fb,00000000,00000000,0063520a,00635185,00000000,3,0,1
511,511,0,00000000,00000000,000ee50f,3d17511a,00000000,3d17511a,00000000,00ee50fb,00000000,00000000,0063520a,00635185,00000000,3,0,1
512,512,1,00000000,00000000,000ee50f,3d17511b,00000000,3d17511b,00000000,00ee50fb,00000000,00000000,0063520a,00635185,00000000,3,0,1
513,513,0,00000000,00000000,000ee50f,3d17511c,00000000,3d17511c,00000000,00ee50fb,00000000,00000000,0063520a,00635185,00000000,3,0,1
514,514,0,00000000,00000000,000ee50f,3d17511d,00000000,3d17511d,00000000,00ee50fb,00000000,00000000,0063520a,00635185,00000000,3,0,1
515,515,0,00000000,00000000,000ee50f,3d17511e,00000000,3d17511e,00000000,00ee50fb,00000000,00000000,0063520a,00635185,00000000,3,0,1
516,516,0,00000000,00000000,000ee50f,3d17511f,00000000,3d17511f,00000000,00ee50fb,00000000,00000000,0063520a,00635185,00000000,3,0,1
517,517,0,00000000,00000000,000ee50f,3d175120,00000000,3d175120,00000000,00ee50fb,00000000,00000000,0063520a,00635185,00000000,3,0,1
518,518,0,00000000,00000000,000ee50f,3d175121,00000000,3d175121,00000000,00ee50fb,00000000,00000000,0063520a,00635185,00000000,3,0,1
519,519,0,00000000,00000000,000ee50f,3d175122,00000000,3d175122,00000000,00ee50fb,00000000,00000000,0063520a,00635185,00000000,3,0,1
520,520,0,00000000,00000000,000ee50f,3d175123,00000000,3d175123,00000000,00ee50fb,00000000,00000000,0063520a,00635185,00000000,3,0,1
521,521,0,00000000,00000000,000ee50f,3d175124,00000000,3d175124,00000000,00ee50fb,00000000,00000000,0063520a,00635185,00000000,3,0,1
522,522,0,00000000,00000000,000ee50f,3d175125,00000000,3d175125,00000000,00ee50fb,00000000,00000000,0063520a,00635185,00000000,3,0,1
523,523,0,00000000,00000000,000ee50f,3d175126,00000000,3d175126,00000000,00ee50fb,00000000,00000000,0063520a,00635185,00000000,3,0,1
524,524,0,00000000,00000000,000ee50f,3d175127,00000000,3d175127,00000000,00ee50fb,00000000,00000000,0063520a,00635185,00000000,3,0,1
525,525,0,00000000,00000000,000ee50f,3d175128,00000000,3d175128,00000000,00ee50fb,00000000,00000000,0063520a,00635185,00000000,3,0,1
526,526,0,00000000,00000000,000ee50f,3d175129,00000000,3d175129,00000000,00ee50fb,00000000,00000000,0063520a,00635185,00000000,3,0,1
527,527,0,00000000,00000000,000ee50f,3d17512a,00000000,3d17512a,00000000,00ee50fb,00000000,00000000,0063520a,00635185,00000000,3,0,1
528,528,0,00000000,00000000,000ee50f,3d17512b,00000000,3d17512b,00000000,00ee50fb,00000000,00000000,0063520a,00635185,00000000,3,0,1
529,529,0,00000000,00000000,000ee50f,3d17512c,00000000,3d17512c,00000000,00ee50fb,00000000,00000000,0063520a,00635185,00000000,3,0,1
530,530,0,00000000,00000000,000ee50f,3d17512d,00000000,3d17512d,00000000,00ee50fb,00000000,00000000,0063520a,00635185,00000000,3,0,1
531,531,0,00000000,00000000,000ee50f,3d17512e,00000000,3d17512e,00000000,00ee50fb,00000000,00000000,0063520a,00635185,00000000,3,0,1
532,532,0,00000000,00000000,000ee50f,3d17512f,00000000,3d17512f,00000000,00ee50fb,00000000,00000000,0063520a,00635185,00000000,3,0,1
533,533,0,00000000,00000000,000ee50f,3d175130,00000000,3d175130,00000000,00ee50fb,00000000,00000000,0063520a,00635185,00000000,3,0,1
534,534,0,00000000,00000000,000ee50f,3d175131,00000000,3d175131,00000000,00ee50fb,00000000,00000000,0063520a,00635185,00000000,3,0,1
535,535,0,00000000,00000000,000ee50f,3d175132,00000000,3d175132,00000000,00ee50fb,00000000,00000000,0063520a,00635185,00000000,3,0,1
536,536,0,00000000,00000000,000ee50f,3d175133,00000000,3d175133,00000000,00ee50fb,00000000,00000000,0063520a,00635185,00000000,3,0,1
537,537,0,00000000,00000000,000ee50f,3d175134,00000000,3d175134,00000000,00ee50fb,00000000,00000000,0063520a,00635185,00000000,3,0,1
538,538,0,00000000,00000000,000ee50f,3d175135,00000000,3d175135,00000000,00ee50fb,00000000,00000000,0063520a,00635185,00000000,3,0,1
539,539,0,00000000,00000000,000ee50f,3d175136,00000000,3d175136,00000000,00ee50fb,00000000,00000000,0063520a,00635185,00000000,3,0,1
540,540,0,00000000,00000000,000ee50f,3d175137,00000000,3d175137,00000000,00ee50fb,00000000,00000000,0063520a,00635185,00000000,3,0,1
541,541,0,00000000,00000000,000ee50f,3d175138,00000000,3d175138,00000000,00ee50fb,00000000,00000000,0063520a,00635185,00000000,3,0,1
542,542,0,00000000,00000000,000ee50f,3d175139,00000000,3d175139,00000000,00ee50fb,00000000,00000000,0063520a,00635185,00000000,3,0,1
543,543,0,00000000,00000000,000ee50f,3d17513a,00000000,3d17513a,00000000,00ee50fb,00000000,00000000,0063520a,00635185,00000000,3,0,1
544,544,0,00000000,00000000,000ee50f,3d17513b,00000000,3d17513b,00000000,00ee50fb,00000000,00000000,0063520a,00635185,00000000,3,0,1
545,545,0,00000000,00000000,000ee50f,3d17513c,00000000,3d17513c,00000000,00ee50fb,00000000,00000000,0063520a,00635185,00000000,3,0,1
546,546,0,00000000,00000000,000ee50f,3d17513d,00000000,3d17513d,00000000,00ee50fb,00000000,00000000,0063520a,00635185,00000000,3,0,1
547,547,0,00000000,00000000,000ee50f,3d17513e,00000000,3d17513e,00000000,00ee50fb,00000000,00000000,0063520a,00635185,00000000,3,0,1
548,548,0,00000000,00000000,000ee50f,3d17513f,00000000,3d17513f,00000000,00ee50fb,00000000,00000000,0063520a,00635185,00000000,3,0,1
549,549,0,00000000,00000000,000ee50f,3d175140,00000000,3d175140,00000000,00ee50fb,00000000,00000000,0063520a,00635185,00000000,3,0,1
550,550,0,00000000,00000000,000ee50f,3d175141,00000000,3d175141,00000000,00ee50fb,00000000,00000000,0063520a,00635185,00000000,3,0,1
551,551,0,00000000,00000000,000ee50f,3d175142,00000000,3d175142,00000000,00ee50fb,00000000,00000000,0063520a,00635185,00000000,3,0,1
552,552,0,00000000,00000000,000ee50f,3d175143,00000000,3d175143,00000000,00ee50fb,00000000,00000000,0063520a,00635185,00000000,3,0,1
553,553,0,00000000,00000000,000ee50f,3d175144,00000000,3d175144,00000000,00ee50fb,00000000,00000000,0063520a,00635185,00000000,3,0,1
554,554,0,00000000,00000000,000ee50f,3d175145,00000000,3d175145,00000000,00ee50fb,00000000,00000000,0063520a,00635185,00000000,3,0,1
555,555,0,00000000,00000000,000ee50f,3d175146,00000000,3d175146,00000000,00ee50fb,00000000,00000000,0063520a,00635185,00000000,3,0,1
556,556,0,00000000,00000000,000ee50f,3d175147,00000000,3d175147,00000000,00ee50fb,00000000,00000000,0063520a,00635185,00000000,3,0,1
557,557,0,00000000,00000000,000ee50f,3d175148,00000000,3d175148,00000000,00ee50fb,00000000,00000000,0063520a,00635185,00000000,3,0,1
558,558,0,00000000,00000000,000ee50f,3d175149,00000000,3d175149,00000000,00ee50fb,00000000,00000000,0063520a,00635185,00000000,3,0,1
559,559,0,00000000,00000000,000ee50f,3d17514a,00000000,3d17514a,00000000,00ee50fb,00000000,00000000,0063520a,00635185,00000000,3,0,1
560,560,0,00000000,00000000,000ee50f,3d17514b,00000000,3d17514b,00000000,00ee50fb,00000000,00000000,0063520a,00635185,00000000,3,0,1
561,561,0,00000000,00000000,000ee50f,3d17514c,00000000,3d17514c,00000000,00ee50fb,00000000,00000000,0063520a,00635185,00000000,3,0,1
562,562,0,00000000,00000000,000ee50f,3d17514d,00000000,3d17514d,00000000,00ee50fb,00000000,00000000,0063520a,00635185,00000000,3,0,1
563,563,0,00000000,00000000,000ee50f,3d17514e,00000000,3d17514e,00000000,00ee50fb,00000000,00000000,0063520a,00635185,00000000,3,0,1
564,564,0,00000000,00000000,000ee50f,3d17514f,00000000,3d17514f,00000000,00ee50fb,00000000,00000000,0063520a,00635185,00000000,3,0,1
565,565,0,00000000,00000000,000ee50f,3d175150,00000000,3d175150,00000000,00ee50fb,00000000,00000000,0063520a,00635185,00000000,3,0,1
566,566,0,00000000,00000000,000ee50f,3d175151,00000000,3d175151,00000000,00ee50fb,00000000,00000000,0063520a,00635185,00000000,3,0,1
567,567,0,00000000,00000000,000ee50f,3d175152,00000000,3d175152,00000000,00ee50fb,00000000,00000000,0063520a,00635185,00000000,3,0,1
568,568,0,00000000,00000000,000ee50f,3d175153,00000000,3d175153,00000000,00ee50fb,00000000,00000000,0063520a,00635185,00000000,3,0,1
569,569,0,00000000,00000000,000ee50f,3d175154,00000000,3d175154,00000000,00ee50fb,00000000,00000000,0063520a,00635185,00000000,3,0,1
570,570,0,00000000,00000000,000ee50f,3d175155,00000000,3d175155,00000000,00ee50fb,00000000,00000000,0063520a,00635185,00000000,3,0,1
571,571,0,00000000,00000000,000ee50f,3d175156,00000000,3d175156,00000000,00ee50fb,00000000,00000000,0063520a,00635185,00000000,3,0,1
572,572,0,00000000,00000000,000ee50f,3d175157,00000000,3d175157,00000000,00ee50fb,00000000,00000000,0063520a,00635185,00000000,3,0,1
573,573,0,00000000,00000000,000ee50f,3d175158,00000000,3d175158,00000000,00ee50fb,00000000,00000000,0063520a,00635185,00000000,3,0,1
574,574,0,00000000,00000000,000ee50f,3d175159,00000000,3d175159,00000000,00ee50fb,00000000,00000000,0063520a,00635185,00000000,3,0,1
575,575,0,00000000,00000000,000ee50f,3d17515a,00000000,3d17515a,00000000,00ee50fb,00000000,00000000,0063520a,00635185,00000000,3,0,1
576,576,0,00000000,00000000,000ee50f,3d17515b,00000000,3d17515b,00000000,00ee50fb,00000000,00000000,0063520a,00635185,00000000,3,0,1
577,577,0,00000000,00000000,000ee50f,3d17515c,00000000,3d17515c,00000000,00ee50fb,00000000,00000000,0063520a,00635185,00000000,3,0,1
578,578,0,00000000,00000000,000ee50f,3d17515d,00000000,3d17515d,00000000,00ee50fb,00000000,00000000,0063520a,00635185,00000000,3,0,1
579,579,0,00000000,00000000,000ee50f,3d17515e,00000000,3d17515e,00000000,00ee50fb,00000000,00000000,0063520a,00635185,00000000,3,0,1
580,580,0,00000000,00000000,000ee50f,3d17515f,00000000,3d17515f,00000000,00ee50fb,00000000,00000000,0063520a,00635185,00000000,3,0,1
581,581,0,00000000,00000000,000ee50f,3d175160,00000000,3d175160,00000000,00ee50fb,00000000,00000000,0063520a,00635185,00000000,3,0,1
582,582,0,00000000,00000000,000ee50f,3d175161,00000000,3d175161,00000000,00ee50fb,00000000,00000000,0063520a,00635185,00000000,3,0,1
583,583,0,00000000,00000000,000ee50f,3d175162,00000000,3d175162,00000000,00ee50fb,00000000,00000000,0063520a,00635185,00000000,3,0,1
584,584,0,00000000,00000000,000ee50f,3d175163,00000000,3d175163,00000000,00ee50fb,00000000,00000000,0063520a,00635185,00000000,3,0,1
585,585,0,00000000,00000000,000ee50f,3d175164,00000000,3d175164,00000000,00ee50fb,00000000,00000000,0063520a,00635185,00000000,3,0,1
586,586,0,00000000,00000000,000ee50f,3d175165,00000000,3d175165,00000000,00ee50fb,00000000,00000000,0063520a,00635185,00000000,3,0,1
587,587,0,00000000,00000000,000ee50f,3d175166,00000000,3d175166,00000000,00ee50fb,00000000,00000000,0063520a,00635185,00000000,3,0,1
588,588,0,00000000,00000000,000ee50f,3d175167,00000000,3d175167,00000000,00ee50fb,00000000,00000000,0063520a,00635185,00000000,3,0,1
589,589,0,00000000,00000000,000ee50f,3d175168,00000000,3d175168,00000000,00ee50fb,00000000,00000000,0063520a,00635185,00000000,3,0,1
590,590,0,00000000,00000000,000ee50f,3d175169,00000000,3d175169,00000000,00ee50fb,00000000,00000000,0063520a,00635185,00000000,3,0,1
591,591,0,00000000,00000000,000ee50f,3d17516a,00000000,3d17516a,00000000,00ee50fb,00000000,00000000,0063520a,00635185,00000000,3,0,1
592,592,0,00000000,00000000,000ee50f,3d17516b,00000000,3d17516b,00000000,00ee50fb,00000000,00000000,0063520a,00635185,00000000,3,0,1
593,593,0,00000000,00000000,000ee50f,3d17516c,00000000,3d17516c,00000000,00ee50fb,00000000,00000000,0063520a,00635185,00000000,3,0,1
594,594,0,00000000,00000000,000ee50f,3d17516d,00000000,3d17516d,00000000,00ee50fb,00000000,00000000,0063520a,00635185,00000000,3,0,1
595,595,0,00000000,00000000,000ee50f,3d17516e,00000000,3d17516e,00000000,00ee50fb,00000000,00000000,0063520a,00635185,00000000,3,0,1
596,596,0,00000000,00000000,000ee50f,3d17516f,00000000,3d17516f,00000000,00ee50fb,00000000,00000000,0063520a,00635185,00000000,3,0,1
597,597,0,00000000,00000000,000ee50f,3d175170,00000000,3d175170,00000000,00ee50fb,00000000,00000000,0063520a,00635185,00000000,3,0,1
598,598,0,00000000,00000000,000ee50f,3d175171,00000000,3d175171,00000000,00ee50fb,00000000,00000000,0063520a,00635185,00000000,3,0,1
599,599,0,00000000,00000000,000ee50f,3d175172,00000000,3d175172,00000000,00ee50fb,00000000,00000000,0063520a,00635185,00000000,3,0,1
600,600,0,00000000,00000000,000ee50f,3d175173,00000000,3d175173,00000000,00ee50fb,00000000,00000000,0063520a,00635185,00000000,3,0,1
601,601,0,00000000,00000000,000ee50f,3d175174,00000000,3d175174,00000000,00ee50fb,00000000,00000000,0063520a,00635185,00000000,3,0,1
602,602,0,00000000,00000000,000ee50f,3d175175,00000000,3d175175,00000000,00ee50fb,00000000,00000000,0063520a,00635185,00000000,3,0,1
603,603,0,00000000,00000000,000ee50f,3d175176,00000000,3d175176,00000000,00ee50fb,00000000,00000000,0063520a,00635185,00000000,3,0,1
604,604,0,00000000,00000000,000ee50f,3d175177,00000000,3d175177,00000000,00ee50fb,00000000,00000000,0063520a,00635185,00000000,3,0,1
605,605,0,00000000,00000000,000ee50f,3d175178,00000000,3d175178,00000000,00ee50fb,00000000,00000000,0063520a,00635185,00000000,3,0,1
606,606,0,00000000,00000000,000ee50f,3d175179,00000000,3d175179,00000000,00ee50fb,00000000,00000000,0063520a,00635185,00000000,3,0,1
607,607,0,00000000,00000000,000ee50f,3d17517a,00000000,3d17517a,00000000,00ee50fb,00000000,00000000,0063520a,00635185,00000000,3,0,1
608,608,0,00000000,00000000,000ee50f,3d17517b,00000000,3d17517b,00000000,00ee50fb,00000000,00000000,0063520a,00635185,00000000,3,0,1
609,609,0,00000000,00000000,000ee50f,3d17517c,00000000,3d17517c,00000000,00ee50fb,00000000,00000000,0063520a,00635185,00000000,3,0,1
610,610,0,00000000,00000000,000ee50f,3d17517d,00000000,3d17517d,00000000,00ee50fb,00000000,00000000,0063520a,00635185,00000000,3,0,1
611,611,0,00000000,00000000,000ee50f,3d17517e,00000000,3d17517e,00000000,00ee50fb,00000000,00000000,0063520a,00635185,00000000,3,0,1
612,612,0,00000000,00000000,000ee50f,3d17517f,00000000,3d17517f,00000000,00ee50fb,00000000,00000000,0063520a,00635185,00000000,3,0,1
613,613,0,00000000,00000000,000ee50f,3d175180,00000000,3d175180,00000000,00ee50fb,00000000,00000000,0063520a,00635185,00000000,3,0,1
614,614,0,00000000,00000000,000ee50f,3d175181,00000000,3d175181,00000000,00ee50fb,00000000,00000000,0063520a,00635185,00000000,3,0,1
615,615,0,00000000,00000000,000ee50f,3d175182,00000000,3d175182,00000000,00ee50fb,00000000,00000000,0063520a,00635185,00000000,3,0,1
616,616,0,00000000,00000000,000ee50f,3d175183,00000000,3d175183,00000000,00ee50fb,00000000,00000000,0063520a,00635185,00000000,3,0,1
617,617,0,00000000,00000000,000ee50f,3d175184,00000000,3d175184,00000000,00ee50fb,00000000,00000000,0063520a,00635185,00000000,3,0,1
618,618,0,00000000,00000000,000ee50f,3d175185,00000000,3d175185,00000000,00ee50fb,00000000,00000000,0063520a,00635185,00000000,3,0,1
619,619,0,00000000,00000000,000ee50f,3d175186,00000000,3d175186,00000000,00ee50fb,00000000,00000000,0063520a,00635185,00000000,3,0,1
620,620,0,00000000,00000000,000ee50f,3d175187,00000000,3d175187,00000000,00ee50fb,00000000,00000000,0063520a,00635185,00000000,3,0,1
621,621,0,00000000,00000000,000ee50f,3d175188,00000000,3d175188,00000000,00ee50fb,00000000,00000000,0063520a,00635185,00000000,3,0,1
622,622,0,00000000,00000000,000ee50f,3d175189,00000000,3d175189,00000000,00ee50fb,00000000,00000000,0063520a,00635185,00000000,3,0,1
623,623,0,00000000,00000000,000ee50f,3d17518a,00000000,3d17518a,00000000,00ee50fb,00000000,00000000,0063520a,00635185,00000000,3,0,1
624,624,0,00000000,00000000,000ee50f,3d17518b,00000000,3d17518b,00000000,00ee50fb,00000000,00000000,0063520a,00635185,00000000,3,0,1
625,625,0,00000000,00000000,000ee50f,3d17518c,00000000,3d17518c,00000000,00ee50fb,00000000,00000000,0063520a,00635185,00000000,3,0,1
626,626,0,00000000,00000000,000ee50f,3d17518d,00000000,3d17518d,00000000,00ee50fb,00000000,00000000,0063520a,00635185,00000000,3,0,1
627,627,0,00000000,00000000,000ee50f,3d17518e,00000000,3d17518e,00000000,00ee50fb,00000000,00000000,0063520a,00635185,00000000,3,0,1
628,628,0,00000000,00000000,000ee50f,3d17518f,00000000,3d17518f,00000000,00ee50fb,00000000,00000000,0063520a,00635185,00000000,3,0,1
629,629,0,00000000,00000000,000ee50f,3d175190,00000000,3d175190,00000000,00ee50fb,00000000,00000000,0063520a,00635185,00000000,3,0,1
630,630,0,00000000,00000000,000ee50f,3d175191,00000000,3d175191,00000000,00ee50fb,00000000,00000000,0063520a,00635185,00000000,3,0,1
631,631,0,00000000,00000000,000ee50f,3d175192,00000000,3d175192,00000000,00ee50fb,00000000,00000000,0063520a,00635185,00000000,3,0,1
632,632,0,00000000,00000000,000ee50f,3d175193,00000000,3d175193,00000000,00ee50fb,00000000,00000000,0063520a,00635185,00000000,3,0,1
633,633,0,00000000,00000000,000ee50f,3d175194,00000000,3d175194,00000000,00ee50fb,00000000,00000000,0063520a,00635185,00000000,3,0,1
634,634,0,00000000,00000000,000ee50f,3d175195,00000000,3d175195,00000000,00ee50fb,00000000,00000000,0063520a,00635185,00000000,3,0,1
635,635,0,00000000,00000000,000ee50f,3d175196,00000000,3d175196,00000000,00ee50fb,00000000,00000000,0063520a,00635185,00000000,3,0,1
636,636,0,00000000,00000000,000ee50f,3d175197,00000000,3d175197,00000000,00ee50fb,00000000,00000000,0063520a,00635185,00000000,3,0,1
637,637,0,00000000,00000000,000ee50f,3d175198,00000000,3d175198,00000000,00ee50fb,00000000,00000000,0063520a,00635185,00000000,3,0,1
638,638,0,00000000,00000000,000ee50f,3d175199,00000000,3d175199,00000000,00ee50fb,00000000,00000000,0063520a,00635185,00000000,3,0,1
639,639,0,00000000,00000000,000ee50f,3d17519a,00000000,3d17519a,00000000,00ee50fb,00000000,00000000,0063520a,00635185,00000000,3,0,1
640,640,0,00000000,00000000,000ee50f,3d17519b,00000000,3d17519b,00000000,00ee50fb,00000000,00000000,0063520a,00635185,00000000,3,0,1
641,641,0,00000000,00000000,000ee50f,3d17519c,00000000,3d17519c,00000000,00ee50fb,00000000,00000000,0063520a,00635185,00000000,3,0,1
642,642,0,00000000,00000000,000ee50f,3d17519d,00000000,3d17519d,00000000,00ee50fb,00000000,00000000,0063520a,00635185,00000000,3,0,1
643,643,0,00000000,00000000,000ee50f,3d17519e,00000000,3d17519e,00000000,00ee50fb,00000000,00000000,0063520a,00635185,00000000,3,0,1
644,644,0,00000000,00000000,000ee50f,3d17519f,00000000,3d17519f,00000000,00ee50fb,00000000,00000000,0063520a,00635185,00000000,3,0,1
645,645,0,00000000,00000000,000ee50f,3d1751a0,00000000,3d1751a0,00000000,00ee50fb,00000000,00000000,0063520a,00635185,00000000,3,0,1
646,646,0,00000000,00000000,000ee50f,3d1751a1,00000000,3d1751a1,00000000,00ee50fb,00000000,00000000,0063520a,00635185,00000000,3,0,1
647,647,0,00000000,00000000,000ee50f,3d1751a2,00000000,3d1751a2,00000000,00ee50fb,00000000,00000000,0063520a,00635185,00000000,3,0,1
648,648,0,00000000,00000000,000ee50f,3d1751a3,00000000,3d1751a3,00000000,00ee50fb,00000000,00000000,0063520a,00635185,00000000,3,0,1
649,649,0,00000000,00000000,000ee50f,3d1751a4,00000000,3d1751a4,00000000,00ee50fb,00000000,00000000,0063520a,00635185,00000000,3,0,1
650,650,0,00000000,00000000,000ee50f,3d1751a5,00000000,3d1751a5,00000000,00ee50fb,00000000,00000000,0063520a,00635185,00000000,3,0,1
651,651,0,00000000,00000000,000ee50f,3d1751a6,00000000,3d1751a6,00000000,00ee50fb,00000000,00000000,0063520a,00635185,00000000,3,0,1
652,652,0,00000000,00000000,000ee50f,3d1751a7,00000000,3d1751a7,00000000,00ee50fb,00000000,00000000,0063520a,00635185,00000000,3,0,1
653,653,0,00000000,00000000,000ee50f,3d1751a8,00000000,3d1751a8,00000000,00ee50fb,00000000,00000000,0063520a,00635185,00000000,3,0,1
654,654,0,00000000,00000000,000ee50f,3d1751a9,00000000,3d1751a9,00000000,00ee50fb,00000000,00000000,0063520a,00635185,00000000,3,0,1
655,655,0,00000000,00000000,000ee50f,3d1751aa,00000000,3d1751aa,00000000,00ee50fb,00000000,00000000,0063520a,00635185,00000000,3,0,1
656,656,0,00000000,00000000,000ee50f,3d1751ab,00000000,3d1751ab,00000000,00ee50fb,00000000,00000000,0063520a,00635185,00000000,3,0,1
657,657,0,00000000,00000000,000ee50f,3d1751ac,00000000,3d1751ac,00000000,00ee50fb,00000000,00000000,0063520a,00635185,00000000,3,0,1
658,658,0,00000000,00000000,000ee50f,3d1751ad,00000000,3d1751ad,00000000,00ee50fb,00000000,00000000,0063520a,00635185,00000000,3,0,1
659,659,0,00000000,00000000,000ee50f,3d1751ae,00000000,3d1751ae,00000000,00ee50fb,00000000,00000000,0063520a,00635185,00000000,3,0,1
660,660,0,00000000,00000000,000ee50f,3d1751af,00000000,3d1751af,00000000,00ee50fb,00000000,00000000,0063520a,00635185,00000000,3,0,1
661,661,0,00000000,00000000,000ee50f,3d1751b0,00000000,3d1751b0,00000000,00ee50fb,00000000,00000000,0063520a,00635185,00000000,3,0,1
662,662,0,00000000,00000000,000ee50f,3d1751b1,00000000,3d1751b1,00000000,00ee50fb,00000000,00000000,0063520a,00635185,00000000,3,0,1
663,663,0,00000000,00000000,000ee50f,3d1751b2,00000000,3d1751b2,00000000,00ee50fb,00000000,00000000,0063520a,00635185,00000000,3,0,1
664,664,0,00000000,00000000,000ee50f,3d1751b3,00000000,3d1751b3,00000000,00ee50fb,00000000,00000000,0063520a,00635185,00000000,3,0,1
665,665,0,00000000,00000000,000ee50f,3d1751b4,00000000,3d1751b4,00000000,00ee50fb,00000000,00000000,0063520a,00635185,00000000,3,0,1
666,666,0,00000000,00000000,000ee50f,3d1751b5,00000000,3d1751b5,00000000,00ee50fb,00000000,00000000,0063520a,00635185,00000000,3,0,1
667,667,0,00000000,00000000,000ee50f,3d1751b6,00000000,3d1751b6,00000000,00ee50fb,00000000,00000000,0063520a,00635185,00000000,3,0,1
668,668,0,00000000,00000000,000ee50f,3d1751b7,00000000,3d1751b7,00000000,00ee50fb,00000000,00000000,0063520a,00635185,00000000,3,0,1
669,669,0,00000000,00000000,000ee50f,3d1751b8,00000000,3d1751b8,00000000,00ee50fb,00000000,00000000,0063520a,00635185,00000000,3,0,1
670,670,0,00000000,00000000,000ee50f,3d1751b9,00000000,3d1751b9,00000000,00ee50fb,00000000,00000000,0063520a,00635185,00000000,3,0,1
671,671,0,00000000,00000000,000ee50f,3d1751ba,00000000,3d1751ba,00000000,00ee50fb,00000000,00000000,0063520a,00635185,00000000,3,0,1
672,672,0,00000000,00000000,000ee50f,3d1751bb,00000000,3d1751bb,00000000,00ee50fb,00000000,00000000,0063520a,00635185,00000000,3,0,1
673,673,0,00000000,00000000,000ee50f,3d1751bc,00000000,3d1751bc,00000000,00ee50fb,00000000,00000000,0063520a,00635185,00000000,3,0,1
674,674,0,00000000,00000000,000ee50f,3d1751bd,00000000,3d1751bd,00000000,00ee50fb,00000000,00000000,0063520a,00635185,00000000,3,0,1
675,675,0,00000000,00000000,000ee50f,3d1751be,00000000,3d1751be,00000000,00ee50fb,00000000,00000000,0063520a,00635185,00000000,3,0,1
676,676,0,00000000,00000000,000ee50f,3d1751bf,00000000,3d1751bf,00000000,00ee50fb,00000000,00000000,0063520a,00635185,00000000,3,0,1
677,677,0,00000000,00000000,000ee50f,3d1751c0,00000000,3d1751c0,00000000,00ee50fb,00000000,00000000,0063520a,00635185,00000000,3,0,1
678,678,0,00000000,00000000,000ee50f,3d1751c1,00000000,3d1751c1,00000000,00ee50fb,00000000,00000000,0063520a,00635185,00000000,3,0,1
679,679,0,00000000,00000000,000ee50f,3d1751c2,00000000,3d1751c2,00000000,00ee50fb,00000000,00000000,0063520a,00635185,00000000,3,0,1
680,680,0,00000000,00000000,000ee50f,3d1751c3,00000000,3d1751c3,00000000,00ee50fb,00000000,00000000,0063520a,00635185,00000000,3,0,1
681,681,0,00000000,00000000,000ee50f,3d1751c4,00000000,3d1751c4,00000000,00ee50fb,00000000,00000000,0063520a,00635185,00000000,3,0,1
682,682,0,00000000,00000000,000ee50f,3d1751c5,00000000,3d1751c5,00000000,00ee50fb,00000000,00000000,0063520a,00635185,00000000,3,0,1
683,683,0,00000000,00000000,000ee50f,3d1751c6,00000000,3d1751c6,00000000,00ee50fb,00000000,00000000,0063520a,00635185,00000000,3,0,1
684,684,0,00000000,00000000,000ee50f,3d1751c7,00000000,3d1751c7,00000000,00ee50fb,00000000,00000000,0063520a,00635185,00000000,3,0,1
685,685,0,00000000,00000000,000ee50f,3d1751c8,00000000,3d1751c8,00000000,00ee50fb,00000000,00000000,0063520a,00635185,00000000,3,0,1
686,686,0,00000000,00000000,000ee50f,3d1751c9,00000000,3d1751c9,00000000,00ee50fb,00000000,00000000,0063520a,00635185,00000000,3,0,1
687,687,0,00000000,00000000,000ee50f,3d1751ca,00000000,3d1751ca,00000000,00ee50fb,00000000,00000000,0063520a,00635185,00000000,3,0,1
688,688,0,00000000,00000000,000ee50f,3d1751cb,00000000,3d1751cb,00000000,00ee50fb,00000000,00000000,0063520a,00635185,00000000,3,0,1
689,689,0,00000000,00000000,000ee50f,3d1751cc,00000000,3d1751cc,00000000,00ee50fb,00000000,00000000,0063520a,00635185,00000000,3,0,1
690,690,0,00000000,00000000,000ee50f,3d1751cd,00000000,3d1751cd,00000000,00ee50fb,00000000,00000000,0063520a,00635185,00000000,3,0,1
691,691,0,00000000,00000000,000ee50f,3d1751ce,00000000,3d1751ce,00000000,00ee50fb,00000000,00000000,0063520a,00635185,00000000,3,0,1
692,692,0,00000000,00000000,000ee50f,3d1751cf,00000000,3d1751cf,00000000,00ee50fb,00000000,00000000,0063520a,00635185,00000000,3,0,1
693,693,0,00000000,00000000,000ee50f,3d1751d0,00000000,3d1751d0,00000000,00ee50fb,00000000,00000000,0063520a,00635185,00000000,3,0,1
694,694,0,00000000,00000000,000ee50f,3d1751d1,00000000,3d1751d1,00000000,00ee50fb,00000000,00000000,0063520a,00635185,00000000,3,0,1
695,695,0,00000000,00000000,000ee50f,3d1751d2,00000000,3d1751d2,00000000,00ee50fb,00000000,00000000,0063520a,00635185,00000000,3,0,1
696,696,0,00000000,00000000,000ee50f,3d1751d3,00000000,3d1751d3,00000000,00ee50fb,00000000,00000000,0063520a,00635185,00000000,3,0,1
697,697,0,00000000,00000000,000ee50f,3d1751d4,00000000,3d1751d4,00000000,00ee50fb,00000000,00000000,0063520a,00635185,00000000,3,0,1
698,698,0,00000000,00000000,000ee50f,3d1751d5,00000000,3d1751d5,00000000,00ee50fb,00000000,00000000,0063520a,00635185,00000000,3,0,1
699,699,0,00000000,00000000,000ee50f,3d1751d6,00000000,3d1751d6,00000000,00ee50fb,00000000,00000000,0063520a,00635185,00000000,3,0,1
700,700,0,00000000,00000000,000ee50f,3d1751d7,00000000,3d1751d7,00000000,00ee50fb,00000000,00000000,0063520a,00635185,00000000,3,0,1
701,701,0,00000000,00000000,000ee50f,3d1751d8,00000000,3d1751d8,00000000,00ee50fb,00000000,00000000,0063520a,00635185,00000000,3,0,1
702,702,0,00000000,00000000,000ee50f,3d1751d9,00000000,3d1751d9,00000000,00ee50fb,00000000,00000000,0063520a,00635185,00000000,3,0,1
703,703,0,00000000,00000000,000ee50f,3d1751da,00000000,3d1751da,00000000,00ee50fb,00000000,00000000,0063520a,00635185,00000000,3,0,1
704,704,0,00000000,00000000,000ee50f,3d1751db,00000000,3d1751db,00000000,00ee50fb,00000000,00000000,0063520a,00635185,00000000,3,0,1
705,705,0,00000000,00000000,000ee50f,3d1751dc,00000000,3d1751dc,00000000,00ee50fb,00000000,00000000,0063520a,00635185,00000000,3,0,1
706,706,0,00000000,00000000,000ee50f,3d1751dd,00000000,3d1751dd,00000000,00ee50fb,00000000,00000000,0063520a,00635185,00000000,3,0,1
707,707,0,00000000,00000000,000ee50f,3d1751de,00000000,3d1751de,00000000,00ee50fb,00000000,00000000,0063520a,00635185,00000000,3,0,1
708,708,0,00000000,00000000,000ee50f,3d1751df,00000000,3d1751df,00000000,00ee50fb,00000000,00000000,0063520a,00635185,00000000,3,0,1
709,709,0,00000000,00000000,000ee50f,3d1751e0,00000000,3d1751e0,00000000,00ee50fb,00000000,00000000,0063520a,00635185,00000000,3,0,1
710,710,0,00000000,00000000,000ee50f,3d1751e1,00000000,3d1751e1,00000000,00ee50fb,00000000,00000000,0063520a,00635185,00000000,3,0,1
711,711,0,00000000,00000000,000ee50f,3d1751e2,00000000,3d1751e2,00000000,00ee50fb,00000000,00000000,0063520a,00635185,00000000,3,0,1
712,712,0,00000000,00000000,000ee50f,3d1751e3,00000000,3d1751e3,00000000,00ee50fb,00000000,00000000,0063520a,00635185,00000000,3,0,1
713,713,0,00000000,00000000,000ee50f,3d1751e4,00000000,3d1751e4,00000000,00ee50fb,00000000,00000000,0063520a,00635185,00000000,3,0,1
714,714,0,00000000,00000000,000ee50f,3d1751e5,00000000,3d1751e5,00000000,00ee50fb,00000000,00000000,0063520a,00635185,00000000,3,0,1
715,715,0,00000000,00000000,000ee50f,3d1751e6,00000000,3d1751e6,00000000,00ee50fb,00000000,00000000,0063520a,00635185,00000000,3,0,1
716,716,0,00000000,00000000,000ee50f,3d1751e7,00000000,3d1751e7,00000000,00ee50fb,00000000,00000000,0063520a,00635185,00000000,3,0,1
717,717,0,00000000,00000000,000ee50f,3d1751e8,00000000,3d1751e8,00000000,00ee50fb,00000000,00000000,0063520a,00635185,00000000,3,0,1
718,718,0,00000000,00000000,000ee50f,3d1751e9,00000000,3d1751e9,00000000,00ee50fb,00000000,00000000,0063520a,00635185,00000000,3,0,1
719,719,0,00000000,00000000,000ee50f,3d1751ea,00000000,3d1751ea,00000000,00ee50fb,00000000,00000000,0063520a,00635185,00000000,3,0,1
720,720,0,00000000,00000000,000ee50f,3d1751eb,00000000,3d1751eb,00000000,00ee50fb,00000000,00000000,0063520a,00635185,00000000,3,0,1
721,721,0,00000000,00000000,000ee50f,3d1751ec,00000000,3d1751ec,00000000,00ee50fb,00000000,00000000,0063520a,00635185,00000000,3,0,1
722,722,0,00000000,00000000,000ee50f,3d1751ed,00000000,3d1751ed,00000000,00ee50fb,00000000,00000000,0063520a,00635185,00000000,3,0,1
723,723,0,00000000,00000000,000ee50f,3d1751ee,00000000,3d1751ee,00000000,00ee50fb,00000000,00000000,0063520a,00635185,00000000,3,0,1
724,724,0,00000000,00000000,000ee50f,3d1751ef,00000000,3d1751ef,00000000,00ee50fb,00000000,00000000,0063520a,00635185,00000000,3,0,1
725,725,0,00000000,00000000,000ee50f,3d1751f0,00000000,3d1751f0,00000000,00ee50fb,00000000,00000000,0063520a,00635185,00000000,3,0,1
726,726,0,00000000,00000000,000ee50f,3d1751f1,00000000,3d1751f1,00000000,00ee50fb,00000000,00000000,0063520a,00635185,00000000,3,0,1
727,727,0,00000000,00000000,000ee50f,3d1751f2,00000000,3d1751f2,00000000,00ee50fb,00000000,00000000,0063520a,00635185,00000000,3,0,1
728,728,0,00000000,00000000,000ee50f,3d1751f3,00000000,3d1751f3,00000000,00ee50fb,00000000,00000000,0063520a,00635185,00000000,3,0,1
729,729,0,00000000,00000000,000ee50f,3d1751f4,00000000,3d1751f4,00000000,00ee50fb,00000000,00000000,0063520a,00635185,00000000,3,0,1
730,730,0,00000000,00000000,000ee50f,3d1751f5,00000000,3d1751f5,00000000,00ee50fb,00000000,00000000,0063520a,00635185,00000000,3,0,1
731,731,0,00000000,00000000,000ee50f,3d1751f6,00000000,3d1751f6,00000000,00ee50fb,00000000,00000000,0063520a,00635185,00000000,3,0,1
732,732,0,00000000,00000000,000ee50f,3d1751f7,00000000,3d1751f7,00000000,00ee50fb,00000000,00000000,0063520a,00635185,00000000,3,0,1
733,733,0,00000000,00000000,000ee50f,3d1751f8,00000000,3d1751f8,00000000,00ee50fb,00000000,00000000,0063520a,00635185,00000000,3,0,1
734,734,0,00000000,00000000,000ee50f,3d1751f9,00000000,3d1751f9,00000000,00ee50fb,00000000,00000000,0063520a,00635185,00000000,3,0,1
735,735,0,00000000,00000000,000ee50f,3d1751fa,00000000,3d1751fa,00000000,00ee50fb,00000000,00000000,0063520a,00635185,00000000,3,0,1
736,736,0,00000000,00000000,000ee50f,3d1751fb,00000000,3d1751fb,00000000,00ee50fb,00000000,00000000,0063520a,00635185,00000000,3,0,1
737,737,0,00000000,00000000,000ee50f,3d1751fc,00000000,3d1751fc,00000000,00ee50fb,00000000,00000000,0063520a,00635185,00000000,3,0,1
738,738,0,00000000,00000000,000ee50f,3d1751fd,00000000,3d1751fd,00000000,00ee50fb,00000000,00000000,0063520a,00635185,00000000,3,0,1
739,739,0,00000000,00000000,000ee50f,3d1751fe,00000000,3d1751fe,00000000,00ee50fb,00000000,00000000,0063520a,00635185,00000000,3,0,1
740,740,0,00000000,00000000,000ee50f,3d1751ff,00000000,3d1751ff,00000000,00ee50fb,00000000,00000000,0063520a,00635185,00000000,3,0,1
741,741,0,00000000,00000000,000ee50f,3d175200,00000000,3d175200,00000000,00ee50fb,00000000,00000000,0063520a,00635185,00000000,3,0,1
742,742,0,00000000,00000000,000ee50f,3d175201,00000000,3d175201,00000000,00ee50fb,00000000,00000000,0063520a,00635185,00000000,3,0,1
743,743,0,00000000,00000000,000ee50f,3d175202,00000000,3d175202,00000000,00ee50fb,00000000,00000000,0063520a,00635185,00000000,3,0,1
744,744,0,00000000,00000000,000ee50f,3d175203,00000000,3d175203,00000000,00ee50fb,00000000,00000000,0063520a,00635185,00000000,3,0,1
745,745,0,00000000,00000000,000ee50f,3d175204,00000000,3d175204,00000000,00ee50fb,00000000,00000000,0063520a,00635185,00000000,3,0,1
746,746,0,00000000,00000000,000ee50f,3d175205,00000000,3d175205,00000000,00ee50fb,00000000,00000000,0063520a,00635185,00000000,3,0,1
747,747,0,00000000,00000000,000ee50f,3d175206,00000000,3d175206,00000000,00ee50fb,00000000,00000000,0063520a,00635185,00000000,3,0,1
748,748,0,00000000,00000000,000ee50f,3d175207,00000000,3d175207,00000000,00ee50fb,00000000,00000000,0063520a,00635185,00000000,3,0,1
749,749,0,00000000,00000000,000ee50f,3d175208,00000000,3d175208,00000000,00ee50fb,00000000,00000000,0063520a,00635185,00000000,3,0,1
750,750,0,00000000,00000000,000ee50f,3d175209,00000000,3d175209,00000000,00ee50fb,00000000,00000000,0063520a,00635185,00000000,3,0,1
751,751,0,00000000,00000000,000ee50f,3d17520a,00000000,3d17520a,00000000,00ee50fb,00000000,00000000,0063520a,00635185,00000000,3,0,1
752,752,0,00000000,00000000,000ee50f,3d17520b,00000000,3d17520b,00000000,00ee50fb,00000000,00000000,0063520a,00635185,00000000,3,0,1
753,753,0,00000000,00000000,000ee50f,3d17520c,00000000,3d17520c,00000000,00ee50fb,00000000,00000000,0063520a,00635185,00000000,3,0,1
754,754,0,00000000,00000000,000ee50f,3d17520d,00000000,3d17520d,00000000,00ee50fb,00000000,00000000,0063520a,00635185,00000000,3,0,1
755,755,0,00000000,00000000,000ee50f,3d17520e,00000000,3d17520e,00000000,00ee50fb,00000000,00000000,0063520a,00635185,00000000,3,0,1
756,756,0,00000000,00000000,000ee50f,3d17520f,00000000,3d17520f,00000000,00ee50fb,00000000,00000000,0063520a,00635185,00000000,3,0,1
757,757,0,00000000,00000000,000ee50f,3d175210,00000000,3d175210,00000000,00ee50fb,00000000,00000000,0063520a,00635185,00000000,3,0,1
758,758,0,00000000,00000000,000ee50f,3d175211,00000000,3d175211,00000000,00ee50fb,00000000,00000000,0063520a,00635185,00000000,3,0,1
759,759,0,00000000,00000000,000ee50f,3d175212,00000000,3d175212,00000000,00ee50fb,00000000,00000000,0063520a,00635185,00000000,3,0,1
760,760,0,00000000,00000000,000ee50f,3d175213,00000000,3d175213,00000000,00ee50fb,00000000,00000000,0063520a,00635185,00000000,3,0,1
761,761,0,00000000,00000000,000ee50f,3d175214,00000000,3d175214,00000000,00ee50fb,00000000,00000000,0063520a,00635185,00000000,3,0,1
762,762,0,00000000,00000000,000ee50f,3d175215,00000000,3d175215,00000000,00ee50fb,00000000,00000000,0063520a,00635185,00000000,3,0,1
763,763,0,00000000,00000000,000ee50f,3d175216,00000000,3d175216,00000000,00ee50fb,00000000,00000000,0063520a,00635185,00000000,3,0,1
764,764,0,00000000,00000000,000ee50f,3d175217,00000000,3d175217,00000000,00ee50fb,00000000,00000000,0063520a,00635185,00000000,3,0,1
765,765,0,00000000,00000000,000ee50f,3d175218,00000000,3d175218,00000000,00ee50fb,00000000,00000000,0063520a,00635185,00000000,3,0,1
766,766,0,00000000,00000000,000ee50f,3d175219,00000000,3d175219,00000000,00ee50fb,00000000,00000000,0063520a,00635185,00000000,3,0,1
767,767,0,00000000,00000000,000ee50f,3d17521a,00000000,3d17521a,00000000,00ee50fb,00000000,00000000,0063520a,00635185,00000000,3,0,1
768,768,0,00000000,00000000,000ee50f,3d17521b,00000000,3d17521b,00000000,00ee50fb,00000000,00000000,0063520a,00635185,00000000,3,0,1
769,769,0,00000000,00000000,000ee50f,3d17521c,00000000,3d17521c,00000000,00ee50fb,00000000,00000000,0063520a,00635185,00000000,3,0,1
770,770,0,00000000,00000000,000ee50f,3d17521d,00000000,3d17521d,00000000,00ee50fb,00000000,00000000,0063520a,00635185,00000000,3,0,1
771,771,0,00000000,00000000,000ee50f,3d17521e,00000000,3d17521e,00000000,00ee50fb,00000000,00000000,0063520a,00635185,00000000,3,0,1
772,772,0,00000000,00000000,000ee50f,3d17521f,00000000,3d17521f,00000000,00ee50fb,00000000,00000000,0063520a,00635185,00000000,3,0,1
773,773,0,00000000,00000000,000ee50f,3d175220,00000000,3d175220,00000000,00ee50fb,00000000,00000000,0063520a,00635185,00000000,3,0,1
774,774,0,00000000,00000000,000ee50f,3d175221,00000000,3d175221,00000000,00ee50fb,00000000,00000000,0063520a,00635185,00000000,3,0,1
775,775,0,00000000,00000000,000ee50f,3d175222,00000000,3d175222,00000000,00ee50fb,00000000,00000000,0063520a,00635185,00000000,3,0,1
776,776,0,00000000,00000000,000ee50f,3d175223,00000000,3d175223,00000000,00ee50fb,00000000,00000000,0063520a,00635185,00000000,3,0,1
777,777,0,00000000,00000000,000ee50f,3d175224,00000000,3d175224,00000000,00ee50fb,00000000,00000000,0063520a,00635185,00000000,3,0,1
778,778,0,00000000,00000000,000ee50f,3d175225,00000000,3d175225,00000000,00ee50fb,00000000,00000000,0063520a,00635185,00000000,3,0,1
779,779,0,00000000,00000000,000ee50f,3d175226,00000000,3d175226,00000000,00ee50fb,00000000,00000000,0063520a,00635185,00000000,3,0,1
780,780,0,00000000,00000000,000ee50f,3d175227,00000000,3d175227,00000000,00ee50fb,00000000,00000000,0063520a,00635185,00000000,3,0,1
781,781,0,00000000,00000000,000ee50f,3d175228,00000000,3d175228,00000000,00ee50fb,00000000,00000000,0063520a,00635185,00000000,3,0,1
782,782,0,00000000,00000000,000ee50f,3d175229,00000000,3d175229,00000000,00ee50fb,00000000,00000000,0063520a,00635185,00000000,3,0,1
783,783,0,00000000,00000000,000ee50f,3d17522a,00000000,3d17522a,00000000,00ee50fb,00000000,00000000,0063520a,00635185,00000000,3,0,1
784,784,0,00000000,00000000,000ee50f,3d17522b,00000000,3d17522b,00000000,00ee50fb,00000000,00000000,0063520a,00635185,00000000,3,0,1
785,785,0,00000000,00000000,000ee50f,3d17522c,00000000,3d17522c,00000000,00ee50fb,00000000,00000000,0063520a,00635185,00000000,3,0,1
786,786,0,00000000,00000000,000ee50f,3d17522d,00000000,3d17522d,00000000,00ee50fb,00000000,00000000,0063520a,00635185,00000000,3,0,1
787,787,0,00000000,00000000,000ee50f,3d17522e,00000000,3d17522e,00000000,00ee50fb,00000000,00000000,0063520a,00635185,00000000,3,0,1
788,788,0,00000000,00000000,000ee50f,3d17522f,00000000,3d17522f,00000000,00ee50fb,00000000,00000000,0063520a,00635185,00000000,3,0,1
789,789,0,00000000,00000000,000ee50f,3d175230,00000000,3d175230,00000000,00ee50fb,00000000,00000000,0063520a,00635185,00000000,3,0,1
790,790,0,00000000,00000000,000ee50f,3d175231,00000000,3d175231,00000000,00ee50fb,00000000,00000000,0063520a,00635185,00000000,3,0,1
791,791,0,00000000,00000000,000ee50f,3d175232,00000000,3d175232,00000000,00ee50fb,00000000,00000000,0063520a,00635185,00000000,3,0,1
792,792,0,00000000,00000000,000ee50f,3d175233,00000000,3d175233,00000000,00ee50fb,00000000,00000000,0063520a,00635185,00000000,3,0,1
793,793,0,00000000,00000000,000ee50f,3d175234,00000000,3d175234,00000000,00ee50fb,00000000,00000000,0063520a,00635185,00000000,3,0,1
794,794,0,00000000,00000000,000ee50f,3d175235,00000000,3d175235,00000000,00ee50fb,00000000,00000000,0063520a,00635185,00000000,3,0,1
795,795,0,00000000,00000000,000ee50f,3d175236,00000000,3d175236,00000000,00ee50fb,00000000,00000000,0063520a,00635185,00000000,3,0,1
796,796,0,00000000,00000000,000ee50f,3d175237,00000000,3d175237,00000000,00ee50fb,00000000,00000000,0063520a,00635185,00000000,3,0,1
797,797,0,00000000,00000000,000ee50f,3d175238,00000000,3d175238,00000000,00ee50fb,00000000,00000000,0063520a,00635185,00000000,3,0,1
798,798,0,00000000,00000000,000ee50f,3d175239,00000000,3d175239,00000000,00ee50fb,00000000,00000000,0063520a,00635185,00000000,3,0,1
799,799,0,00000000,00000000,000ee50f,3d17523a,00000000,3d17523a,00000000,00ee50fb,00000000,00000000,0063520a,00635185,00000000,3,0,1
800,800,0,00000000,00000000,000ee50f,3d17523b,00000000,3d17523b,00000000,00ee50fb,00000000,00000000,0063520a,00635185,00000000,3,0,1
801,801,0,00000000,00000000,000ee50f,3d17523c,00000000,3d17523c,00000000,00ee50fb,00000000,00000000,0063520a,00635185,00000000,3,0,1
802,802,0,00000000,00000000,000ee50f,3d17523d,00000000,3d17523d,00000000,00ee50fb,00000000,00000000,0063520a,00635185,00000000,3,0,1
803,803,0,00000000,00000000,000ee50f,3d17523e,00000000,3d17523e,00000000,00ee50fb,00000000,00000000,0063520a,00635185,00000000,3,0,1
804,804,0,00000000,00000000,000ee50f,3d17523f,00000000,3d17523f,00000000,00ee50fb,00000000,00000000,0063520a,00635185,00000000,3,0,1
805,805,0,00000000,00000000,000ee50f,3d175240,00000000,3d175240,00000000,00ee50fb,00000000,00000000,0063520a,00635185,00000000,3,0,1
806,806,0,00000000,00000000,000ee50f,3d175241,00000000,3d175241,00000000,00ee50fb,00000000,00000000,0063520a,00635185,00000000,3,0,1
807,807,0,00000000,00000000,000ee50f,3d175242,00000000,3d175242,00000000,00ee50fb,00000000,00000000,0063520a,00635185,00000000,3,0,1
808,808,0,00000000,00000000,000ee50f,3d175243,00000000,3d175243,00000000,00ee50fb,00000000,00000000,0063520a,00635185,00000000,3,0,1
809,809,0,00000000,00000000,000ee50f,3d175244,00000000,3d175244,00000000,00ee50fb,00000000,00000000,0063520a,00635185,00000000,3,0,1
810,810,0,00000000,00000000,000ee50f,3d175245,00000000,3d175245,00000000,00ee50fb,00000000,00000000,0063520a,00635185,00000000,3,0,1
811,811,0,00000000,00000000,000ee50f,3d175246,00000000,3d175246,00000000,00ee50fb,00000000,00000000,0063520a,00635185,00000000,3,0,1
812,812,0,00000000,00000000,000ee50f,3d175247,00000000,3d175247,00000000,00ee50fb,00000000,00000000,0063520a,00635185,00000000,3,0,1
813,813,0,00000000,00000000,000ee50f,3d175248,00000000,3d175248,00000000,00ee50fb,00000000,00000000,0063520a,00635185,00000000,3,0,1
814,814,0,00000000,00000000,000ee50f,3d175249,00000000,3d175249,00000000,00ee50fb,00000000,00000000,0063520a,00635185,00000000,3,0,1
815,815,0,00000000,00000000,000ee50f,3d17524a,00000000,3d17524a,00000000,00ee50fb,00000000,00000000,0063520a,00635185,00000000,3,0,1
816,816,0,00000000,00000000,000ee50f,3d17524b,00000000,3d17524b,00000000,00ee50fb,00000000,00000000,0063520a,00635185,00000000,3,0,1
817,817,0,00000000,00000000,000ee50f,3d17524c,00000000,3d17524c,00000000,00ee50fb,00000000,00000000,0063520a,00635185,00000000,3,0,1
818,818,0,00000000,00000000,000ee50f,3d17524d,00000000,3d17524d,00000000,00ee50fb,00000000,00000000,0063520a,00635185,00000000,3,0,1
819,819,0,00000000,00000000,000ee50f,3d17524e,00000000,3d17524e,00000000,00ee50fb,00000000,00000000,0063520a,00635185,00000000,3,0,1
820,820,0,00000000,00000000,000ee50f,3d17524f,00000000,3d17524f,00000000,00ee50fb,00000000,00000000,0063520a,00635185,00000000,3,0,1
821,821,0,00000000,00000000,000ee50f,3d175250,00000000,3d175250,00000000,00ee50fb,00000000,00000000,0063520a,00635185,00000000,3,0,1
822,822,0,00000000,00000000,000ee50f,3d175251,00000000,3d175251,00000000,00ee50fb,00000000,00000000,0063520a,00635185,00000000,3,0,1
823,823,0,00000000,00000000,000ee50f,3d175252,00000000,3d175252,00000000,00ee50fb,00000000,00000000,0063520a,00635185,00000000,3,0,1
824,824,0,00000000,00000000,000ee50f,3d175253,00000000,3d175253,00000000,00ee50fb,00000000,00000000,0063520a,00635185,00000000,3,0,1
825,825,0,00000000,00000000,000ee50f,3d175254,00000000,3d175254,00000000,00ee50fb,00000000,00000000,0063520a,00635185,00000000,3,0,1
826,826,0,00000000,00000000,000ee50f,3d175255,00000000,3d175255,00000000,00ee50fb,00000000,00000000,0063520a,00635185,00000000,3,0,1
827,827,0,00000000,00000000,000ee50f,3d175256,00000000,3d175256,00000000,00ee50fb,00000000,00000000,0063520a,00635185,00000000,3,0,1
828,828,0,00000000,00000000,000ee50f,3d175257,00000000,3d175257,00000000,00ee50fb,00000000,00000000,0063520a,00635185,00000000,3,0,1
829,829,0,00000000,00000000,000ee50f,3d175258,00000000,3d175258,00000000,00ee50fb,00000000,00000000,0063520a,00635185,00000000,3,0,1
830,830,0,00000000,00000000,000ee50f,3d175259,00000000,3d175259,00000000,00ee50fb,00000000,00000000,0063520a,00635185,00000000,3,0,1
831,831,0,00000000,00000000,000ee50f,3d17525a,00000000,3d17525a,00000000,00ee50fb,00000000,00000000,0063520a,00635185,00000000,3,0,1
832,832,0,00000000,00000000,000ee50f,3d17525b,00000000,3d17525b,00000000,00ee50fb,00000000,00000000,0063520a,00635185,00000000,3,0,1
833,833,0,00000000,00000000,000ee50f,3d17525c,00000000,3d17525c,00000000,00ee50fb,00000000,00000000,0063520a,00635185,00000000,3,0,1
834,834,0,00000000,00000000,000ee50f,3d17525d,00000000,3d17525d,00000000,00ee50fb,00000000,00000000,0063520a,00635185,00000000,3,0,1
835,835,0,00000000,00000000,000ee50f,3d17525e,00000000,3d17525e,00000000,00ee50fb,00000000,00000000,0063520a,00635185,00000000,3,0,1
836,836,0,00000000,00000000,000ee50f,3d17525f,00000000,3d17525f,00000000,00ee50fb,00000000,00000000,0063520a,00635185,00000000,3,0,1
837,837,0,00000000,00000000,000ee50f,3d175260,00000000,3d175260,00000000,00ee50fb,00000000,00000000,0063520a,00635185,00000000,3,0,1
838,838,0,00000000,00000000,000ee50f,3d175261,00000000,3d175261,00000000,00ee50fb,00000000,00000000,0063520a,00635185,00000000,3,0,1
839,839,0,00000000,00000000,000ee50f,3d175262,00000000,3d175262,00000000,00ee50fb,00000000,00000000,0063520a,00635185,00000000,3,0,1
840,840,0,00000000,00000000,000ee50f,3d175263,00000000,3d175263,00000000,00ee50fb,00000000,00000000,0063520a,00635185,00000000,3,0,1
841,841,0,00000000,00000000,000ee50f,3d175264,00000000,3d175264,00000000,00ee50fb,00000000,00000000,0063520a,00635185,00000000,3,0,1
842,842,0,00000000,00000000,000ee50f,3d175265,00000000,3d175265,00000000,00ee50fb,00000000,00000000,0063520a,00635185,00000000,3,0,1
843,843,0,00000000,00000000,000ee50f,3d175266,00000000,3d175266,00000000,00ee50fb,00000000,00000000,0063520a,00635185,00000000,3,0,1
844,844,0,00000000,00000000,000ee50f,3d175267,00000000,3d175267,00000000,00ee50fb,00000000,00000000,0063520a,00635185,00000000,3,0,1
845,845,0,00000000,00000000,000ee50f,3d175268,00000000,3d175268,00000000,00ee50fb,00000000,00000000,0063520a,00635185,00000000,3,0,1
846,846,0,00000000,00000000,000ee50f,3d175269,00000000,3d175269,00000000,00ee50fb,00000000,00000000,0063520a,00635185,00000000,3,0,1
847,847,0,00000000,00000000,000ee50f,3d17526a,00000000,3d17526a,00000000,00ee50fb,00000000,00000000,0063520a,00635185,00000000,3,0,1
848,848,0,00000000,00000000,000ee50f,3d17526b,00000000,3d17526b,00000000,00ee50fb,00000000,00000000,0063520a,00635185,00000000,3,0,1
849,849,0,00000000,00000000,000ee50f,3d17526c,00000000,3d17526c,00000000,00ee50fb,00000000,00000000,0063520a,00635185,00000000,3,0,1
850,850,0,00000000,00000000,000ee50f,3d17526d,00000000,3d17526d,00000000,00ee50fb,00000000,00000000,0063520a,00635185,00000000,3,0,1
851,851,0,00000000,00000000,000ee50f,3d17526e,00000000,3d17526e,00000000,00ee50fb,00000000,00000000,0063520a,00635185,00000000,3,0,1
852,852,0,00000000,00000000,000ee50f,3d17526f,00000000,3d17526f,00000000,00ee50fb,00000000,00000000,0063520a,00635185,00000000,3,0,1
853,853,0,00000000,00000000,000ee50f,3d175270,00000000,3d175270,00000000,00ee50fb,00000000,00000000,0063520a,00635185,00000000,3,0,1
854,854,0,00000000,00000000,000ee50f,3d175271,00000000,3d175271,00000000,00ee50fb,00000000,00000000,0063520a,00635185,00000000,3,0,1
855,855,0,00000000,00000000,000ee50f,3d175272,00000000,3d175272,00000000,00ee50fb,00000000,00000000,0063520a,00635185,00000000,3,0,1
856,856,0,00000000,00000000,000ee50f,3d175273,00000000,3d175273,00000000,00ee50fb,00000000,00000000,0063520a,00635185,00000000,3,0,1
857,857,0,00000000,00000000,000ee50f,3d175274,00000000,3d175274,00000000,00ee50fb,00000000,00000000,0063520a,00635185,00000000,3,0,1
858,858,0,00000000,00000000,000ee50f,3d175275,00000000,3d175275,00000000,00ee50fb,00000000,00000000,0063520a,00635185,00000000,3,0,1
859,859,0,00000000,00000000,000ee50f,3d175276,00000000,3d175276,00000000,00ee50fb,00000000,00000000,0063520a,00635185,00000000,3,0,1
860,860,0,00000000,00000000,000ee50f,3d175277,00000000,3d175277,00000000,00ee50fb,00000000,00000000,0063520a,00635185,00000000,3,0,1
861,861,0,00000000,00000000,000ee50f,3d175278,00000000,3d175278,00000000,00ee50fb,00000000,00000000,0063520a,00635185,00000000,3,0,1
862,862,0,00000000,00000000,000ee50f,3d175279,00000000,3d175279,00000000,00ee50fb,00000000,00000000,0063520a,00635185,00000000,3,0,1
863,863,0,00000000,00000000,000ee50f,3d17527a,00000000,3d17527a,00000000,00ee50fb,00000000,00000000,0063520a,00635185,00000000,3,0,1
864,864,0,00000000,00000000,000ee50f,3d17527b,00000000,3d17527b,00000000,00ee50fb,00000000,00000000,0063520a,00635185,00000000,3,0,1
865,865,0,00000000,00000000,000ee50f,3d17527c,00000000,3d17527c,00000000,00ee50fb,00000000,00000000,0063520a,00635185,00000000,3,0,1
866,866,0,00000000,00000000,000ee50f,3d17527d,00000000,3d17527d,00000000,00ee50fb,00000000,00000000,0063520a,00635185,00000000,3,0,1
867,867,0,00000000,00000000,000ee50f,3d17527e,00000000,3d17527e,00000000,00ee50fb,00000000,00000000,0063520a,00635185,00000000,3,0,1
868,868,0,00000000,00000000,000ee50f,3d17527f,00000000,3d17527f,00000000,00ee50fb,00000000,00000000,0063520a,00635185,00000000,3,0,1
869,869,0,00000000,00000000,000ee50f,3d175280,00000000,3d175280,00000000,00ee50fb,00000000,00000000,0063520a,00635185,00000000,3,0,1
870,870,0,00000000,00000000,000ee50f,3d175281,00000000,3d175281,00000000,00ee50fb,00000000,00000000,0063520a,00635185,00000000,3,0,1
871,871,0,00000000,00000000,000ee50f,3d175282,00000000,3d175282,00000000,00ee50fb,00000000,00000000,0063520a,00635185,00000000,3,0,1
872,872,0,00000000,00000000,000ee50f,3d175283,00000000,3d175283,00000000,00ee50fb,00000000,00000000,0063520a,00635185,00000000,3,0,1
873,873,0,00000000,00000000,000ee50f,3d175284,00000000,3d175284,00000000,00ee50fb,00000000,00000000,0063520a,00635185,00000000,3,0,1
874,874,0,00000000,00000000,000ee50f,3d175285,00000000,3d175285,00000000,00ee50fb,00000000,00000000,0063520a,00635185,00000000,3,0,1
875,875,0,00000000,00000000,000ee50f,3d175286,00000000,3d175286,00000000,00ee50fb,00000000,00000000,0063520a,00635185,00000000,3,0,1
876,876,0,00000000,00000000,000ee50f,3d175287,00000000,3d175287,00000000,00ee50fb,00000000,00000000,0063520a,00635185,00000000,3,0,1
877,877,0,00000000,00000000,000ee50f,3d175288,00000000,3d175288,00000000,00ee50fb,00000000,00000000,0063520a,00635185,00000000,3,0,1
878,878,0,00000000,00000000,000ee50f,3d175289,00000000,3d175289,00000000,00ee50fb,00000000,00000000,0063520a,00635185,00000000,3,0,1
879,879,0,00000000,00000000,000ee50f,3d17528a,00000000,3d17528a,00000000,00ee50fb,00000000,00000000,0063520a,00635185,00000000,3,0,1
880,880,0,00000000,00000000,000ee50f,3d17528b,00000000,3d17528b,00000000,00ee50fb,00000000,00000000,0063520a,00635185,00000000,3,0,1
881,881,0,00000000,00000000,000ee50f,3d17528c,00000000,3d17528c,00000000,00ee50fb,00000000,00000000,0063520a,00635185,00000000,3,0,1
882,882,0,00000000,00000000,000ee50f,3d17528d,00000000,3d17528d,00000000,00ee50fb,00000000,00000000,0063520a,00635185,00000000,3,0,1
883,883,0,00000000,00000000,000ee50f,3d17528e,00000000,3d17528e,00000000,00ee50fb,00000000,00000000,0063520a,00635185,00000000,3,0,1
884,884,0,00000000,00000000,000ee50f,3d17528f,00000000,3d17528f,00000000,00ee50fb,00000000,00000000,0063520a,00635185,00000000,3,0,1
885,885,0,00000000,00000000,000ee50f,3d175290,00000000,3d175290,00000000,00ee50fb,00000000,00000000,0063520a,00635185,00000000,3,0,1
886,886,0,00000000,00000000,000ee50f,3d175291,00000000,3d175291,00000000,00ee50fb,00000000,00000000,0063520a,00635185,00000000,3,0,1
887,887,0,00000000,00000000,000ee50f,3d175292,00000000,3d175292,00000000,00ee50fb,00000000,00000000,0063520a,00635185,00000000,3,0,1
888,888,0,00000000,00000000,000ee50f,3d175293,00000000,3d175293,00000000,00ee50fb,00000000,00000000,0063520a,00635185,00000000,3,0,1
889,889,0,00000000,00000000,000ee50f,3d175294,00000000,3d175294,00000000,00ee50fb,00000000,00000000,0063520a,00635185,00000000,3,0,1
890,890,0,00000000,00000000,000ee50f,3d175295,00000000,3d175295,00000000,00ee50fb,00000000,00000000,0063520a,00635185,00000000,3,0,1
891,891,0,00000000,00000000,000ee50f,3d175296,00000000,3d175296,00000000,00ee50fb,00000000,00000000,0063520a,00635185,00000000,3,0,1
892,892,0,00000000,00000000,000ee50f,3d175297,00000000,3d175297,00000000,00ee50fb,00000000,00000000,0063520a,00635185,00000000,3,0,1
893,893,0,00000000,00000000,000ee50f,3d175298,00000000,3d175298,00000000,00ee50fb,00000000,00000000,0063520a,00635185,00000000,3,0,1
894,894,0,00000000,00000000,000ee50f,3d175299,00000000,3d175299,00000000,00ee50fb,00000000,00000000,0063520a,00635185,00000000,3,0,1
895,895,0,00000000,00000000,000ee50f,3d17529a,00000000,3d17529a,00000000,00ee50fb,00000000,00000000,0063520a,00635185,00000000,3,0,1
896,896,0,00000000,00000000,000ee50f,3d17529b,00000000,3d17529b,00000000,00ee50fb,00000000,00000000,0063520a,00635185,00000000,3,0,1
897,897,0,00000000,00000000,000ee50f,3d17529c,00000000,3d17529c,00000000,00ee50fb,00000000,00000000,0063520a,00635185,00000000,3,0,1
898,898,0,00000000,00000000,000ee50f,3d17529d,00000000,3d17529d,00000000,00ee50fb,00000000,00000000,0063520a,00635185,00000000,3,0,1
899,899,0,00000000,00000000,000ee50f,3d17529e,00000000,3d17529e,00000000,00ee50fb,00000000,00000000,0063520a,00635185,00000000,3,0,1
900,900,0,00000000,00000000,000ee50f,3d17529f,00000000,3d17529f,00000000,00ee50fb,00000000,00000000,0063520a,00635185,00000000,3,0,1
901,901,0,00000000,00000000,000ee50f,3d1752a0,00000000,3d1752a0,00000000,00ee50fb,00000000,00000000,0063520a,00635185,00000000,3,0,1
902,902,0,00000000,00000000,000ee50f,3d1752a1,00000000,3d1752a1,00000000,00ee50fb,00000000,00000000,0063520a,00635185,00000000,3,0,1
903,903,0,00000000,00000000,000ee50f,3d1752a2,00000000,3d1752a2,00000000,00ee50fb,00000000,00000000,0063520a,00635185,00000000,3,0,1
904,904,0,00000000,00000000,000ee50f,3d1752a3,00000000,3d1752a3,00000000,00ee50fb,00000000,00000000,0063520a,00635185,00000000,3,0,1
905,905,0,00000000,00000000,000ee50f,3d1752a4,00000000,3d1752a4,00000000,00ee50fb,00000000,00000000,0063520a,00635185,00000000,3,0,1
906,906,0,00000000,00000000,000ee50f,3d1752a5,00000000,3d1752a5,00000000,00ee50fb,00000000,00000000,0063520a,00635185,00000000,3,0,1
907,907,0,00000000,00000000,000ee50f,3d1752a6,00000000,3d1752a6,00000000,00ee50fb,00000000,00000000,0063520a,00635185,00000000,3,0,1
908,908,0,00000000,00000000,000ee50f,3d1752a7,00000000,3d1752a7,00000000,00ee50fb,00000000,00000000,0063520a,00635185,00000000,3,0,1
909,909,0,00000000,00000000,000ee50f,3d1752a8,00000000,3d1752a8,00000000,00ee50fb,00000000,00000000,0063520a,00635185,00000000,3,0,1
910,910,0,00000000,00000000,000ee50f,3d1752a9,00000000,3d1752a9,00000000,00ee50fb,00000000,00000000,0063520a,00635185,00000000,3,0,1
911,911,0,00000000,00000000,000ee50f,3d1752aa,00000000,3d1752aa,00000000,00ee50fb,00000000,00000000,0063520a,00635185,00000000,3,0,1
912,912,0,00000000,00000000,000ee50f,3d1752ab,00000000,3d1752ab,00000000,00ee50fb,00000000,00000000,0063520a,00635185,00000000,3,0,1
913,913,0,00000000,00000000,000ee50f,3d1752ac,00000000,3d1752ac,00000000,00ee50fb,00000000,00000000,0063520a,00635185,00000000,3,0,1
914,914,0,00000000,00000000,000ee50f,3d1752ad,00000000,3d1752ad,00000000,00ee50fb,00000000,00000000,0063520a,00635185,00000000,3,0,1
915,915,0,00000000,00000000,000ee50f,3d1752ae,00000000,3d1752ae,00000000,00ee50fb,00000000,00000000,0063520a,00635185,00000000,3,0,1
916,916,0,00000000,00000000,000ee50f,3d1752af,00000000,3d1752af,00000000,00ee50fb,00000000,00000000,0063520a,00635185,00000000,3,0,1
917,917,0,00000000,00000000,000ee50f,3d1752b0,00000000,3d1752b0,00000000,00ee50fb,00000000,00000000,0063520a,00635185,00000000,3,0,1
918,918,0,00000000,00000000,000ee50f,3d1752b1,00000000,3d1752b1,00000000,00ee50fb,00000000,00000000,0063520a,00635185,00000000,3,0,1
919,919,0,00000000,00000000,000ee50f,3d1752b2,00000000,3d1752b2,00000000,00ee50fb,00000000,00000000,0063520a,00635185,00000000,3,0,1
920,920,0,00000000,00000000,000ee50f,3d1752b3,00000000,3d1752b3,00000000,00ee50fb,00000000,00000000,0063520a,00635185,00000000,3,0,1
921,921,0,00000000,00000000,000ee50f,3d1752b4,00000000,3d1752b4,00000000,00ee50fb,00000000,00000000,0063520a,00635185,00000000,3,0,1
922,922,0,00000000,00000000,000ee50f,3d1752b5,00000000,3d1752b5,00000000,00ee50fb,00000000,00000000,0063520a,00635185,00000000,3,0,1
923,923,0,00000000,00000000,000ee50f,3d1752b6,00000000,3d1752b6,00000000,00ee50fb,00000000,00000000,0063520a,00635185,00000000,3,0,1
924,924,0,00000000,00000000,000ee50f,3d1752b7,00000000,3d1752b7,00000000,00ee50fb,00000000,00000000,0063520a,00635185,00000000,3,0,1
925,925,0,00000000,00000000,000ee50f,3d1752b8,00000000,3d1752b8,00000000,00ee50fb,00000000,00000000,0063520a,00635185,00000000,3,0,1
926,926,0,00000000,00000000,000ee50f,3d1752b9,00000000,3d1752b9,00000000,00ee50fb,00000000,00000000,0063520a,00635185,00000000,3,0,1
927,927,0,00000000,00000000,000ee50f,3d1752ba,00000000,3d1752ba,00000000,00ee50fb,00000000,00000000,0063520a,00635185,00000000,3,0,1
928,928,0,00000000,00000000,000ee50f,3d1752bb,00000000,3d1752bb,00000000,00ee50fb,00000000,00000000,0063520a,00635185,00000000,3,0,1
929,929,0,00000000,00000000,000ee50f,3d1752bc,00000000,3d1752bc,00000000,00ee50fb,00000000,00000000,0063520a,00635185,00000000,3,0,1
930,930,0,00000000,00000000,000ee50f,3d1752bd,00000000,3d1752bd,00000000,00ee50fb,00000000,00000000,0063520a,00635185,00000000,3,0,1
931,931,0,00000000,00000000,000ee50f,3d1752be,00000000,3d1752be,00000000,00ee50fb,00000000,00000000,0063520a,00635185,00000000,3,0,1
932,932,0,00000000,00000000,000ee50f,3d1752bf,00000000,3d1752bf,00000000,00ee50fb,00000000,00000000,0063520a,00635185,00000000,3,0,1
933,933,0,00000000,00000000,000ee50f,3d1752c0,00000000,3d1752c0,00000000,00ee50fb,00000000,00000000,0063520a,00635185,00000000,3,0,1
934,934,0,00000000,00000000,000ee50f,3d1752c1,00000000,3d1752c1,00000000,00ee50fb,00000000,00000000,0063520a,00635185,00000000,3,0,1
935,935,0,00000000,00000000,000ee50f,3d1752c2,00000000,3d1752c2,00000000,00ee50fb,00000000,00000000,0063520a,00635185,00000000,3,0,1
936,936,0,00000000,00000000,000ee50f,3d1752c3,00000000,3d1752c3,00000000,00ee50fb,00000000,00000000,0063520a,00635185,00000000,3,0,1
937,937,0,00000000,00000000,000ee50f,3d1752c4,00000000,3d1752c4,00000000,00ee50fb,00000000,00000000,0063520a,00635185,00000000,3,0,1
938,938,0,00000000,00000000,000ee50f,3d1752c5,00000000,3d1752c5,00000000,00ee50fb,00000000,00000000,0063520a,00635185,00000000,3,0,1
939,939,0,00000000,00000000,000ee50f,3d1752c6,00000000,3d1752c6,00000000,00ee50fb,00000000,00000000,0063520a,00635185,00000000,3,0,1
940,940,0,00000000,00000000,000ee50f,3d1752c7,00000000,3d1752c7,00000000,00ee50fb,00000000,00000000,0063520a,00635185,00000000,3,0,1
941,941,0,00000000,00000000,000ee50f,3d1752c8,00000000,3d1752c8,00000000,00ee50fb,00000000,00000000,0063520a,00635185,00000000,3,0,1
942,942,0,00000000,00000000,000ee50f,3d1752c9,00000000,3d1752c9,00000000,00ee50fb,00000000,00000000,0063520a,00635185,00000000,3,0,1
943,943,0,00000000,00000000,000ee50f,3d1752ca,00000000,3d1752ca,00000000,00ee50fb,00000000,00000000,0063520a,00635185,00000000,3,0,1
944,944,0,00000000,00000000,000ee50f,3d1752cb,00000000,3d1752cb,00000000,00ee50fb,00000000,00000000,0063520a,00635185,00000000,3,0,1
945,945,0,00000000,00000000,000ee50f,3d1752cc,00000000,3d1752cc,00000000,00ee50fb,00000000,00000000,0063520a,00635185,00000000,3,0,1
946,946,0,00000000,00000000,000ee50f,3d1752cd,00000000,3d1752cd,00000000,00ee50fb,00000000,00000000,0063520a,00635185,00000000,3,0,1
947,947,0,00000000,00000000,000ee50f,3d1752ce,00000000,3d1752ce,00000000,00ee50fb,00000000,00000000,0063520a,00635185,00000000,3,0,1
948,948,0,00000000,00000000,000ee50f,3d1752cf,00000000,3d1752cf,00000000,00ee50fb,00000000,00000000,0063520a,00635185,00000000,3,0,1
949,949,0,00000000,00000000,000ee50f,3d1752d0,00000000,3d1752d0,00000000,00ee50fb,00000000,00000000,0063520a,00635185,00000000,3,0,1
950,950,0,00000000,00000000,000ee50f,3d1752d1,00000000,3d1752d1,00000000,00ee50fb,00000000,00000000,0063520a,00635185,00000000,3,0,1
951,951,0,00000000,00000000,000ee50f,3d1752d2,00000000,3d1752d2,00000000,00ee50fb,00000000,00000000,0063520a,00635185,00000000,3,0,1
952,952,0,00000000,00000000,000ee50f,3d1752d3,00000000,3d1752d3,00000000,00ee50fb,00000000,00000000,0063520a,00635185,00000000,3,0,1
953,953,0,00000000,00000000,000ee50f,3d1752d4,00000000,3d1752d4,00000000,00ee50fb,00000000,00000000,0063520a,00635185,00000000,3,0,1
954,954,0,00000000,00000000,000ee50f,3d1752d5,00000000,3d1752d5,00000000,00ee50fb,00000000,00000000,0063520a,00635185,00000000,3,0,1
955,955,0,00000000,00000000,000ee50f,3d1752d6,00000000,3d1752d6,00000000,00ee50fb,00000000,00000000,0063520a,00635185,00000000,3,0,1
956,956,0,00000000,00000000,000ee50f,3d1752d7,00000000,3d1752d7,00000000,00ee50fb,00000000,00000000,0063520a,00635185,00000000,3,0,1
957,957,0,00000000,00000000,000ee50f,3d1752d8,00000000,3d1752d8,00000000,00ee50fb,00000000,00000000,0063520a,00635185,00000000,3,0,1
958,958,0,00000000,00000000,000ee50f,3d1752d9,00000000,3d1752d9,00000000,00ee50fb,00000000,00000000,0063520a,00635185,00000000,3,0,1
959,959,0,00000000,00000000,000ee50f,3d1752da,00000000,3d1752da,00000000,00ee50fb,00000000,00000000,0063520a,00635185,00000000,3,0,1
960,960,0,00000000,00000000,000ee50f,3d1752db,00000000,3d1752db,00000000,00ee50fb,00000000,00000000,0063520a,00635185,00000000,3,0,1
961,961,0,00000000,00000000,000ee50f,3d1752dc,00000000,3d1752dc,00000000,00ee50fb,00000000,00000000,0063520a,00635185,00000000,3,0,1
962,962,0,00000000,00000000,000ee50f,3d1752dd,00000000,3d1752dd,00000000,00ee50fb,00000000,00000000,0063520a,00635185,00000000,3,0,1
963,963,0,00000000,00000000,000ee50f,3d1752de,00000000,3d1752de,00000000,00ee50fb,00000000,00000000,0063520a,00635185,00000000,3,0,1
964,964,0,00000000,00000000,000ee50f,3d1752df,00000000,3d1752df,00000000,00ee50fb,00000000,00000000,0063520a,00635185,00000000,3,0,1
965,965,0,00000000,00000000,000ee50f,3d1752e0,00000000,3d1752e0,00000000,00ee50fb,00000000,00000000,0063520a,00635185,00000000,3,0,1
966,966,0,00000000,00000000,000ee50f,3d1752e1,00000000,3d1752e1,00000000,00ee50fb,00000000,00000000,0063520a,00635185,00000000,3,0,1
967,967,0,00000000,00000000,000ee50f,3d1752e2,00000000,3d1752e2,00000000,00ee50fb,00000000,00000000,0063520a,00635185,00000000,3,0,1
968,968,0,00000000,00000000,000ee50f,3d1752e3,00000000,3d1752e3,00000000,00ee50fb,00000000,00000000,0063520a,00635185,00000000,3,0,1
969,969,0,00000000,00000000,000ee50f,3d1752e4,00000000,3d1752e4,00000000,00ee50fb,00000000,00000000,0063520a,00635185,00000000,3,0,1
970,970,0,00000000,00000000,000ee50f,3d1752e5,00000000,3d1752e5,00000000,00ee50fb,00000000,00000000,0063520a,00635185,00000000,3,0,1
971,971,0,00000000,00000000,000ee50f,3d1752e6,00000000,3d1752e6,00000000,00ee50fb,00000000,00000000,0063520a,00635185,00000000,3,0,1
972,972,0,00000000,00000000,000ee50f,3d1752e7,00000000,3d1752e7,00000000,00ee50fb,00000000,00000000,0063520a,00635185,00000000,3,0,1
973,973,0,00000000,00000000,000ee50f,3d1752e8,00000000,3d1752e8,00000000,00ee50fb,00000000,00000000,0063520a,00635185,00000000,3,0,1
974,974,0,00000000,00000000,000ee50f,3d1752e9,00000000,3d1752e9,00000000,00ee50fb,00000000,00000000,0063520a,00635185,00000000,3,0,1
975,975,0,00000000,00000000,000ee50f,3d1752ea,00000000,3d1752ea,00000000,00ee50fb,00000000,00000000,0063520a,00635185,00000000,3,0,1
976,976,0,00000000,00000000,000ee50f,3d1752eb,00000000,3d1752eb,00000000,00ee50fb,00000000,00000000,0063520a,00635185,00000000,3,0,1
977,977,0,00000000,00000000,000ee50f,3d1752ec,00000000,3d1752ec,00000000,00ee50fb,00000000,00000000,0063520a,00635185,00000000,3,0,1
978,978,0,00000000,00000000,000ee50f,3d1752ed,00000000,3d1752ed,00000000,00ee50fb,00000000,00000000,0063520a,00635185,00000000,3,0,1
979,979,0,00000000,00000000,000ee50f,3d1752ee,00000000,3d1752ee,00000000,00ee50fb,00000000,00000000,0063520a,00635185,00000000,3,0,1
980,980,0,00000000,00000000,000ee50f,3d1752ef,00000000,3d1752ef,00000000,00ee50fb,00000000,00000000,0063520a,00635185,00000000,3,0,1
981,981,0,00000000,00000000,000ee50f,3d1752f0,00000000,3d1752f0,00000000,00ee50fb,00000000,00000000,0063520a,00635185,00000000,3,0,1
982,982,0,00000000,00000000,000ee50f,3d1752f1,00000000,3d1752f1,00000000,00ee50fb,00000000,00000000,0063520a,00635185,00000000,3,0,1
983,983,0,00000000,00000000,000ee50f,3d1752f2,00000000,3d1752f2,00000000,00ee50fb,00000000,00000000,0063520a,00635185,00000000,3,0,1
984,984,0,00000000,00000000,000ee50f,3d1752f3,00000000,3d1752f3,00000000,00ee50fb,00000000,00000000,0063520a,00635185,00000000,3,0,1
985,985,0,00000000,00000000,000ee50f,3d1752f4,00000000,3d1752f4,00000000,00ee50fb,00000000,00000000,0063520a,00635185,00000000,3,0,1
986,986,0,00000000,00000000,000ee50f,3d1752f5,00000000,3d1752f5,00000000,00ee50fb,00000000,00000000,0063520a,00635185,00000000,3,0,1
987,987,0,00000000,00000000,000ee50f,3d1752f6,00000000,3d1752f6,00000000,00ee50fb,00000000,00000000,0063520a,00635185,00000000,3,0,1
988,988,0,00000000,00000000,000ee50f,3d1752f7,00000000,3d1752f7,00000000,00ee50fb,00000000,00000000,0063520a,00635185,00000000,3,0,1
989,989,0,00000000,00000000,000ee50f,3d1752f8,00000000,3d1752f8,00000000,00ee50fb,00000000,00000000,0063520a,00635185,00000000,3,0,1
990,990,0,00000000,00000000,000ee50f,3d1752f9,00000000,3d1752f9,00000000,00ee50fb,00000000,00000000,0063520a,00635185,00000000,3,0,1
991,991,0,00000000,00000000,000ee50f,3d1752fa,00000000,3d1752fa,00000000,00ee50fb,00000000,00000000,0063520a,00635185,00000000,3,0,1
992,992,0,00000000,00000000,000ee50f,3d1752fb,00000000,3d1752fb,00000000,00ee50fb,00000000,00000000,0063520a,00635185,00000000,3,0,1
993,993,0,00000000,00000000,000ee50f,3d1752fc,00000000,3d1752fc,00000000,00ee50fb,00000000,00000000,0063520a,00635185,00000000,3,0,1
994,994,0,00000000,00000000,000ee50f,3d1752fd,00000000,3d1752fd,00000000,00ee50fb,00000000,00000000,0063520a,00635185,00000000,3,0,1
995,995,0,00000000,00000000,000ee50f,3d1752fe,00000000,3d1752fe,00000000,00ee50fb,00000000,00000000,0063520a,00635185,00000000,3,0,1
996,996,0,00000000,00000000,000ee50f,3d1752ff,00000000,3d1752ff,00000000,00ee50fb,00000000,00000000,0063520a,00635185,00000000,3,0,1
997,997,0,00000000,00000000,000ee50f,3d175300,00000000,3d175300,00000000,00ee50fb,00000000,00000000,0063520a,00635185,00000000,3,0,1
998,998,0,00000000,00000000,000ee50f,3d175301,00000000,3d175301,00000000,00ee50fb,00000000,00000000,0063520a,00635185,00000000,3,0,1
999,999,0,00000000,00000000,000ee50f,3d175302,00000000,3d175302,00000000,00ee50fb,00000000,00000000,0063520a,00635185,00000000,3,0,1
1000,1000,0,00000000,00000000,000ee50f,3d175303,00000000,3d175303,00000000,00ee50fb,00000000,00000000,0063520a,00635185,00000000,3,0,1
1001,1001,0,00000000,00000000,000ee50f,3d175304,00000000,3d175304,00000000,00ee50fb,00000000,00000000,0063520a,00635185,00000000,3,0,1
1002,1002,0,00000000,00000000,000ee50f,3d175305,00000000,3d175305,00000000,00ee50fb,00000000,00000000,0063520a,00635185,00000000,3,0,1
1003,1003,0,00000000,00000000,000ee50f,3d175306,00000000,3d175306,00000000,00ee50fb,00000000,00000000,0063520a,00635185,00000000,3,0,1
1004,1004,0,00000000,00000000,000ee50f,3d175307,00000000,3d175307,00000000,00ee50fb,00000000,00000000,0063520a,00635185,00000000,3,0,1
1005,1005,0,00000000,00000000,000ee50f,3d175308,00000000,3d175308,00000000,00ee50fb,00000000,00000000,0063520a,00635185,00000000,3,0,1
1006,1006,0,00000000,00000000,000ee50f,3d175309,00000000,3d175309,00000000,00ee50fb,00000000,00000000,0063520a,00635185,00000000,3,0,1
1007,1007,0,00000000,00000000,000ee50f,3d17530a,00000000,3d17530a,00000000,00ee50fb,00000000,00000000,0063520a,00635185,00000000,3,0,1
1008,1008,0,00000000,00000000,000ee50f,3d17530b,00000000,3d17530b,00000000,00ee50fb,00000000,00000000,0063520a,00635185,00000000,3,0,1
1009,1009,0,00000000,00000000,000ee50f,3d17530c,00000000,3d17530c,00000000,00ee50fb,00000000,00000000,0063520a,00635185,00000000,3,0,1
1010,1010,0,00000000,00000000,000ee50f,3d17530d,00000000,3d17530d,00000000,00ee50fb,00000000,00000000,0063520a,00635185,00000000,3,0,1
1011,1011,0,00000000,00000000,000ee50f,3d17530e,00000000,3d17530e,00000000,00ee50fb,00000000,00000000,0063520a,00635185,00000000,3,0,1
1012,1012,0,00000000,00000000,000ee50f,3d17530f,00000000,3d17530f,00000000,00ee50fb,00000000,00000000,0063520a,00635185,00000000,3,0,1
1013,1013,0,00000000,00000000,000ee50f,3d175310,00000000,3d175310,00000000,00ee50fb,00000000,00000000,0063520a,00635185,00000000,3,0,1
1014,1014,0,00000000,00000000,000ee50f,3d175311,00000000,3d175311,00000000,00ee50fb,00000000,00000000,0063520a,00635185,00000000,3,0,1
1015,1015,0,00000000,00000000,000ee50f,3d175312,00000000,3d175312,00000000,00ee50fb,00000000,00000000,0063520a,00635185,00000000,3,0,1
1016,1016,0,00000000,00000000,000ee50f,3d175313,00000000,3d175313,00000000,00ee50fb,00000000,00000000,0063520a,00635185,00000000,3,0,1
1017,1017,0,00000000,00000000,000ee50f,3d175314,00000000,3d175314,00000000,00ee50fb,00000000,00000000,0063520a,00635185,00000000,3,0,1
1018,1018,0,00000000,00000000,000ee50f,3d175315,00000000,3d175315,00000000,00ee50fb,00000000,00000000,0063520a,00635185,00000000,3,0,1
1019,1019,0,00000000,00000000,000ee50f,3d175316,00000000,3d175316,00000000,00ee50fb,00000000,00000000,0063520a,00635185,00000000,3,0,1
1020,1020,0,00000000,00000000,000ee50f,3d175317,00000000,3d175317,00000000,00ee50fb,00000000,00000000,0063520a,00635185,00000000,3,0,1
1021,1021,0,00000000,00000000,000ee50f,3d175318,00000000,3d175318,00000000,00ee50fb,00000000,00000000,0063520a,00635185,00000000,3,0,1
1022,1022,0,00000000,00000000,000ee50f,3d175319,00000000,3d175319,00000000,00ee50fb,00000000,00000000,0063520a,00635185,00000000,3,0,1
1023,1023,0,00000000,00000000,000ee50f,3d17531a,00000000,3d17531a,00000000,00ee50fb,00000000,00000000,0063520a,00635185,00000000,3,0,1
