Copyright 1986-2022 Xilinx, Inc. All Rights Reserved. Copyright 2022-2025 Advanced Micro Devices, Inc. All Rights Reserved.
-----------------------------------------------------------------------------------------------------------------------------------------------------------------
| Tool Version : Vivado v.2025.2 (win64) Build 6299465 Fri Nov 14 19:35:11 GMT 2025
| Date         : Sat Sep 12 17:29:26 2026
| Host         : LAPTOP-QOCHRTAO running 64-bit major release  (build 9200)
| Command      : report_cdc -details -file D:/OpalFolder/MyOwnProject/FPGA/GALS_Packet-Based_Fabric/GALS_Packet-Based_Fabric.runs/impl_1/arty_stress_top_cdc.rpt
| Design       : arty_stress_top
| Device       : 7a100t-csg324
| Speed File   : -1  PRODUCTION 1.23 2018-06-13
| Design State : Routed
-----------------------------------------------------------------------------------------------------------------------------------------------------------------

CDC Report

ID      Severity  Count  Description
------  --------  -----  -------------------------------------------------------
CDC-3   Info        134  1-bit synchronized with ASYNC_REG property
CDC-6   Warning      36  Multi-bit synchronized with ASYNC_REG property
CDC-9   Info          2  Asynchronous reset synchronized with ASYNC_REG property
CDC-15  Warning     338  Clock enable controlled CDC structure detected

Source Clock: clk_out2_clk_wiz_0
Destination Clock: clk_out1_clk_wiz_0
CDC Type: User Ignored

Row  ID      Severity  Description                                     Depth  Exception            Source (From)                                                                                            Destination (To)
---  ------  --------  ----------------------------------------------  -----  -------------------  -------------------------------------------------------------------------------------------------------  --------------------------------------------------------------------------------------------------------
  1  CDC-3   Info      1-bit synchronized with ASYNC_REG property          2  Asynch Clock Groups  u_ila_1/inst/ila_core_inst/u_ila_regs/ila_clk_flag_reg/C                                                 u_ila_1/inst/ila_core_inst/u_ila_regs/ila_clk_flag_sync1_reg/D
  2  CDC-15  Warning   Clock enable controlled CDC structure detected      0  Asynch Clock Groups  u_ila_1/inst/ila_core_inst/u_ila_cap_ctrl/CAP_TRIGGER_O_reg/C                                            u_ila_1/inst/ila_core_inst/u_ila_regs/reg_8/I_EN_STAT_EQ1.U_STAT/xsdb_reg_reg[2]/D
  3  CDC-15  Warning   Clock enable controlled CDC structure detected      0  Asynch Clock Groups  u_ila_1/inst/ila_core_inst/u_ila_cap_ctrl/CAP_DONE_O_reg/C                                               u_ila_1/inst/ila_core_inst/u_ila_regs/reg_8/I_EN_STAT_EQ1.U_STAT/xsdb_reg_reg[3]/D
  4  CDC-15  Warning   Clock enable controlled CDC structure detected      0  Asynch Clock Groups  u_ila_1/inst/ila_core_inst/u_ila_cap_ctrl/U_NS0/I_YESLUT6.I_YES_OREG.O_reg_reg/C                         u_ila_1/inst/ila_core_inst/u_ila_regs/reg_88d/I_EN_STAT_EQ1.U_STAT/xsdb_reg_reg[0]/D
  5  CDC-15  Warning   Clock enable controlled CDC structure detected      0  Asynch Clock Groups  u_ila_1/inst/ila_core_inst/u_ila_cap_ctrl/U_NS1/I_YESLUT6.I_YES_OREG.O_reg_reg/C                         u_ila_1/inst/ila_core_inst/u_ila_regs/reg_88d/I_EN_STAT_EQ1.U_STAT/xsdb_reg_reg[1]/D
  6  CDC-15  Warning   Clock enable controlled CDC structure detected      0  Asynch Clock Groups  u_ila_1/inst/ila_core_inst/u_ila_cap_ctrl/u_cap_addrgen/captured_samples_reg[0]/C                        u_ila_1/inst/ila_core_inst/u_ila_regs/reg_9/I_EN_STAT_EQ1.U_STAT/xsdb_reg_reg[0]/D
  7  CDC-15  Warning   Clock enable controlled CDC structure detected      0  Asynch Clock Groups  u_ila_1/inst/ila_core_inst/u_ila_cap_ctrl/u_cap_addrgen/captured_samples_reg[1]/C                        u_ila_1/inst/ila_core_inst/u_ila_regs/reg_9/I_EN_STAT_EQ1.U_STAT/xsdb_reg_reg[1]/D
  8  CDC-15  Warning   Clock enable controlled CDC structure detected      0  Asynch Clock Groups  u_ila_1/inst/ila_core_inst/u_ila_cap_ctrl/u_cap_addrgen/captured_samples_reg[2]/C                        u_ila_1/inst/ila_core_inst/u_ila_regs/reg_9/I_EN_STAT_EQ1.U_STAT/xsdb_reg_reg[2]/D
  9  CDC-15  Warning   Clock enable controlled CDC structure detected      0  Asynch Clock Groups  u_ila_1/inst/ila_core_inst/u_ila_cap_ctrl/u_cap_addrgen/captured_samples_reg[3]/C                        u_ila_1/inst/ila_core_inst/u_ila_regs/reg_9/I_EN_STAT_EQ1.U_STAT/xsdb_reg_reg[3]/D
 10  CDC-15  Warning   Clock enable controlled CDC structure detected      0  Asynch Clock Groups  u_ila_1/inst/ila_core_inst/u_ila_cap_ctrl/u_cap_addrgen/captured_samples_reg[4]/C                        u_ila_1/inst/ila_core_inst/u_ila_regs/reg_9/I_EN_STAT_EQ1.U_STAT/xsdb_reg_reg[4]/D
 11  CDC-15  Warning   Clock enable controlled CDC structure detected      0  Asynch Clock Groups  u_ila_1/inst/ila_core_inst/u_ila_cap_ctrl/u_cap_addrgen/captured_samples_reg[5]/C                        u_ila_1/inst/ila_core_inst/u_ila_regs/reg_9/I_EN_STAT_EQ1.U_STAT/xsdb_reg_reg[5]/D
 12  CDC-15  Warning   Clock enable controlled CDC structure detected      0  Asynch Clock Groups  u_ila_1/inst/ila_core_inst/u_ila_cap_ctrl/u_cap_addrgen/captured_samples_reg[6]/C                        u_ila_1/inst/ila_core_inst/u_ila_regs/reg_9/I_EN_STAT_EQ1.U_STAT/xsdb_reg_reg[6]/D
 13  CDC-15  Warning   Clock enable controlled CDC structure detected      0  Asynch Clock Groups  u_ila_1/inst/ila_core_inst/u_ila_cap_ctrl/u_cap_addrgen/captured_samples_reg[7]/C                        u_ila_1/inst/ila_core_inst/u_ila_regs/reg_9/I_EN_STAT_EQ1.U_STAT/xsdb_reg_reg[7]/D
 14  CDC-15  Warning   Clock enable controlled CDC structure detected      0  Asynch Clock Groups  u_ila_1/inst/ila_core_inst/u_ila_cap_ctrl/u_cap_addrgen/captured_samples_reg[8]/C                        u_ila_1/inst/ila_core_inst/u_ila_regs/reg_9/I_EN_STAT_EQ1.U_STAT/xsdb_reg_reg[8]/D
 15  CDC-15  Warning   Clock enable controlled CDC structure detected      0  Asynch Clock Groups  u_ila_1/inst/ila_core_inst/u_ila_cap_ctrl/u_cap_addrgen/captured_samples_reg[9]/C                        u_ila_1/inst/ila_core_inst/u_ila_regs/reg_9/I_EN_STAT_EQ1.U_STAT/xsdb_reg_reg[9]/D
 16  CDC-3   Info      1-bit synchronized with ASYNC_REG property          2  Asynch Clock Groups  u_ila_1/inst/ila_core_inst/u_ila_reset_ctrl/asyncrounous_transfer.arm_in_transfer_inst/dout_reg1_reg/C   u_ila_1/inst/ila_core_inst/u_ila_reset_ctrl/asyncrounous_transfer.arm_in_transfer_inst/temp_reg0_reg/D
 17  CDC-3   Info      1-bit synchronized with ASYNC_REG property          2  Asynch Clock Groups  u_ila_1/inst/ila_core_inst/u_ila_reset_ctrl/asyncrounous_transfer.arm_out_transfer_inst/din_reg_reg/C    u_ila_1/inst/ila_core_inst/u_ila_reset_ctrl/asyncrounous_transfer.arm_out_transfer_inst/dout_reg0_reg/D
 18  CDC-3   Info      1-bit synchronized with ASYNC_REG property          2  Asynch Clock Groups  u_ila_1/inst/ila_core_inst/u_ila_reset_ctrl/asyncrounous_transfer.halt_in_transfer_inst/dout_reg1_reg/C  u_ila_1/inst/ila_core_inst/u_ila_reset_ctrl/asyncrounous_transfer.halt_in_transfer_inst/temp_reg0_reg/D
 19  CDC-3   Info      1-bit synchronized with ASYNC_REG property          2  Asynch Clock Groups  u_ila_1/inst/ila_core_inst/u_ila_reset_ctrl/asyncrounous_transfer.halt_out_transfer_inst/din_reg_reg/C   u_ila_1/inst/ila_core_inst/u_ila_reset_ctrl/asyncrounous_transfer.halt_out_transfer_inst/dout_reg0_reg/D
 20  CDC-6   Warning   Multi-bit synchronized with ASYNC_REG property      2  Asynch Clock Groups  uut_noc_top/wrap_00/RX_VC[0].rx_fifo/core_fifo/r_cnt/ptr_g_reg[4:0]/C                                    uut_noc_top/wrap_00/RX_VC[0].rx_fifo/core_fifo/sync_r2w/q1_reg[4:0]/D
 21  CDC-6   Warning   Multi-bit synchronized with ASYNC_REG property      2  Asynch Clock Groups  uut_noc_top/wrap_00/RX_VC[1].rx_fifo/core_fifo/r_cnt/ptr_g_reg[4:0]/C                                    uut_noc_top/wrap_00/RX_VC[1].rx_fifo/core_fifo/sync_r2w/q1_reg[4:0]/D
 22  CDC-3   Info      1-bit synchronized with ASYNC_REG property          2  Asynch Clock Groups  uut_noc_top/wrap_00/sbe_host_q_reg/C                                                                     uut_noc_top/wrap_00/u_ecc_cdc/q1_reg[0]/D
 23  CDC-3   Info      1-bit synchronized with ASYNC_REG property          2  Asynch Clock Groups  uut_noc_top/wrap_00/dbe_host_q_reg/C                                                                     uut_noc_top/wrap_00/u_ecc_cdc/q1_reg[1]/D

Source Clock: clk_out3_clk_wiz_0
Destination Clock: clk_out1_clk_wiz_0
CDC Type: User Ignored

Row  ID      Severity  Description                                     Depth  Exception            Source (From)                                                                                            Destination (To)
---  ------  --------  ----------------------------------------------  -----  -------------------  -------------------------------------------------------------------------------------------------------  --------------------------------------------------------------------------------------------------------
  1  CDC-3   Info      1-bit synchronized with ASYNC_REG property          2  Asynch Clock Groups  u_ila_2/inst/ila_core_inst/u_ila_regs/ila_clk_flag_reg/C                                                 u_ila_2/inst/ila_core_inst/u_ila_regs/ila_clk_flag_sync1_reg/D
  2  CDC-15  Warning   Clock enable controlled CDC structure detected      0  Asynch Clock Groups  u_ila_2/inst/ila_core_inst/u_ila_cap_ctrl/CAP_TRIGGER_O_reg/C                                            u_ila_2/inst/ila_core_inst/u_ila_regs/reg_8/I_EN_STAT_EQ1.U_STAT/xsdb_reg_reg[2]/D
  3  CDC-15  Warning   Clock enable controlled CDC structure detected      0  Asynch Clock Groups  u_ila_2/inst/ila_core_inst/u_ila_cap_ctrl/CAP_DONE_O_reg/C                                               u_ila_2/inst/ila_core_inst/u_ila_regs/reg_8/I_EN_STAT_EQ1.U_STAT/xsdb_reg_reg[3]/D
  4  CDC-15  Warning   Clock enable controlled CDC structure detected      0  Asynch Clock Groups  u_ila_2/inst/ila_core_inst/u_ila_cap_ctrl/U_NS0/I_YESLUT6.I_YES_OREG.O_reg_reg/C                         u_ila_2/inst/ila_core_inst/u_ila_regs/reg_88d/I_EN_STAT_EQ1.U_STAT/xsdb_reg_reg[0]/D
  5  CDC-15  Warning   Clock enable controlled CDC structure detected      0  Asynch Clock Groups  u_ila_2/inst/ila_core_inst/u_ila_cap_ctrl/U_NS1/I_YESLUT6.I_YES_OREG.O_reg_reg/C                         u_ila_2/inst/ila_core_inst/u_ila_regs/reg_88d/I_EN_STAT_EQ1.U_STAT/xsdb_reg_reg[1]/D
  6  CDC-15  Warning   Clock enable controlled CDC structure detected      0  Asynch Clock Groups  u_ila_2/inst/ila_core_inst/u_ila_cap_ctrl/u_cap_addrgen/captured_samples_reg[0]/C                        u_ila_2/inst/ila_core_inst/u_ila_regs/reg_9/I_EN_STAT_EQ1.U_STAT/xsdb_reg_reg[0]/D
  7  CDC-15  Warning   Clock enable controlled CDC structure detected      0  Asynch Clock Groups  u_ila_2/inst/ila_core_inst/u_ila_cap_ctrl/u_cap_addrgen/captured_samples_reg[1]/C                        u_ila_2/inst/ila_core_inst/u_ila_regs/reg_9/I_EN_STAT_EQ1.U_STAT/xsdb_reg_reg[1]/D
  8  CDC-15  Warning   Clock enable controlled CDC structure detected      0  Asynch Clock Groups  u_ila_2/inst/ila_core_inst/u_ila_cap_ctrl/u_cap_addrgen/captured_samples_reg[2]/C                        u_ila_2/inst/ila_core_inst/u_ila_regs/reg_9/I_EN_STAT_EQ1.U_STAT/xsdb_reg_reg[2]/D
  9  CDC-15  Warning   Clock enable controlled CDC structure detected      0  Asynch Clock Groups  u_ila_2/inst/ila_core_inst/u_ila_cap_ctrl/u_cap_addrgen/captured_samples_reg[3]/C                        u_ila_2/inst/ila_core_inst/u_ila_regs/reg_9/I_EN_STAT_EQ1.U_STAT/xsdb_reg_reg[3]/D
 10  CDC-15  Warning   Clock enable controlled CDC structure detected      0  Asynch Clock Groups  u_ila_2/inst/ila_core_inst/u_ila_cap_ctrl/u_cap_addrgen/captured_samples_reg[4]/C                        u_ila_2/inst/ila_core_inst/u_ila_regs/reg_9/I_EN_STAT_EQ1.U_STAT/xsdb_reg_reg[4]/D
 11  CDC-15  Warning   Clock enable controlled CDC structure detected      0  Asynch Clock Groups  u_ila_2/inst/ila_core_inst/u_ila_cap_ctrl/u_cap_addrgen/captured_samples_reg[5]/C                        u_ila_2/inst/ila_core_inst/u_ila_regs/reg_9/I_EN_STAT_EQ1.U_STAT/xsdb_reg_reg[5]/D
 12  CDC-15  Warning   Clock enable controlled CDC structure detected      0  Asynch Clock Groups  u_ila_2/inst/ila_core_inst/u_ila_cap_ctrl/u_cap_addrgen/captured_samples_reg[6]/C                        u_ila_2/inst/ila_core_inst/u_ila_regs/reg_9/I_EN_STAT_EQ1.U_STAT/xsdb_reg_reg[6]/D
 13  CDC-15  Warning   Clock enable controlled CDC structure detected      0  Asynch Clock Groups  u_ila_2/inst/ila_core_inst/u_ila_cap_ctrl/u_cap_addrgen/captured_samples_reg[7]/C                        u_ila_2/inst/ila_core_inst/u_ila_regs/reg_9/I_EN_STAT_EQ1.U_STAT/xsdb_reg_reg[7]/D
 14  CDC-15  Warning   Clock enable controlled CDC structure detected      0  Asynch Clock Groups  u_ila_2/inst/ila_core_inst/u_ila_cap_ctrl/u_cap_addrgen/captured_samples_reg[8]/C                        u_ila_2/inst/ila_core_inst/u_ila_regs/reg_9/I_EN_STAT_EQ1.U_STAT/xsdb_reg_reg[8]/D
 15  CDC-15  Warning   Clock enable controlled CDC structure detected      0  Asynch Clock Groups  u_ila_2/inst/ila_core_inst/u_ila_cap_ctrl/u_cap_addrgen/captured_samples_reg[9]/C                        u_ila_2/inst/ila_core_inst/u_ila_regs/reg_9/I_EN_STAT_EQ1.U_STAT/xsdb_reg_reg[9]/D
 16  CDC-3   Info      1-bit synchronized with ASYNC_REG property          2  Asynch Clock Groups  u_ila_2/inst/ila_core_inst/u_ila_reset_ctrl/asyncrounous_transfer.arm_in_transfer_inst/dout_reg1_reg/C   u_ila_2/inst/ila_core_inst/u_ila_reset_ctrl/asyncrounous_transfer.arm_in_transfer_inst/temp_reg0_reg/D
 17  CDC-3   Info      1-bit synchronized with ASYNC_REG property          2  Asynch Clock Groups  u_ila_2/inst/ila_core_inst/u_ila_reset_ctrl/asyncrounous_transfer.arm_out_transfer_inst/din_reg_reg/C    u_ila_2/inst/ila_core_inst/u_ila_reset_ctrl/asyncrounous_transfer.arm_out_transfer_inst/dout_reg0_reg/D
 18  CDC-3   Info      1-bit synchronized with ASYNC_REG property          2  Asynch Clock Groups  u_ila_2/inst/ila_core_inst/u_ila_reset_ctrl/asyncrounous_transfer.halt_in_transfer_inst/dout_reg1_reg/C  u_ila_2/inst/ila_core_inst/u_ila_reset_ctrl/asyncrounous_transfer.halt_in_transfer_inst/temp_reg0_reg/D
 19  CDC-3   Info      1-bit synchronized with ASYNC_REG property          2  Asynch Clock Groups  u_ila_2/inst/ila_core_inst/u_ila_reset_ctrl/asyncrounous_transfer.halt_out_transfer_inst/din_reg_reg/C   u_ila_2/inst/ila_core_inst/u_ila_reset_ctrl/asyncrounous_transfer.halt_out_transfer_inst/dout_reg0_reg/D
 20  CDC-6   Warning   Multi-bit synchronized with ASYNC_REG property      2  Asynch Clock Groups  uut_noc_top/wrap_01/RX_VC[0].rx_fifo/core_fifo/r_cnt/ptr_g_reg[4:0]/C                                    uut_noc_top/wrap_01/RX_VC[0].rx_fifo/core_fifo/sync_r2w/q1_reg[4:0]/D
 21  CDC-6   Warning   Multi-bit synchronized with ASYNC_REG property      2  Asynch Clock Groups  uut_noc_top/wrap_01/RX_VC[1].rx_fifo/core_fifo/r_cnt/ptr_g_reg[4:0]/C                                    uut_noc_top/wrap_01/RX_VC[1].rx_fifo/core_fifo/sync_r2w/q1_reg[4:0]/D
 22  CDC-15  Warning   Clock enable controlled CDC structure detected      0  Asynch Clock Groups  uut_noc_top/wrap_01/TX_VC[0].tx_fifo/core_fifo/dp_ram_ecc_inst/core_ram/mem_reg_0_15_12_12/RAMB/CLK      uut_noc_top/wrap_01/TX_VC[0].tx_fifo/core_fifo/GEN_CTRL_RAM.dp_ram_ctrl_inst/rdata_reg[4]/D
 23  CDC-15  Warning   Clock enable controlled CDC structure detected      0  Asynch Clock Groups  uut_noc_top/wrap_01/TX_VC[0].tx_fifo/core_fifo/dp_ram_ecc_inst/core_ram/mem_reg_0_15_0_5/RAMA/CLK        uut_noc_top/wrap_01/TX_VC[0].tx_fifo/core_fifo/dp_ram_ecc_inst/core_ram/rdata_reg[0]/D
 24  CDC-15  Warning   Clock enable controlled CDC structure detected      0  Asynch Clock Groups  uut_noc_top/wrap_01/TX_VC[0].tx_fifo/core_fifo/dp_ram_ecc_inst/core_ram/mem_reg_0_15_0_5/RAMA_D1/CLK     uut_noc_top/wrap_01/TX_VC[0].tx_fifo/core_fifo/dp_ram_ecc_inst/core_ram/rdata_reg[1]/D
 25  CDC-15  Warning   Clock enable controlled CDC structure detected      0  Asynch Clock Groups  uut_noc_top/wrap_01/TX_VC[0].tx_fifo/core_fifo/dp_ram_ecc_inst/core_ram/mem_reg_0_15_0_5/RAMB/CLK        uut_noc_top/wrap_01/TX_VC[0].tx_fifo/core_fifo/dp_ram_ecc_inst/core_ram/rdata_reg[2]/D
 26  CDC-15  Warning   Clock enable controlled CDC structure detected      0  Asynch Clock Groups  uut_noc_top/wrap_01/TX_VC[0].tx_fifo/core_fifo/dp_ram_ecc_inst/core_ram/mem_reg_0_15_0_5/RAMB_D1/CLK     uut_noc_top/wrap_01/TX_VC[0].tx_fifo/core_fifo/dp_ram_ecc_inst/core_ram/rdata_reg[3]/D
 27  CDC-15  Warning   Clock enable controlled CDC structure detected      0  Asynch Clock Groups  uut_noc_top/wrap_01/TX_VC[0].tx_fifo/core_fifo/dp_ram_ecc_inst/core_ram/mem_reg_0_15_0_5/RAMC/CLK        uut_noc_top/wrap_01/TX_VC[0].tx_fifo/core_fifo/dp_ram_ecc_inst/core_ram/rdata_reg[4]/D
 28  CDC-15  Warning   Clock enable controlled CDC structure detected      0  Asynch Clock Groups  uut_noc_top/wrap_01/TX_VC[0].tx_fifo/core_fifo/dp_ram_ecc_inst/core_ram/mem_reg_0_15_0_5/RAMC_D1/CLK     uut_noc_top/wrap_01/TX_VC[0].tx_fifo/core_fifo/dp_ram_ecc_inst/core_ram/rdata_reg[5]/D
 29  CDC-15  Warning   Clock enable controlled CDC structure detected      0  Asynch Clock Groups  uut_noc_top/wrap_01/TX_VC[0].tx_fifo/core_fifo/dp_ram_ecc_inst/core_ram/mem_reg_0_15_6_11/RAMA/CLK       uut_noc_top/wrap_01/TX_VC[0].tx_fifo/core_fifo/dp_ram_ecc_inst/core_ram/rdata_reg[6]/D
 30  CDC-15  Warning   Clock enable controlled CDC structure detected      0  Asynch Clock Groups  uut_noc_top/wrap_01/TX_VC[0].tx_fifo/core_fifo/dp_ram_ecc_inst/core_ram/mem_reg_0_15_6_11/RAMA_D1/CLK    uut_noc_top/wrap_01/TX_VC[0].tx_fifo/core_fifo/dp_ram_ecc_inst/core_ram/rdata_reg[7]/D
 31  CDC-15  Warning   Clock enable controlled CDC structure detected      0  Asynch Clock Groups  uut_noc_top/wrap_01/TX_VC[0].tx_fifo/core_fifo/dp_ram_ecc_inst/core_ram/mem_reg_0_15_6_11/RAMB/CLK       uut_noc_top/wrap_01/TX_VC[0].tx_fifo/core_fifo/dp_ram_ecc_inst/core_ram/rdata_reg[8]/D
 32  CDC-15  Warning   Clock enable controlled CDC structure detected      0  Asynch Clock Groups  uut_noc_top/wrap_01/TX_VC[0].tx_fifo/core_fifo/dp_ram_ecc_inst/core_ram/mem_reg_0_15_6_11/RAMB_D1/CLK    uut_noc_top/wrap_01/TX_VC[0].tx_fifo/core_fifo/dp_ram_ecc_inst/core_ram/rdata_reg[9]/D
 33  CDC-15  Warning   Clock enable controlled CDC structure detected      0  Asynch Clock Groups  uut_noc_top/wrap_01/TX_VC[0].tx_fifo/core_fifo/dp_ram_ecc_inst/core_ram/mem_reg_0_15_6_11/RAMC/CLK       uut_noc_top/wrap_01/TX_VC[0].tx_fifo/core_fifo/dp_ram_ecc_inst/core_ram/rdata_reg[10]/D
 34  CDC-15  Warning   Clock enable controlled CDC structure detected      0  Asynch Clock Groups  uut_noc_top/wrap_01/TX_VC[0].tx_fifo/core_fifo/dp_ram_ecc_inst/core_ram/mem_reg_0_15_6_11/RAMC_D1/CLK    uut_noc_top/wrap_01/TX_VC[0].tx_fifo/core_fifo/dp_ram_ecc_inst/core_ram/rdata_reg[11]/D
 35  CDC-15  Warning   Clock enable controlled CDC structure detected      0  Asynch Clock Groups  uut_noc_top/wrap_01/TX_VC[0].tx_fifo/core_fifo/dp_ram_ecc_inst/core_ram/mem_reg_0_15_12_12/RAMA/CLK      uut_noc_top/wrap_01/TX_VC[0].tx_fifo/core_fifo/dp_ram_ecc_inst/core_ram/rdata_reg[12]/D
 36  CDC-6   Warning   Multi-bit synchronized with ASYNC_REG property      2  Asynch Clock Groups  uut_noc_top/wrap_01/TX_VC[0].tx_fifo/core_fifo/w_cnt/ptr_g_reg[4:0]/C                                    uut_noc_top/wrap_01/TX_VC[0].tx_fifo/core_fifo/sync_w2r/q1_reg[4:0]/D
 37  CDC-15  Warning   Clock enable controlled CDC structure detected      0  Asynch Clock Groups  uut_noc_top/wrap_01/TX_VC[1].tx_fifo/core_fifo/dp_ram_ecc_inst/core_ram/mem_reg_0_15_12_12/RAMB/CLK      uut_noc_top/wrap_01/TX_VC[1].tx_fifo/core_fifo/GEN_CTRL_RAM.dp_ram_ctrl_inst/rdata_reg[4]/D
 38  CDC-15  Warning   Clock enable controlled CDC structure detected      0  Asynch Clock Groups  uut_noc_top/wrap_01/TX_VC[1].tx_fifo/core_fifo/dp_ram_ecc_inst/core_ram/mem_reg_0_15_0_5/RAMA/CLK        uut_noc_top/wrap_01/TX_VC[1].tx_fifo/core_fifo/dp_ram_ecc_inst/core_ram/rdata_reg[0]/D
 39  CDC-15  Warning   Clock enable controlled CDC structure detected      0  Asynch Clock Groups  uut_noc_top/wrap_01/TX_VC[1].tx_fifo/core_fifo/dp_ram_ecc_inst/core_ram/mem_reg_0_15_0_5/RAMA_D1/CLK     uut_noc_top/wrap_01/TX_VC[1].tx_fifo/core_fifo/dp_ram_ecc_inst/core_ram/rdata_reg[1]/D
 40  CDC-15  Warning   Clock enable controlled CDC structure detected      0  Asynch Clock Groups  uut_noc_top/wrap_01/TX_VC[1].tx_fifo/core_fifo/dp_ram_ecc_inst/core_ram/mem_reg_0_15_0_5/RAMB/CLK        uut_noc_top/wrap_01/TX_VC[1].tx_fifo/core_fifo/dp_ram_ecc_inst/core_ram/rdata_reg[2]/D
 41  CDC-15  Warning   Clock enable controlled CDC structure detected      0  Asynch Clock Groups  uut_noc_top/wrap_01/TX_VC[1].tx_fifo/core_fifo/dp_ram_ecc_inst/core_ram/mem_reg_0_15_0_5/RAMB_D1/CLK     uut_noc_top/wrap_01/TX_VC[1].tx_fifo/core_fifo/dp_ram_ecc_inst/core_ram/rdata_reg[3]/D
 42  CDC-15  Warning   Clock enable controlled CDC structure detected      0  Asynch Clock Groups  uut_noc_top/wrap_01/TX_VC[1].tx_fifo/core_fifo/dp_ram_ecc_inst/core_ram/mem_reg_0_15_0_5/RAMC/CLK        uut_noc_top/wrap_01/TX_VC[1].tx_fifo/core_fifo/dp_ram_ecc_inst/core_ram/rdata_reg[4]/D
 43  CDC-15  Warning   Clock enable controlled CDC structure detected      0  Asynch Clock Groups  uut_noc_top/wrap_01/TX_VC[1].tx_fifo/core_fifo/dp_ram_ecc_inst/core_ram/mem_reg_0_15_0_5/RAMC_D1/CLK     uut_noc_top/wrap_01/TX_VC[1].tx_fifo/core_fifo/dp_ram_ecc_inst/core_ram/rdata_reg[5]/D
 44  CDC-15  Warning   Clock enable controlled CDC structure detected      0  Asynch Clock Groups  uut_noc_top/wrap_01/TX_VC[1].tx_fifo/core_fifo/dp_ram_ecc_inst/core_ram/mem_reg_0_15_6_11/RAMA/CLK       uut_noc_top/wrap_01/TX_VC[1].tx_fifo/core_fifo/dp_ram_ecc_inst/core_ram/rdata_reg[6]/D
 45  CDC-15  Warning   Clock enable controlled CDC structure detected      0  Asynch Clock Groups  uut_noc_top/wrap_01/TX_VC[1].tx_fifo/core_fifo/dp_ram_ecc_inst/core_ram/mem_reg_0_15_6_11/RAMA_D1/CLK    uut_noc_top/wrap_01/TX_VC[1].tx_fifo/core_fifo/dp_ram_ecc_inst/core_ram/rdata_reg[7]/D
 46  CDC-15  Warning   Clock enable controlled CDC structure detected      0  Asynch Clock Groups  uut_noc_top/wrap_01/TX_VC[1].tx_fifo/core_fifo/dp_ram_ecc_inst/core_ram/mem_reg_0_15_6_11/RAMB/CLK       uut_noc_top/wrap_01/TX_VC[1].tx_fifo/core_fifo/dp_ram_ecc_inst/core_ram/rdata_reg[8]/D
 47  CDC-15  Warning   Clock enable controlled CDC structure detected      0  Asynch Clock Groups  uut_noc_top/wrap_01/TX_VC[1].tx_fifo/core_fifo/dp_ram_ecc_inst/core_ram/mem_reg_0_15_6_11/RAMB_D1/CLK    uut_noc_top/wrap_01/TX_VC[1].tx_fifo/core_fifo/dp_ram_ecc_inst/core_ram/rdata_reg[9]/D
 48  CDC-15  Warning   Clock enable controlled CDC structure detected      0  Asynch Clock Groups  uut_noc_top/wrap_01/TX_VC[1].tx_fifo/core_fifo/dp_ram_ecc_inst/core_ram/mem_reg_0_15_6_11/RAMC/CLK       uut_noc_top/wrap_01/TX_VC[1].tx_fifo/core_fifo/dp_ram_ecc_inst/core_ram/rdata_reg[10]/D
 49  CDC-15  Warning   Clock enable controlled CDC structure detected      0  Asynch Clock Groups  uut_noc_top/wrap_01/TX_VC[1].tx_fifo/core_fifo/dp_ram_ecc_inst/core_ram/mem_reg_0_15_6_11/RAMC_D1/CLK    uut_noc_top/wrap_01/TX_VC[1].tx_fifo/core_fifo/dp_ram_ecc_inst/core_ram/rdata_reg[11]/D
 50  CDC-15  Warning   Clock enable controlled CDC structure detected      0  Asynch Clock Groups  uut_noc_top/wrap_01/TX_VC[1].tx_fifo/core_fifo/dp_ram_ecc_inst/core_ram/mem_reg_0_15_12_12/RAMA/CLK      uut_noc_top/wrap_01/TX_VC[1].tx_fifo/core_fifo/dp_ram_ecc_inst/core_ram/rdata_reg[12]/D
 51  CDC-6   Warning   Multi-bit synchronized with ASYNC_REG property      2  Asynch Clock Groups  uut_noc_top/wrap_01/TX_VC[1].tx_fifo/core_fifo/w_cnt/ptr_g_reg[4:0]/C                                    uut_noc_top/wrap_01/TX_VC[1].tx_fifo/core_fifo/sync_w2r/q1_reg[4:0]/D
 52  CDC-3   Info      1-bit synchronized with ASYNC_REG property          2  Asynch Clock Groups  uut_noc_top/wrap_01/sbe_host_q_reg/C                                                                     uut_noc_top/wrap_01/u_ecc_cdc/q1_reg[0]/D
 53  CDC-3   Info      1-bit synchronized with ASYNC_REG property          2  Asynch Clock Groups  uut_noc_top/wrap_01/dbe_host_q_reg/C                                                                     uut_noc_top/wrap_01/u_ecc_cdc/q1_reg[1]/D

Source Clock: clk_out4_clk_wiz_0
Destination Clock: clk_out1_clk_wiz_0
CDC Type: User Ignored

Row  ID      Severity  Description                                     Depth  Exception            Source (From)                                                                                            Destination (To)
---  ------  --------  ----------------------------------------------  -----  -------------------  -------------------------------------------------------------------------------------------------------  --------------------------------------------------------------------------------------------------------
  1  CDC-3   Info      1-bit synchronized with ASYNC_REG property          2  Asynch Clock Groups  u_ila_3/inst/ila_core_inst/u_ila_regs/ila_clk_flag_reg/C                                                 u_ila_3/inst/ila_core_inst/u_ila_regs/ila_clk_flag_sync1_reg/D
  2  CDC-15  Warning   Clock enable controlled CDC structure detected      0  Asynch Clock Groups  u_ila_3/inst/ila_core_inst/u_ila_cap_ctrl/CAP_TRIGGER_O_reg/C                                            u_ila_3/inst/ila_core_inst/u_ila_regs/reg_8/I_EN_STAT_EQ1.U_STAT/xsdb_reg_reg[2]/D
  3  CDC-15  Warning   Clock enable controlled CDC structure detected      0  Asynch Clock Groups  u_ila_3/inst/ila_core_inst/u_ila_cap_ctrl/CAP_DONE_O_reg/C                                               u_ila_3/inst/ila_core_inst/u_ila_regs/reg_8/I_EN_STAT_EQ1.U_STAT/xsdb_reg_reg[3]/D
  4  CDC-15  Warning   Clock enable controlled CDC structure detected      0  Asynch Clock Groups  u_ila_3/inst/ila_core_inst/u_ila_cap_ctrl/U_NS0/I_YESLUT6.I_YES_OREG.O_reg_reg/C                         u_ila_3/inst/ila_core_inst/u_ila_regs/reg_88d/I_EN_STAT_EQ1.U_STAT/xsdb_reg_reg[0]/D
  5  CDC-15  Warning   Clock enable controlled CDC structure detected      0  Asynch Clock Groups  u_ila_3/inst/ila_core_inst/u_ila_cap_ctrl/U_NS1/I_YESLUT6.I_YES_OREG.O_reg_reg/C                         u_ila_3/inst/ila_core_inst/u_ila_regs/reg_88d/I_EN_STAT_EQ1.U_STAT/xsdb_reg_reg[1]/D
  6  CDC-15  Warning   Clock enable controlled CDC structure detected      0  Asynch Clock Groups  u_ila_3/inst/ila_core_inst/u_ila_cap_ctrl/u_cap_addrgen/captured_samples_reg[0]/C                        u_ila_3/inst/ila_core_inst/u_ila_regs/reg_9/I_EN_STAT_EQ1.U_STAT/xsdb_reg_reg[0]/D
  7  CDC-15  Warning   Clock enable controlled CDC structure detected      0  Asynch Clock Groups  u_ila_3/inst/ila_core_inst/u_ila_cap_ctrl/u_cap_addrgen/captured_samples_reg[1]/C                        u_ila_3/inst/ila_core_inst/u_ila_regs/reg_9/I_EN_STAT_EQ1.U_STAT/xsdb_reg_reg[1]/D
  8  CDC-15  Warning   Clock enable controlled CDC structure detected      0  Asynch Clock Groups  u_ila_3/inst/ila_core_inst/u_ila_cap_ctrl/u_cap_addrgen/captured_samples_reg[2]/C                        u_ila_3/inst/ila_core_inst/u_ila_regs/reg_9/I_EN_STAT_EQ1.U_STAT/xsdb_reg_reg[2]/D
  9  CDC-15  Warning   Clock enable controlled CDC structure detected      0  Asynch Clock Groups  u_ila_3/inst/ila_core_inst/u_ila_cap_ctrl/u_cap_addrgen/captured_samples_reg[3]/C                        u_ila_3/inst/ila_core_inst/u_ila_regs/reg_9/I_EN_STAT_EQ1.U_STAT/xsdb_reg_reg[3]/D
 10  CDC-15  Warning   Clock enable controlled CDC structure detected      0  Asynch Clock Groups  u_ila_3/inst/ila_core_inst/u_ila_cap_ctrl/u_cap_addrgen/captured_samples_reg[4]/C                        u_ila_3/inst/ila_core_inst/u_ila_regs/reg_9/I_EN_STAT_EQ1.U_STAT/xsdb_reg_reg[4]/D
 11  CDC-15  Warning   Clock enable controlled CDC structure detected      0  Asynch Clock Groups  u_ila_3/inst/ila_core_inst/u_ila_cap_ctrl/u_cap_addrgen/captured_samples_reg[5]/C                        u_ila_3/inst/ila_core_inst/u_ila_regs/reg_9/I_EN_STAT_EQ1.U_STAT/xsdb_reg_reg[5]/D
 12  CDC-15  Warning   Clock enable controlled CDC structure detected      0  Asynch Clock Groups  u_ila_3/inst/ila_core_inst/u_ila_cap_ctrl/u_cap_addrgen/captured_samples_reg[6]/C                        u_ila_3/inst/ila_core_inst/u_ila_regs/reg_9/I_EN_STAT_EQ1.U_STAT/xsdb_reg_reg[6]/D
 13  CDC-15  Warning   Clock enable controlled CDC structure detected      0  Asynch Clock Groups  u_ila_3/inst/ila_core_inst/u_ila_cap_ctrl/u_cap_addrgen/captured_samples_reg[7]/C                        u_ila_3/inst/ila_core_inst/u_ila_regs/reg_9/I_EN_STAT_EQ1.U_STAT/xsdb_reg_reg[7]/D
 14  CDC-15  Warning   Clock enable controlled CDC structure detected      0  Asynch Clock Groups  u_ila_3/inst/ila_core_inst/u_ila_cap_ctrl/u_cap_addrgen/captured_samples_reg[8]/C                        u_ila_3/inst/ila_core_inst/u_ila_regs/reg_9/I_EN_STAT_EQ1.U_STAT/xsdb_reg_reg[8]/D
 15  CDC-15  Warning   Clock enable controlled CDC structure detected      0  Asynch Clock Groups  u_ila_3/inst/ila_core_inst/u_ila_cap_ctrl/u_cap_addrgen/captured_samples_reg[9]/C                        u_ila_3/inst/ila_core_inst/u_ila_regs/reg_9/I_EN_STAT_EQ1.U_STAT/xsdb_reg_reg[9]/D
 16  CDC-3   Info      1-bit synchronized with ASYNC_REG property          2  Asynch Clock Groups  u_ila_3/inst/ila_core_inst/u_ila_reset_ctrl/asyncrounous_transfer.arm_in_transfer_inst/dout_reg1_reg/C   u_ila_3/inst/ila_core_inst/u_ila_reset_ctrl/asyncrounous_transfer.arm_in_transfer_inst/temp_reg0_reg/D
 17  CDC-3   Info      1-bit synchronized with ASYNC_REG property          2  Asynch Clock Groups  u_ila_3/inst/ila_core_inst/u_ila_reset_ctrl/asyncrounous_transfer.arm_out_transfer_inst/din_reg_reg/C    u_ila_3/inst/ila_core_inst/u_ila_reset_ctrl/asyncrounous_transfer.arm_out_transfer_inst/dout_reg0_reg/D
 18  CDC-3   Info      1-bit synchronized with ASYNC_REG property          2  Asynch Clock Groups  u_ila_3/inst/ila_core_inst/u_ila_reset_ctrl/asyncrounous_transfer.halt_in_transfer_inst/dout_reg1_reg/C  u_ila_3/inst/ila_core_inst/u_ila_reset_ctrl/asyncrounous_transfer.halt_in_transfer_inst/temp_reg0_reg/D
 19  CDC-3   Info      1-bit synchronized with ASYNC_REG property          2  Asynch Clock Groups  u_ila_3/inst/ila_core_inst/u_ila_reset_ctrl/asyncrounous_transfer.halt_out_transfer_inst/din_reg_reg/C   u_ila_3/inst/ila_core_inst/u_ila_reset_ctrl/asyncrounous_transfer.halt_out_transfer_inst/dout_reg0_reg/D
 20  CDC-6   Warning   Multi-bit synchronized with ASYNC_REG property      2  Asynch Clock Groups  uut_noc_top/wrap_10/RX_VC[0].rx_fifo/core_fifo/r_cnt/ptr_g_reg[4:0]/C                                    uut_noc_top/wrap_10/RX_VC[0].rx_fifo/core_fifo/sync_r2w/q1_reg[4:0]/D
 21  CDC-6   Warning   Multi-bit synchronized with ASYNC_REG property      2  Asynch Clock Groups  uut_noc_top/wrap_10/RX_VC[1].rx_fifo/core_fifo/r_cnt/ptr_g_reg[4:0]/C                                    uut_noc_top/wrap_10/RX_VC[1].rx_fifo/core_fifo/sync_r2w/q1_reg[4:0]/D
 22  CDC-15  Warning   Clock enable controlled CDC structure detected      0  Asynch Clock Groups  uut_noc_top/wrap_10/TX_VC[0].tx_fifo/core_fifo/dp_ram_ecc_inst/core_ram/mem_reg_0_15_12_12/RAMB/CLK      uut_noc_top/wrap_10/TX_VC[0].tx_fifo/core_fifo/GEN_CTRL_RAM.dp_ram_ctrl_inst/rdata_reg[4]/D
 23  CDC-15  Warning   Clock enable controlled CDC structure detected      0  Asynch Clock Groups  uut_noc_top/wrap_10/TX_VC[0].tx_fifo/core_fifo/dp_ram_ecc_inst/core_ram/mem_reg_0_15_0_5/RAMA/CLK        uut_noc_top/wrap_10/TX_VC[0].tx_fifo/core_fifo/dp_ram_ecc_inst/core_ram/rdata_reg[0]/D
 24  CDC-15  Warning   Clock enable controlled CDC structure detected      0  Asynch Clock Groups  uut_noc_top/wrap_10/TX_VC[0].tx_fifo/core_fifo/dp_ram_ecc_inst/core_ram/mem_reg_0_15_0_5/RAMA_D1/CLK     uut_noc_top/wrap_10/TX_VC[0].tx_fifo/core_fifo/dp_ram_ecc_inst/core_ram/rdata_reg[1]/D
 25  CDC-15  Warning   Clock enable controlled CDC structure detected      0  Asynch Clock Groups  uut_noc_top/wrap_10/TX_VC[0].tx_fifo/core_fifo/dp_ram_ecc_inst/core_ram/mem_reg_0_15_0_5/RAMB/CLK        uut_noc_top/wrap_10/TX_VC[0].tx_fifo/core_fifo/dp_ram_ecc_inst/core_ram/rdata_reg[2]/D
 26  CDC-15  Warning   Clock enable controlled CDC structure detected      0  Asynch Clock Groups  uut_noc_top/wrap_10/TX_VC[0].tx_fifo/core_fifo/dp_ram_ecc_inst/core_ram/mem_reg_0_15_0_5/RAMB_D1/CLK     uut_noc_top/wrap_10/TX_VC[0].tx_fifo/core_fifo/dp_ram_ecc_inst/core_ram/rdata_reg[3]/D
 27  CDC-15  Warning   Clock enable controlled CDC structure detected      0  Asynch Clock Groups  uut_noc_top/wrap_10/TX_VC[0].tx_fifo/core_fifo/dp_ram_ecc_inst/core_ram/mem_reg_0_15_0_5/RAMC/CLK        uut_noc_top/wrap_10/TX_VC[0].tx_fifo/core_fifo/dp_ram_ecc_inst/core_ram/rdata_reg[4]/D
 28  CDC-15  Warning   Clock enable controlled CDC structure detected      0  Asynch Clock Groups  uut_noc_top/wrap_10/TX_VC[0].tx_fifo/core_fifo/dp_ram_ecc_inst/core_ram/mem_reg_0_15_0_5/RAMC_D1/CLK     uut_noc_top/wrap_10/TX_VC[0].tx_fifo/core_fifo/dp_ram_ecc_inst/core_ram/rdata_reg[5]/D
 29  CDC-15  Warning   Clock enable controlled CDC structure detected      0  Asynch Clock Groups  uut_noc_top/wrap_10/TX_VC[0].tx_fifo/core_fifo/dp_ram_ecc_inst/core_ram/mem_reg_0_15_6_11/RAMA/CLK       uut_noc_top/wrap_10/TX_VC[0].tx_fifo/core_fifo/dp_ram_ecc_inst/core_ram/rdata_reg[6]/D
 30  CDC-15  Warning   Clock enable controlled CDC structure detected      0  Asynch Clock Groups  uut_noc_top/wrap_10/TX_VC[0].tx_fifo/core_fifo/dp_ram_ecc_inst/core_ram/mem_reg_0_15_6_11/RAMA_D1/CLK    uut_noc_top/wrap_10/TX_VC[0].tx_fifo/core_fifo/dp_ram_ecc_inst/core_ram/rdata_reg[7]/D
 31  CDC-15  Warning   Clock enable controlled CDC structure detected      0  Asynch Clock Groups  uut_noc_top/wrap_10/TX_VC[0].tx_fifo/core_fifo/dp_ram_ecc_inst/core_ram/mem_reg_0_15_6_11/RAMB/CLK       uut_noc_top/wrap_10/TX_VC[0].tx_fifo/core_fifo/dp_ram_ecc_inst/core_ram/rdata_reg[8]/D
 32  CDC-15  Warning   Clock enable controlled CDC structure detected      0  Asynch Clock Groups  uut_noc_top/wrap_10/TX_VC[0].tx_fifo/core_fifo/dp_ram_ecc_inst/core_ram/mem_reg_0_15_6_11/RAMB_D1/CLK    uut_noc_top/wrap_10/TX_VC[0].tx_fifo/core_fifo/dp_ram_ecc_inst/core_ram/rdata_reg[9]/D
 33  CDC-15  Warning   Clock enable controlled CDC structure detected      0  Asynch Clock Groups  uut_noc_top/wrap_10/TX_VC[0].tx_fifo/core_fifo/dp_ram_ecc_inst/core_ram/mem_reg_0_15_6_11/RAMC/CLK       uut_noc_top/wrap_10/TX_VC[0].tx_fifo/core_fifo/dp_ram_ecc_inst/core_ram/rdata_reg[10]/D
 34  CDC-15  Warning   Clock enable controlled CDC structure detected      0  Asynch Clock Groups  uut_noc_top/wrap_10/TX_VC[0].tx_fifo/core_fifo/dp_ram_ecc_inst/core_ram/mem_reg_0_15_6_11/RAMC_D1/CLK    uut_noc_top/wrap_10/TX_VC[0].tx_fifo/core_fifo/dp_ram_ecc_inst/core_ram/rdata_reg[11]/D
 35  CDC-15  Warning   Clock enable controlled CDC structure detected      0  Asynch Clock Groups  uut_noc_top/wrap_10/TX_VC[0].tx_fifo/core_fifo/dp_ram_ecc_inst/core_ram/mem_reg_0_15_12_12/RAMA/CLK      uut_noc_top/wrap_10/TX_VC[0].tx_fifo/core_fifo/dp_ram_ecc_inst/core_ram/rdata_reg[12]/D
 36  CDC-6   Warning   Multi-bit synchronized with ASYNC_REG property      2  Asynch Clock Groups  uut_noc_top/wrap_10/TX_VC[0].tx_fifo/core_fifo/w_cnt/ptr_g_reg[4:0]/C                                    uut_noc_top/wrap_10/TX_VC[0].tx_fifo/core_fifo/sync_w2r/q1_reg[4:0]/D
 37  CDC-15  Warning   Clock enable controlled CDC structure detected      0  Asynch Clock Groups  uut_noc_top/wrap_10/TX_VC[1].tx_fifo/core_fifo/dp_ram_ecc_inst/core_ram/mem_reg_0_15_12_12/RAMB/CLK      uut_noc_top/wrap_10/TX_VC[1].tx_fifo/core_fifo/GEN_CTRL_RAM.dp_ram_ctrl_inst/rdata_reg[4]/D
 38  CDC-15  Warning   Clock enable controlled CDC structure detected      0  Asynch Clock Groups  uut_noc_top/wrap_10/TX_VC[1].tx_fifo/core_fifo/dp_ram_ecc_inst/core_ram/mem_reg_0_15_0_5/RAMA/CLK        uut_noc_top/wrap_10/TX_VC[1].tx_fifo/core_fifo/dp_ram_ecc_inst/core_ram/rdata_reg[0]/D
 39  CDC-15  Warning   Clock enable controlled CDC structure detected      0  Asynch Clock Groups  uut_noc_top/wrap_10/TX_VC[1].tx_fifo/core_fifo/dp_ram_ecc_inst/core_ram/mem_reg_0_15_0_5/RAMA_D1/CLK     uut_noc_top/wrap_10/TX_VC[1].tx_fifo/core_fifo/dp_ram_ecc_inst/core_ram/rdata_reg[1]/D
 40  CDC-15  Warning   Clock enable controlled CDC structure detected      0  Asynch Clock Groups  uut_noc_top/wrap_10/TX_VC[1].tx_fifo/core_fifo/dp_ram_ecc_inst/core_ram/mem_reg_0_15_0_5/RAMB/CLK        uut_noc_top/wrap_10/TX_VC[1].tx_fifo/core_fifo/dp_ram_ecc_inst/core_ram/rdata_reg[2]/D
 41  CDC-15  Warning   Clock enable controlled CDC structure detected      0  Asynch Clock Groups  uut_noc_top/wrap_10/TX_VC[1].tx_fifo/core_fifo/dp_ram_ecc_inst/core_ram/mem_reg_0_15_0_5/RAMB_D1/CLK     uut_noc_top/wrap_10/TX_VC[1].tx_fifo/core_fifo/dp_ram_ecc_inst/core_ram/rdata_reg[3]/D
 42  CDC-15  Warning   Clock enable controlled CDC structure detected      0  Asynch Clock Groups  uut_noc_top/wrap_10/TX_VC[1].tx_fifo/core_fifo/dp_ram_ecc_inst/core_ram/mem_reg_0_15_0_5/RAMC/CLK        uut_noc_top/wrap_10/TX_VC[1].tx_fifo/core_fifo/dp_ram_ecc_inst/core_ram/rdata_reg[4]/D
 43  CDC-15  Warning   Clock enable controlled CDC structure detected      0  Asynch Clock Groups  uut_noc_top/wrap_10/TX_VC[1].tx_fifo/core_fifo/dp_ram_ecc_inst/core_ram/mem_reg_0_15_0_5/RAMC_D1/CLK     uut_noc_top/wrap_10/TX_VC[1].tx_fifo/core_fifo/dp_ram_ecc_inst/core_ram/rdata_reg[5]/D
 44  CDC-15  Warning   Clock enable controlled CDC structure detected      0  Asynch Clock Groups  uut_noc_top/wrap_10/TX_VC[1].tx_fifo/core_fifo/dp_ram_ecc_inst/core_ram/mem_reg_0_15_6_11/RAMA/CLK       uut_noc_top/wrap_10/TX_VC[1].tx_fifo/core_fifo/dp_ram_ecc_inst/core_ram/rdata_reg[6]/D
 45  CDC-15  Warning   Clock enable controlled CDC structure detected      0  Asynch Clock Groups  uut_noc_top/wrap_10/TX_VC[1].tx_fifo/core_fifo/dp_ram_ecc_inst/core_ram/mem_reg_0_15_6_11/RAMA_D1/CLK    uut_noc_top/wrap_10/TX_VC[1].tx_fifo/core_fifo/dp_ram_ecc_inst/core_ram/rdata_reg[7]/D
 46  CDC-15  Warning   Clock enable controlled CDC structure detected      0  Asynch Clock Groups  uut_noc_top/wrap_10/TX_VC[1].tx_fifo/core_fifo/dp_ram_ecc_inst/core_ram/mem_reg_0_15_6_11/RAMB/CLK       uut_noc_top/wrap_10/TX_VC[1].tx_fifo/core_fifo/dp_ram_ecc_inst/core_ram/rdata_reg[8]/D
 47  CDC-15  Warning   Clock enable controlled CDC structure detected      0  Asynch Clock Groups  uut_noc_top/wrap_10/TX_VC[1].tx_fifo/core_fifo/dp_ram_ecc_inst/core_ram/mem_reg_0_15_6_11/RAMB_D1/CLK    uut_noc_top/wrap_10/TX_VC[1].tx_fifo/core_fifo/dp_ram_ecc_inst/core_ram/rdata_reg[9]/D
 48  CDC-15  Warning   Clock enable controlled CDC structure detected      0  Asynch Clock Groups  uut_noc_top/wrap_10/TX_VC[1].tx_fifo/core_fifo/dp_ram_ecc_inst/core_ram/mem_reg_0_15_6_11/RAMC/CLK       uut_noc_top/wrap_10/TX_VC[1].tx_fifo/core_fifo/dp_ram_ecc_inst/core_ram/rdata_reg[10]/D
 49  CDC-15  Warning   Clock enable controlled CDC structure detected      0  Asynch Clock Groups  uut_noc_top/wrap_10/TX_VC[1].tx_fifo/core_fifo/dp_ram_ecc_inst/core_ram/mem_reg_0_15_6_11/RAMC_D1/CLK    uut_noc_top/wrap_10/TX_VC[1].tx_fifo/core_fifo/dp_ram_ecc_inst/core_ram/rdata_reg[11]/D
 50  CDC-15  Warning   Clock enable controlled CDC structure detected      0  Asynch Clock Groups  uut_noc_top/wrap_10/TX_VC[1].tx_fifo/core_fifo/dp_ram_ecc_inst/core_ram/mem_reg_0_15_12_12/RAMA/CLK      uut_noc_top/wrap_10/TX_VC[1].tx_fifo/core_fifo/dp_ram_ecc_inst/core_ram/rdata_reg[12]/D
 51  CDC-6   Warning   Multi-bit synchronized with ASYNC_REG property      2  Asynch Clock Groups  uut_noc_top/wrap_10/TX_VC[1].tx_fifo/core_fifo/w_cnt/ptr_g_reg[4:0]/C                                    uut_noc_top/wrap_10/TX_VC[1].tx_fifo/core_fifo/sync_w2r/q1_reg[4:0]/D
 52  CDC-3   Info      1-bit synchronized with ASYNC_REG property          2  Asynch Clock Groups  uut_noc_top/wrap_10/sbe_host_q_reg/C                                                                     uut_noc_top/wrap_10/u_ecc_cdc/q1_reg[0]/D
 53  CDC-3   Info      1-bit synchronized with ASYNC_REG property          2  Asynch Clock Groups  uut_noc_top/wrap_10/dbe_host_q_reg/C                                                                     uut_noc_top/wrap_10/u_ecc_cdc/q1_reg[1]/D

Source Clock: clk_out5_clk_wiz_0
Destination Clock: clk_out1_clk_wiz_0
CDC Type: User Ignored

Row  ID      Severity  Description                                     Depth  Exception            Source (From)                                                                                              Destination (To)
---  ------  --------  ----------------------------------------------  -----  -------------------  ---------------------------------------------------------------------------------------------------------  --------------------------------------------------------------------------------------------------------
  1  CDC-3   Info      1-bit synchronized with ASYNC_REG property          2  Asynch Clock Groups  u_ila_4/inst/ila_core_inst/u_ila_regs/ila_clk_flag_reg/C                                                   u_ila_4/inst/ila_core_inst/u_ila_regs/ila_clk_flag_sync1_reg/D
  2  CDC-15  Warning   Clock enable controlled CDC structure detected      0  Asynch Clock Groups  u_ila_4/inst/ila_core_inst/u_ila_cap_ctrl/CAP_TRIGGER_O_reg/C                                              u_ila_4/inst/ila_core_inst/u_ila_regs/reg_8/I_EN_STAT_EQ1.U_STAT/xsdb_reg_reg[2]/D
  3  CDC-15  Warning   Clock enable controlled CDC structure detected      0  Asynch Clock Groups  u_ila_4/inst/ila_core_inst/u_ila_cap_ctrl/CAP_DONE_O_reg/C                                                 u_ila_4/inst/ila_core_inst/u_ila_regs/reg_8/I_EN_STAT_EQ1.U_STAT/xsdb_reg_reg[3]/D
  4  CDC-15  Warning   Clock enable controlled CDC structure detected      0  Asynch Clock Groups  u_ila_4/inst/ila_core_inst/u_ila_cap_ctrl/U_NS0/I_YESLUT6.I_YES_OREG.O_reg_reg/C                           u_ila_4/inst/ila_core_inst/u_ila_regs/reg_88d/I_EN_STAT_EQ1.U_STAT/xsdb_reg_reg[0]/D
  5  CDC-15  Warning   Clock enable controlled CDC structure detected      0  Asynch Clock Groups  u_ila_4/inst/ila_core_inst/u_ila_cap_ctrl/U_NS1/I_YESLUT6.I_YES_OREG.O_reg_reg/C                           u_ila_4/inst/ila_core_inst/u_ila_regs/reg_88d/I_EN_STAT_EQ1.U_STAT/xsdb_reg_reg[1]/D
  6  CDC-15  Warning   Clock enable controlled CDC structure detected      0  Asynch Clock Groups  u_ila_4/inst/ila_core_inst/u_ila_cap_ctrl/u_cap_addrgen/captured_samples_reg[0]/C                          u_ila_4/inst/ila_core_inst/u_ila_regs/reg_9/I_EN_STAT_EQ1.U_STAT/xsdb_reg_reg[0]/D
  7  CDC-15  Warning   Clock enable controlled CDC structure detected      0  Asynch Clock Groups  u_ila_4/inst/ila_core_inst/u_ila_cap_ctrl/u_cap_addrgen/captured_samples_reg[1]/C                          u_ila_4/inst/ila_core_inst/u_ila_regs/reg_9/I_EN_STAT_EQ1.U_STAT/xsdb_reg_reg[1]/D
  8  CDC-15  Warning   Clock enable controlled CDC structure detected      0  Asynch Clock Groups  u_ila_4/inst/ila_core_inst/u_ila_cap_ctrl/u_cap_addrgen/captured_samples_reg[2]/C                          u_ila_4/inst/ila_core_inst/u_ila_regs/reg_9/I_EN_STAT_EQ1.U_STAT/xsdb_reg_reg[2]/D
  9  CDC-15  Warning   Clock enable controlled CDC structure detected      0  Asynch Clock Groups  u_ila_4/inst/ila_core_inst/u_ila_cap_ctrl/u_cap_addrgen/captured_samples_reg[3]/C                          u_ila_4/inst/ila_core_inst/u_ila_regs/reg_9/I_EN_STAT_EQ1.U_STAT/xsdb_reg_reg[3]/D
 10  CDC-15  Warning   Clock enable controlled CDC structure detected      0  Asynch Clock Groups  u_ila_4/inst/ila_core_inst/u_ila_cap_ctrl/u_cap_addrgen/captured_samples_reg[4]/C                          u_ila_4/inst/ila_core_inst/u_ila_regs/reg_9/I_EN_STAT_EQ1.U_STAT/xsdb_reg_reg[4]/D
 11  CDC-15  Warning   Clock enable controlled CDC structure detected      0  Asynch Clock Groups  u_ila_4/inst/ila_core_inst/u_ila_cap_ctrl/u_cap_addrgen/captured_samples_reg[5]/C                          u_ila_4/inst/ila_core_inst/u_ila_regs/reg_9/I_EN_STAT_EQ1.U_STAT/xsdb_reg_reg[5]/D
 12  CDC-15  Warning   Clock enable controlled CDC structure detected      0  Asynch Clock Groups  u_ila_4/inst/ila_core_inst/u_ila_cap_ctrl/u_cap_addrgen/captured_samples_reg[6]/C                          u_ila_4/inst/ila_core_inst/u_ila_regs/reg_9/I_EN_STAT_EQ1.U_STAT/xsdb_reg_reg[6]/D
 13  CDC-15  Warning   Clock enable controlled CDC structure detected      0  Asynch Clock Groups  u_ila_4/inst/ila_core_inst/u_ila_cap_ctrl/u_cap_addrgen/captured_samples_reg[7]/C                          u_ila_4/inst/ila_core_inst/u_ila_regs/reg_9/I_EN_STAT_EQ1.U_STAT/xsdb_reg_reg[7]/D
 14  CDC-15  Warning   Clock enable controlled CDC structure detected      0  Asynch Clock Groups  u_ila_4/inst/ila_core_inst/u_ila_cap_ctrl/u_cap_addrgen/captured_samples_reg[8]/C                          u_ila_4/inst/ila_core_inst/u_ila_regs/reg_9/I_EN_STAT_EQ1.U_STAT/xsdb_reg_reg[8]/D
 15  CDC-15  Warning   Clock enable controlled CDC structure detected      0  Asynch Clock Groups  u_ila_4/inst/ila_core_inst/u_ila_cap_ctrl/u_cap_addrgen/captured_samples_reg[9]/C                          u_ila_4/inst/ila_core_inst/u_ila_regs/reg_9/I_EN_STAT_EQ1.U_STAT/xsdb_reg_reg[9]/D
 16  CDC-3   Info      1-bit synchronized with ASYNC_REG property          2  Asynch Clock Groups  u_ila_4/inst/ila_core_inst/u_ila_reset_ctrl/asyncrounous_transfer.arm_in_transfer_inst/dout_reg1_reg/C     u_ila_4/inst/ila_core_inst/u_ila_reset_ctrl/asyncrounous_transfer.arm_in_transfer_inst/temp_reg0_reg/D
 17  CDC-3   Info      1-bit synchronized with ASYNC_REG property          2  Asynch Clock Groups  u_ila_4/inst/ila_core_inst/u_ila_reset_ctrl/asyncrounous_transfer.arm_out_transfer_inst/din_reg_reg/C      u_ila_4/inst/ila_core_inst/u_ila_reset_ctrl/asyncrounous_transfer.arm_out_transfer_inst/dout_reg0_reg/D
 18  CDC-3   Info      1-bit synchronized with ASYNC_REG property          2  Asynch Clock Groups  u_ila_4/inst/ila_core_inst/u_ila_reset_ctrl/asyncrounous_transfer.halt_in_transfer_inst/dout_reg1_reg/C    u_ila_4/inst/ila_core_inst/u_ila_reset_ctrl/asyncrounous_transfer.halt_in_transfer_inst/temp_reg0_reg/D
 19  CDC-3   Info      1-bit synchronized with ASYNC_REG property          2  Asynch Clock Groups  u_ila_4/inst/ila_core_inst/u_ila_reset_ctrl/asyncrounous_transfer.halt_out_transfer_inst/din_reg_reg/C     u_ila_4/inst/ila_core_inst/u_ila_reset_ctrl/asyncrounous_transfer.halt_out_transfer_inst/dout_reg0_reg/D
 20  CDC-6   Warning   Multi-bit synchronized with ASYNC_REG property      2  Asynch Clock Groups  uut_noc_top/wrap_11/RX_VC[0].rx_fifo/core_fifo/r_cnt/ptr_g_reg[4:0]/C                                      uut_noc_top/wrap_11/RX_VC[0].rx_fifo/core_fifo/sync_r2w/q1_reg[4:0]/D
 21  CDC-6   Warning   Multi-bit synchronized with ASYNC_REG property      2  Asynch Clock Groups  uut_noc_top/wrap_11/RX_VC[1].rx_fifo/core_fifo/r_cnt/ptr_g_reg[4:0]/C                                      uut_noc_top/wrap_11/RX_VC[1].rx_fifo/core_fifo/sync_r2w/q1_reg[4:0]/D
 22  CDC-15  Warning   Clock enable controlled CDC structure detected      0  Asynch Clock Groups  uut_noc_top/wrap_11/TX_VC[0].tx_fifo/core_fifo/GEN_CTRL_RAM.dp_ram_ctrl_inst/mem_reg_0_15_0_4/RAMA/CLK     uut_noc_top/wrap_11/TX_VC[0].tx_fifo/core_fifo/GEN_CTRL_RAM.dp_ram_ctrl_inst/rdata_reg[4]/D
 23  CDC-15  Warning   Clock enable controlled CDC structure detected      0  Asynch Clock Groups  uut_noc_top/wrap_11/TX_VC[0].tx_fifo/core_fifo/dp_ram_ecc_inst/core_ram/mem_reg_0_15_0_5/RAMA/CLK          uut_noc_top/wrap_11/TX_VC[0].tx_fifo/core_fifo/dp_ram_ecc_inst/core_ram/rdata_reg[0]/D
 24  CDC-15  Warning   Clock enable controlled CDC structure detected      0  Asynch Clock Groups  uut_noc_top/wrap_11/TX_VC[0].tx_fifo/core_fifo/dp_ram_ecc_inst/core_ram/mem_reg_0_15_0_5/RAMA_D1/CLK       uut_noc_top/wrap_11/TX_VC[0].tx_fifo/core_fifo/dp_ram_ecc_inst/core_ram/rdata_reg[1]/D
 25  CDC-15  Warning   Clock enable controlled CDC structure detected      0  Asynch Clock Groups  uut_noc_top/wrap_11/TX_VC[0].tx_fifo/core_fifo/dp_ram_ecc_inst/core_ram/mem_reg_0_15_0_5/RAMB/CLK          uut_noc_top/wrap_11/TX_VC[0].tx_fifo/core_fifo/dp_ram_ecc_inst/core_ram/rdata_reg[2]/D
 26  CDC-15  Warning   Clock enable controlled CDC structure detected      0  Asynch Clock Groups  uut_noc_top/wrap_11/TX_VC[0].tx_fifo/core_fifo/dp_ram_ecc_inst/core_ram/mem_reg_0_15_0_5/RAMB_D1/CLK       uut_noc_top/wrap_11/TX_VC[0].tx_fifo/core_fifo/dp_ram_ecc_inst/core_ram/rdata_reg[3]/D
 27  CDC-15  Warning   Clock enable controlled CDC structure detected      0  Asynch Clock Groups  uut_noc_top/wrap_11/TX_VC[0].tx_fifo/core_fifo/dp_ram_ecc_inst/core_ram/mem_reg_0_15_0_5/RAMC/CLK          uut_noc_top/wrap_11/TX_VC[0].tx_fifo/core_fifo/dp_ram_ecc_inst/core_ram/rdata_reg[4]/D
 28  CDC-15  Warning   Clock enable controlled CDC structure detected      0  Asynch Clock Groups  uut_noc_top/wrap_11/TX_VC[0].tx_fifo/core_fifo/dp_ram_ecc_inst/core_ram/mem_reg_0_15_0_5/RAMC_D1/CLK       uut_noc_top/wrap_11/TX_VC[0].tx_fifo/core_fifo/dp_ram_ecc_inst/core_ram/rdata_reg[5]/D
 29  CDC-15  Warning   Clock enable controlled CDC structure detected      0  Asynch Clock Groups  uut_noc_top/wrap_11/TX_VC[0].tx_fifo/core_fifo/GEN_CTRL_RAM.dp_ram_ctrl_inst/mem_reg_0_15_0_4/RAMB/CLK     uut_noc_top/wrap_11/TX_VC[0].tx_fifo/core_fifo/dp_ram_ecc_inst/core_ram/rdata_reg[6]/D
 30  CDC-15  Warning   Clock enable controlled CDC structure detected      0  Asynch Clock Groups  uut_noc_top/wrap_11/TX_VC[0].tx_fifo/core_fifo/GEN_CTRL_RAM.dp_ram_ctrl_inst/mem_reg_0_15_0_4/RAMB_D1/CLK  uut_noc_top/wrap_11/TX_VC[0].tx_fifo/core_fifo/dp_ram_ecc_inst/core_ram/rdata_reg[7]/D
 31  CDC-15  Warning   Clock enable controlled CDC structure detected      0  Asynch Clock Groups  uut_noc_top/wrap_11/TX_VC[0].tx_fifo/core_fifo/GEN_CTRL_RAM.dp_ram_ctrl_inst/mem_reg_0_15_0_4/RAMC/CLK     uut_noc_top/wrap_11/TX_VC[0].tx_fifo/core_fifo/dp_ram_ecc_inst/core_ram/rdata_reg[8]/D
 32  CDC-15  Warning   Clock enable controlled CDC structure detected      0  Asynch Clock Groups  uut_noc_top/wrap_11/TX_VC[0].tx_fifo/core_fifo/GEN_CTRL_RAM.dp_ram_ctrl_inst/mem_reg_0_15_0_4/RAMC_D1/CLK  uut_noc_top/wrap_11/TX_VC[0].tx_fifo/core_fifo/dp_ram_ecc_inst/core_ram/rdata_reg[9]/D
 33  CDC-15  Warning   Clock enable controlled CDC structure detected      0  Asynch Clock Groups  uut_noc_top/wrap_11/TX_VC[0].tx_fifo/core_fifo/dp_ram_ecc_inst/core_ram/mem_reg_0_15_12_12/DP/CLK          uut_noc_top/wrap_11/TX_VC[0].tx_fifo/core_fifo/dp_ram_ecc_inst/core_ram/rdata_reg[12]/D
 34  CDC-6   Warning   Multi-bit synchronized with ASYNC_REG property      2  Asynch Clock Groups  uut_noc_top/wrap_11/TX_VC[0].tx_fifo/core_fifo/w_cnt/ptr_g_reg[4:0]/C                                      uut_noc_top/wrap_11/TX_VC[0].tx_fifo/core_fifo/sync_w2r/q1_reg[4:0]/D
 35  CDC-15  Warning   Clock enable controlled CDC structure detected      0  Asynch Clock Groups  uut_noc_top/wrap_11/TX_VC[1].tx_fifo/core_fifo/GEN_CTRL_RAM.dp_ram_ctrl_inst/mem_reg_0_15_0_4/RAMA/CLK     uut_noc_top/wrap_11/TX_VC[1].tx_fifo/core_fifo/GEN_CTRL_RAM.dp_ram_ctrl_inst/rdata_reg[4]/D
 36  CDC-15  Warning   Clock enable controlled CDC structure detected      0  Asynch Clock Groups  uut_noc_top/wrap_11/TX_VC[1].tx_fifo/core_fifo/dp_ram_ecc_inst/core_ram/mem_reg_0_15_0_5/RAMA/CLK          uut_noc_top/wrap_11/TX_VC[1].tx_fifo/core_fifo/dp_ram_ecc_inst/core_ram/rdata_reg[0]/D
 37  CDC-15  Warning   Clock enable controlled CDC structure detected      0  Asynch Clock Groups  uut_noc_top/wrap_11/TX_VC[1].tx_fifo/core_fifo/dp_ram_ecc_inst/core_ram/mem_reg_0_15_0_5/RAMA_D1/CLK       uut_noc_top/wrap_11/TX_VC[1].tx_fifo/core_fifo/dp_ram_ecc_inst/core_ram/rdata_reg[1]/D
 38  CDC-15  Warning   Clock enable controlled CDC structure detected      0  Asynch Clock Groups  uut_noc_top/wrap_11/TX_VC[1].tx_fifo/core_fifo/dp_ram_ecc_inst/core_ram/mem_reg_0_15_0_5/RAMB/CLK          uut_noc_top/wrap_11/TX_VC[1].tx_fifo/core_fifo/dp_ram_ecc_inst/core_ram/rdata_reg[2]/D
 39  CDC-15  Warning   Clock enable controlled CDC structure detected      0  Asynch Clock Groups  uut_noc_top/wrap_11/TX_VC[1].tx_fifo/core_fifo/dp_ram_ecc_inst/core_ram/mem_reg_0_15_0_5/RAMB_D1/CLK       uut_noc_top/wrap_11/TX_VC[1].tx_fifo/core_fifo/dp_ram_ecc_inst/core_ram/rdata_reg[3]/D
 40  CDC-15  Warning   Clock enable controlled CDC structure detected      0  Asynch Clock Groups  uut_noc_top/wrap_11/TX_VC[1].tx_fifo/core_fifo/dp_ram_ecc_inst/core_ram/mem_reg_0_15_0_5/RAMC/CLK          uut_noc_top/wrap_11/TX_VC[1].tx_fifo/core_fifo/dp_ram_ecc_inst/core_ram/rdata_reg[4]/D
 41  CDC-15  Warning   Clock enable controlled CDC structure detected      0  Asynch Clock Groups  uut_noc_top/wrap_11/TX_VC[1].tx_fifo/core_fifo/dp_ram_ecc_inst/core_ram/mem_reg_0_15_0_5/RAMC_D1/CLK       uut_noc_top/wrap_11/TX_VC[1].tx_fifo/core_fifo/dp_ram_ecc_inst/core_ram/rdata_reg[5]/D
 42  CDC-15  Warning   Clock enable controlled CDC structure detected      0  Asynch Clock Groups  uut_noc_top/wrap_11/TX_VC[1].tx_fifo/core_fifo/GEN_CTRL_RAM.dp_ram_ctrl_inst/mem_reg_0_15_0_4/RAMB/CLK     uut_noc_top/wrap_11/TX_VC[1].tx_fifo/core_fifo/dp_ram_ecc_inst/core_ram/rdata_reg[6]/D
 43  CDC-15  Warning   Clock enable controlled CDC structure detected      0  Asynch Clock Groups  uut_noc_top/wrap_11/TX_VC[1].tx_fifo/core_fifo/GEN_CTRL_RAM.dp_ram_ctrl_inst/mem_reg_0_15_0_4/RAMB_D1/CLK  uut_noc_top/wrap_11/TX_VC[1].tx_fifo/core_fifo/dp_ram_ecc_inst/core_ram/rdata_reg[7]/D
 44  CDC-15  Warning   Clock enable controlled CDC structure detected      0  Asynch Clock Groups  uut_noc_top/wrap_11/TX_VC[1].tx_fifo/core_fifo/GEN_CTRL_RAM.dp_ram_ctrl_inst/mem_reg_0_15_0_4/RAMC/CLK     uut_noc_top/wrap_11/TX_VC[1].tx_fifo/core_fifo/dp_ram_ecc_inst/core_ram/rdata_reg[8]/D
 45  CDC-15  Warning   Clock enable controlled CDC structure detected      0  Asynch Clock Groups  uut_noc_top/wrap_11/TX_VC[1].tx_fifo/core_fifo/GEN_CTRL_RAM.dp_ram_ctrl_inst/mem_reg_0_15_0_4/RAMC_D1/CLK  uut_noc_top/wrap_11/TX_VC[1].tx_fifo/core_fifo/dp_ram_ecc_inst/core_ram/rdata_reg[9]/D
 46  CDC-15  Warning   Clock enable controlled CDC structure detected      0  Asynch Clock Groups  uut_noc_top/wrap_11/TX_VC[1].tx_fifo/core_fifo/dp_ram_ecc_inst/core_ram/mem_reg_0_15_12_12/DP/CLK          uut_noc_top/wrap_11/TX_VC[1].tx_fifo/core_fifo/dp_ram_ecc_inst/core_ram/rdata_reg[12]/D
 47  CDC-6   Warning   Multi-bit synchronized with ASYNC_REG property      2  Asynch Clock Groups  uut_noc_top/wrap_11/TX_VC[1].tx_fifo/core_fifo/w_cnt/ptr_g_reg[4:0]/C                                      uut_noc_top/wrap_11/TX_VC[1].tx_fifo/core_fifo/sync_w2r/q1_reg[4:0]/D
 48  CDC-3   Info      1-bit synchronized with ASYNC_REG property          2  Asynch Clock Groups  uut_noc_top/wrap_11/sbe_host_q_reg/C                                                                       uut_noc_top/wrap_11/u_ecc_cdc/q1_reg[0]/D
 49  CDC-3   Info      1-bit synchronized with ASYNC_REG property          2  Asynch Clock Groups  uut_noc_top/wrap_11/dbe_host_q_reg/C                                                                       uut_noc_top/wrap_11/u_ecc_cdc/q1_reg[1]/D

Source Clock: dbg_hub/inst/BSCANID.u_xsdbm_id/SWITCH_N_EXT_BSCAN.bscan_inst/SERIES7_BSCAN.bscan_inst/TCK
Destination Clock: clk_out1_clk_wiz_0
CDC Type: No Common Primary Clock

Row  ID     Severity  Description                                              Depth  Exception   Source (From)                                                                                            Destination (To)
---  -----  --------  -------------------------------------------------------  -----  ----------  -------------------------------------------------------------------------------------------------------  -------------------------------------------------------------------------------------------------------------------------------------------------------------------------------------------------------------------
  1  CDC-3  Info      1-bit synchronized with ASYNC_REG property                   2  False Path  dbg_hub/inst/BSCANID.u_xsdbm_id/CORE_XSDB.UUT_MASTER/U_ICON_INTERFACE/U_CMD1/icn_cmd_en_temp_reg/C       dbg_hub/inst/BSCANID.u_xsdbm_id/CORE_XSDB.UUT_MASTER/U_ICON_INTERFACE/U_CMD1/ctl_reg_en_1_reg[0]/D
  2  CDC-3  Info      1-bit synchronized with ASYNC_REG property                   2  False Path  dbg_hub/inst/BSCANID.u_xsdbm_id/CORE_XSDB.UUT_MASTER/U_ICON_INTERFACE/U_CMD2/icn_cmd_en_temp_reg/C       dbg_hub/inst/BSCANID.u_xsdbm_id/CORE_XSDB.UUT_MASTER/U_ICON_INTERFACE/U_CMD2/stat_reg_ld_reg[0]/D
  3  CDC-3  Info      1-bit synchronized with ASYNC_REG property                   2  False Path  dbg_hub/inst/BSCANID.u_xsdbm_id/CORE_XSDB.UUT_MASTER/U_ICON_INTERFACE/U_CMD3/icn_cmd_en_temp_reg/C       dbg_hub/inst/BSCANID.u_xsdbm_id/CORE_XSDB.UUT_MASTER/U_ICON_INTERFACE/U_CMD3/stat_reg_ld_reg[0]/D
  4  CDC-3  Info      1-bit synchronized with ASYNC_REG property                   2  False Path  dbg_hub/inst/BSCANID.u_xsdbm_id/CORE_XSDB.UUT_MASTER/U_ICON_INTERFACE/U_CMD4/icn_cmd_en_temp_reg/C       dbg_hub/inst/BSCANID.u_xsdbm_id/CORE_XSDB.UUT_MASTER/U_ICON_INTERFACE/U_CMD4/ctl_reg_en_1_reg[0]/D
  5  CDC-3  Info      1-bit synchronized with ASYNC_REG property                   2  False Path  dbg_hub/inst/BSCANID.u_xsdbm_id/CORE_XSDB.UUT_MASTER/U_ICON_INTERFACE/U_CMD5/icn_cmd_en_temp_reg/C       dbg_hub/inst/BSCANID.u_xsdbm_id/CORE_XSDB.UUT_MASTER/U_ICON_INTERFACE/U_CMD5/ctl_reg_en_1_reg[0]/D
  6  CDC-9  Info      Asynchronous reset synchronized with ASYNC_REG property      2  False Path  dbg_hub/inst/BSCANID.u_xsdbm_id/CORE_XSDB.UUT_MASTER/U_ICON_INTERFACE/wrdata_rst_reg/C                   dbg_hub/inst/BSCANID.u_xsdbm_id/CORE_XSDB.UUT_MASTER/U_ICON_INTERFACE/U_CMD6_WR/U_WR_FIFO/SUBCORE_FIFO.xsdbm_v3_0_5_wrfifo_inst/inst_fifo_gen/gconvfifo.rf/grf.rf/rstblk/ngwrdrst.grst.g7serrst.rst_rd_reg1_reg/PRE
  7  CDC-3  Info      1-bit synchronized with ASYNC_REG property                   2  False Path  dbg_hub/inst/BSCANID.u_xsdbm_id/CORE_XSDB.UUT_MASTER/U_ICON_INTERFACE/U_CMD7_CTL/icn_cmd_en_temp_reg/C   dbg_hub/inst/BSCANID.u_xsdbm_id/CORE_XSDB.UUT_MASTER/U_ICON_INTERFACE/U_CMD7_CTL/ctl_reg_en_1_reg[0]/D
  8  CDC-3  Info      1-bit synchronized with ASYNC_REG property                   2  False Path  dbg_hub/inst/BSCANID.u_xsdbm_id/CORE_XSDB.UUT_MASTER/U_ICON_INTERFACE/U_CMD7_STAT/icn_cmd_en_temp_reg/C  dbg_hub/inst/BSCANID.u_xsdbm_id/CORE_XSDB.UUT_MASTER/U_ICON_INTERFACE/U_CMD7_STAT/stat_reg_ld_reg[0]/D
  9  CDC-3  Info      1-bit synchronized with ASYNC_REG property                   2  False Path  dbg_hub/inst/BSCANID.u_xsdbm_id/CORE_XSDB.UUT_MASTER/U_ICON_INTERFACE/icn_cmd_en_reg[5]/C                dbg_hub/inst/BSCANID.u_xsdbm_id/CORE_XSDB.UUT_MASTER/U_ICON_INTERFACE/icn_cmd_en_5_temp_reg/D

Source Clock: clk_out1_clk_wiz_0
Destination Clock: clk_out2_clk_wiz_0
CDC Type: User Ignored

Row  ID      Severity  Description                                     Depth  Exception            Source (From)                                                                                                                                                                                                    Destination (To)
---  ------  --------  ----------------------------------------------  -----  -------------------  ---------------------------------------------------------------------------------------------------------------------------------------------------------------------------------------------------------------  --------------------------------------------------------------------------------------------------------------------------------------------------------------------------------------------------------------------------
  1  CDC-3   Info      1-bit synchronized with ASYNC_REG property          2  Asynch Clock Groups  uut_noc_top/ecc_double_err_q_reg/C                                                                                                                                                                               u_ecc_led_sync/q1_reg[1]/D
  2  CDC-3   Info      1-bit synchronized with ASYNC_REG property          2  Asynch Clock Groups  uut_noc_top/tid_err_q_out_reg/C                                                                                                                                                                                  u_ecc_led_sync/q1_reg[3]/D
  3  CDC-3   Info      1-bit synchronized with ASYNC_REG property          2  Asynch Clock Groups  u_ila_1/inst/ila_core_inst/u_ila_regs/reg_1a/I_EN_CTL_EQ1.U_CTL/xsdb_reg_reg[1]/C                                                                                                                                u_ila_1/inst/ila_core_inst/capture_qual_ctrl_2_reg[0]/D
  4  CDC-3   Info      1-bit synchronized with ASYNC_REG property          2  Asynch Clock Groups  u_ila_1/inst/ila_core_inst/u_ila_regs/reg_1a/I_EN_CTL_EQ1.U_CTL/xsdb_reg_reg[2]/C                                                                                                                                u_ila_1/inst/ila_core_inst/capture_qual_ctrl_2_reg[1]/D
  5  CDC-6   Warning   Multi-bit synchronized with ASYNC_REG property      2  Asynch Clock Groups  u_ila_1/inst/ila_core_inst/u_ila_regs/reg_stream_ffd/I_EN_CTL_EQ1.U_CTL/xsdb_reg_reg[15:0]/C                                                                                                                     u_ila_1/inst/ila_core_inst/debug_data_in_sync1_reg[15:0]/D
  6  CDC-3   Info      1-bit synchronized with ASYNC_REG property          2  Asynch Clock Groups  u_ila_1/inst/ila_core_inst/u_ila_regs/reg_1a/I_EN_CTL_EQ1.U_CTL/xsdb_reg_reg[3]/C                                                                                                                                u_ila_1/inst/ila_core_inst/en_adv_trigger_2_reg/D
  7  CDC-6   Warning   Multi-bit synchronized with ASYNC_REG property      2  Asynch Clock Groups  u_ila_1/inst/ila_core_inst/u_ila_cap_ctrl/u_cap_addrgen/i_o_to_64k.cfg_data_vec_reg[10:1]/C                                                                                                                      u_ila_1/inst/ila_core_inst/u_ila_cap_ctrl/u_cap_addrgen/cfg_data_vec_sync1_reg[10:1]/D
  8  CDC-3   Info      1-bit synchronized with ASYNC_REG property          2  Asynch Clock Groups  u_ila_1/inst/ila_core_inst/u_ila_cap_ctrl/u_cap_addrgen/u_cap_sample_counter/U_SCE/I_YESLUT6.U_SRLC16E/CLK                                                                                                       u_ila_1/inst/ila_core_inst/u_ila_cap_ctrl/u_cap_addrgen/icap_wr_en_reg/D
  9  CDC-15  Warning   Clock enable controlled CDC structure detected      0  Asynch Clock Groups  u_ila_1/inst/ila_core_inst/u_ila_cap_ctrl/u_cap_addrgen/u_cap_sample_counter/U_SCRST/I_YESLUT6.U_SRL32_B/CLK                                                                                                     u_ila_1/inst/ila_core_inst/u_ila_cap_ctrl/u_cap_addrgen/u_cap_sample_counter/iscnt_reg[0]/R
 10  CDC-15  Warning   Clock enable controlled CDC structure detected      0  Asynch Clock Groups  u_ila_1/inst/ila_core_inst/u_ila_cap_ctrl/u_cap_addrgen/u_cap_sample_counter/U_SCRST/I_YESLUT6.U_SRL32_B/CLK                                                                                                     u_ila_1/inst/ila_core_inst/u_ila_cap_ctrl/u_cap_addrgen/u_cap_sample_counter/iscnt_reg[1]/R
 11  CDC-15  Warning   Clock enable controlled CDC structure detected      0  Asynch Clock Groups  u_ila_1/inst/ila_core_inst/u_ila_cap_ctrl/u_cap_addrgen/u_cap_sample_counter/U_SCRST/I_YESLUT6.U_SRL32_B/CLK                                                                                                     u_ila_1/inst/ila_core_inst/u_ila_cap_ctrl/u_cap_addrgen/u_cap_sample_counter/iscnt_reg[2]/R
 12  CDC-15  Warning   Clock enable controlled CDC structure detected      0  Asynch Clock Groups  u_ila_1/inst/ila_core_inst/u_ila_cap_ctrl/u_cap_addrgen/u_cap_sample_counter/U_SCRST/I_YESLUT6.U_SRL32_B/CLK                                                                                                     u_ila_1/inst/ila_core_inst/u_ila_cap_ctrl/u_cap_addrgen/u_cap_sample_counter/iscnt_reg[3]/R
 13  CDC-15  Warning   Clock enable controlled CDC structure detected      0  Asynch Clock Groups  u_ila_1/inst/ila_core_inst/u_ila_cap_ctrl/u_cap_addrgen/u_cap_sample_counter/U_SCRST/I_YESLUT6.U_SRL32_B/CLK                                                                                                     u_ila_1/inst/ila_core_inst/u_ila_cap_ctrl/u_cap_addrgen/u_cap_sample_counter/iscnt_reg[4]/R
 14  CDC-15  Warning   Clock enable controlled CDC structure detected      0  Asynch Clock Groups  u_ila_1/inst/ila_core_inst/u_ila_cap_ctrl/u_cap_addrgen/u_cap_sample_counter/U_SCRST/I_YESLUT6.U_SRL32_B/CLK                                                                                                     u_ila_1/inst/ila_core_inst/u_ila_cap_ctrl/u_cap_addrgen/u_cap_sample_counter/iscnt_reg[5]/R
 15  CDC-15  Warning   Clock enable controlled CDC structure detected      0  Asynch Clock Groups  u_ila_1/inst/ila_core_inst/u_ila_cap_ctrl/u_cap_addrgen/u_cap_sample_counter/U_SCRST/I_YESLUT6.U_SRL32_B/CLK                                                                                                     u_ila_1/inst/ila_core_inst/u_ila_cap_ctrl/u_cap_addrgen/u_cap_sample_counter/iscnt_reg[6]/R
 16  CDC-15  Warning   Clock enable controlled CDC structure detected      0  Asynch Clock Groups  u_ila_1/inst/ila_core_inst/u_ila_cap_ctrl/u_cap_addrgen/u_cap_sample_counter/U_SCRST/I_YESLUT6.U_SRL32_B/CLK                                                                                                     u_ila_1/inst/ila_core_inst/u_ila_cap_ctrl/u_cap_addrgen/u_cap_sample_counter/iscnt_reg[7]/R
 17  CDC-15  Warning   Clock enable controlled CDC structure detected      0  Asynch Clock Groups  u_ila_1/inst/ila_core_inst/u_ila_cap_ctrl/u_cap_addrgen/u_cap_sample_counter/U_SCRST/I_YESLUT6.U_SRL32_B/CLK                                                                                                     u_ila_1/inst/ila_core_inst/u_ila_cap_ctrl/u_cap_addrgen/u_cap_sample_counter/iscnt_reg[8]/R
 18  CDC-15  Warning   Clock enable controlled CDC structure detected      0  Asynch Clock Groups  u_ila_1/inst/ila_core_inst/u_ila_cap_ctrl/u_cap_addrgen/u_cap_sample_counter/U_SCRST/I_YESLUT6.U_SRL32_B/CLK                                                                                                     u_ila_1/inst/ila_core_inst/u_ila_cap_ctrl/u_cap_addrgen/u_cap_sample_counter/iscnt_reg[9]/R
 19  CDC-15  Warning   Clock enable controlled CDC structure detected      0  Asynch Clock Groups  u_ila_1/inst/ila_core_inst/u_ila_cap_ctrl/u_cap_addrgen/u_cap_sample_counter/u_scnt_cmp/allx_typeA_match_detection.ltlib_v1_0_3_allx_typeA_inst/DUT/I_WHOLE_SLICE.G_SLICE_IDX[1].U_ALL_SRL_SLICE/u_srlB/S1/CLK   u_ila_1/inst/ila_core_inst/u_ila_cap_ctrl/u_cap_addrgen/u_cap_sample_counter/u_scnt_cmp_q/D
 20  CDC-15  Warning   Clock enable controlled CDC structure detected      0  Asynch Clock Groups  u_ila_1/inst/ila_core_inst/u_ila_cap_ctrl/u_cap_addrgen/U_CMPRESET/I_YESLUT6.U_SRL32_B/CLK                                                                                                                       u_ila_1/inst/ila_core_inst/u_ila_cap_ctrl/u_cap_addrgen/u_cap_sample_counter/u_scnt_cmp_q/R
 21  CDC-15  Warning   Clock enable controlled CDC structure detected      0  Asynch Clock Groups  u_ila_1/inst/ila_core_inst/u_ila_cap_ctrl/u_cap_addrgen/u_cap_window_counter/u_wcnt_hcmp/allx_typeA_match_detection.ltlib_v1_0_3_allx_typeA_inst/DUT/I_WHOLE_SLICE.G_SLICE_IDX[1].U_ALL_SRL_SLICE/u_srlB/S1/CLK  u_ila_1/inst/ila_core_inst/u_ila_cap_ctrl/u_cap_addrgen/u_cap_window_counter/u_wcnt_hcmp_q/D
 22  CDC-15  Warning   Clock enable controlled CDC structure detected      0  Asynch Clock Groups  u_ila_1/inst/ila_core_inst/u_ila_cap_ctrl/u_cap_addrgen/U_CMPRESET/I_YESLUT6.U_SRL32_B/CLK                                                                                                                       u_ila_1/inst/ila_core_inst/u_ila_cap_ctrl/u_cap_addrgen/u_cap_window_counter/u_wcnt_hcmp_q/R
 23  CDC-15  Warning   Clock enable controlled CDC structure detected      0  Asynch Clock Groups  u_ila_1/inst/ila_core_inst/u_ila_cap_ctrl/u_cap_addrgen/u_cap_window_counter/u_wcnt_lcmp/allx_typeA_match_detection.ltlib_v1_0_3_allx_typeA_inst/DUT/I_WHOLE_SLICE.G_SLICE_IDX[1].U_ALL_SRL_SLICE/u_srlB/S2/CLK  u_ila_1/inst/ila_core_inst/u_ila_cap_ctrl/u_cap_addrgen/u_cap_window_counter/u_wcnt_lcmp_q/D
 24  CDC-15  Warning   Clock enable controlled CDC structure detected      0  Asynch Clock Groups  u_ila_1/inst/ila_core_inst/u_ila_cap_ctrl/u_cap_addrgen/U_CMPRESET/I_YESLUT6.U_SRL32_B/CLK                                                                                                                       u_ila_1/inst/ila_core_inst/u_ila_cap_ctrl/u_cap_addrgen/u_cap_window_counter/u_wcnt_lcmp_q/R
 25  CDC-3   Info      1-bit synchronized with ASYNC_REG property          2  Asynch Clock Groups  u_ila_1/inst/ila_core_inst/u_ila_regs/s_dclk_flag_reg/C                                                                                                                                                          u_ila_1/inst/ila_core_inst/u_ila_regs/s_dclk_flag_sync1_reg/D
 26  CDC-3   Info      1-bit synchronized with ASYNC_REG property          2  Asynch Clock Groups  u_ila_1/inst/ila_core_inst/u_ila_reset_ctrl/asyncrounous_transfer.arm_in_transfer_inst/din_reg_reg/C                                                                                                             u_ila_1/inst/ila_core_inst/u_ila_reset_ctrl/asyncrounous_transfer.arm_in_transfer_inst/dout_reg0_reg/D
 27  CDC-3   Info      1-bit synchronized with ASYNC_REG property          2  Asynch Clock Groups  u_ila_1/inst/ila_core_inst/u_ila_reset_ctrl/asyncrounous_transfer.arm_out_transfer_inst/dout_reg1_reg/C                                                                                                          u_ila_1/inst/ila_core_inst/u_ila_reset_ctrl/asyncrounous_transfer.arm_out_transfer_inst/temp_reg0_reg/D
 28  CDC-3   Info      1-bit synchronized with ASYNC_REG property          2  Asynch Clock Groups  u_ila_1/inst/ila_core_inst/u_ila_reset_ctrl/asyncrounous_transfer.halt_in_transfer_inst/din_reg_reg/C                                                                                                            u_ila_1/inst/ila_core_inst/u_ila_reset_ctrl/asyncrounous_transfer.halt_in_transfer_inst/dout_reg0_reg/D
 29  CDC-3   Info      1-bit synchronized with ASYNC_REG property          2  Asynch Clock Groups  u_ila_1/inst/ila_core_inst/u_ila_reset_ctrl/asyncrounous_transfer.halt_out_transfer_inst/dout_reg1_reg/C                                                                                                         u_ila_1/inst/ila_core_inst/u_ila_reset_ctrl/asyncrounous_transfer.halt_out_transfer_inst/temp_reg0_reg/D
 30  CDC-3   Info      1-bit synchronized with ASYNC_REG property          2  Asynch Clock Groups  u_ila_1/inst/ila_core_inst/u_trig/N_DDR_TC.N_DDR_TC_INST[0].U_TC/allx_typeA_match_detection.ltlib_v1_0_3_allx_typeA_inst/DUT/I_WHOLE_SLICE.G_SLICE_IDX[2].U_ALL_SRL_SLICE/u_srlA/S2/CLK                          u_ila_1/inst/ila_core_inst/u_trig/N_DDR_TC.N_DDR_TC_INST[0].U_TC/allx_typeA_match_detection.ltlib_v1_0_3_allx_typeA_inst/DUT/I_WHOLE_SLICE.G_SLICE_IDX[2].U_ALL_SRL_SLICE/I_IS_TERMINATION_SLICE_W_OUTPUT_REG.DOUT_O_reg/D
 31  CDC-3   Info      1-bit synchronized with ASYNC_REG property          2  Asynch Clock Groups  u_ila_1/inst/ila_core_inst/u_trig/U_TM/N_DDR_MODE.G_NMU[0].U_M/allx_typeA_match_detection.ltlib_v1_0_3_allx_typeA_inst/DUT/I_WHOLE_SLICE.G_SLICE_IDX[2].U_ALL_SRL_SLICE/u_srlA/S2/CLK                            u_ila_1/inst/ila_core_inst/u_trig/U_TM/N_DDR_MODE.G_NMU[0].U_M/allx_typeA_match_detection.ltlib_v1_0_3_allx_typeA_inst/DUT/I_WHOLE_SLICE.G_SLICE_IDX[2].U_ALL_SRL_SLICE/I_IS_TERMINATION_SLICE_W_OUTPUT_REG.DOUT_O_reg/D
 32  CDC-3   Info      1-bit synchronized with ASYNC_REG property          2  Asynch Clock Groups  u_ila_1/inst/ila_core_inst/u_trig/U_TM/N_DDR_MODE.G_NMU[10].U_M/allx_typeA_match_detection.ltlib_v1_0_3_allx_typeA_inst/DUT/I_WHOLE_SLICE.G_SLICE_IDX[3].U_ALL_SRL_SLICE/u_srlA/S2/CLK                           u_ila_1/inst/ila_core_inst/u_trig/U_TM/N_DDR_MODE.G_NMU[10].U_M/allx_typeA_match_detection.ltlib_v1_0_3_allx_typeA_inst/DUT/I_WHOLE_SLICE.G_SLICE_IDX[3].U_ALL_SRL_SLICE/I_IS_TERMINATION_SLICE_W_OUTPUT_REG.DOUT_O_reg/D
 33  CDC-3   Info      1-bit synchronized with ASYNC_REG property          2  Asynch Clock Groups  u_ila_1/inst/ila_core_inst/u_trig/U_TM/N_DDR_MODE.G_NMU[11].U_M/allx_typeA_match_detection.ltlib_v1_0_3_allx_typeA_inst/DUT/I_WHOLE_SLICE.G_SLICE_IDX[3].U_ALL_SRL_SLICE/u_srlA/S2/CLK                           u_ila_1/inst/ila_core_inst/u_trig/U_TM/N_DDR_MODE.G_NMU[11].U_M/allx_typeA_match_detection.ltlib_v1_0_3_allx_typeA_inst/DUT/I_WHOLE_SLICE.G_SLICE_IDX[3].U_ALL_SRL_SLICE/I_IS_TERMINATION_SLICE_W_OUTPUT_REG.DOUT_O_reg/D
 34  CDC-3   Info      1-bit synchronized with ASYNC_REG property          2  Asynch Clock Groups  u_ila_1/inst/ila_core_inst/u_trig/U_TM/N_DDR_MODE.G_NMU[12].U_M/allx_typeA_match_detection.ltlib_v1_0_3_allx_typeA_inst/DUT/I_WHOLE_SLICE.G_SLICE_IDX[3].U_ALL_SRL_SLICE/u_srlA/S2/CLK                           u_ila_1/inst/ila_core_inst/u_trig/U_TM/N_DDR_MODE.G_NMU[12].U_M/allx_typeA_match_detection.ltlib_v1_0_3_allx_typeA_inst/DUT/I_WHOLE_SLICE.G_SLICE_IDX[3].U_ALL_SRL_SLICE/I_IS_TERMINATION_SLICE_W_OUTPUT_REG.DOUT_O_reg/D
 35  CDC-3   Info      1-bit synchronized with ASYNC_REG property          2  Asynch Clock Groups  u_ila_1/inst/ila_core_inst/u_trig/U_TM/N_DDR_MODE.G_NMU[13].U_M/allx_typeA_match_detection.ltlib_v1_0_3_allx_typeA_inst/DUT/I_WHOLE_SLICE.G_SLICE_IDX[3].U_ALL_SRL_SLICE/u_srlA/S2/CLK                           u_ila_1/inst/ila_core_inst/u_trig/U_TM/N_DDR_MODE.G_NMU[13].U_M/allx_typeA_match_detection.ltlib_v1_0_3_allx_typeA_inst/DUT/I_WHOLE_SLICE.G_SLICE_IDX[3].U_ALL_SRL_SLICE/I_IS_TERMINATION_SLICE_W_OUTPUT_REG.DOUT_O_reg/D
 36  CDC-3   Info      1-bit synchronized with ASYNC_REG property          2  Asynch Clock Groups  u_ila_1/inst/ila_core_inst/u_trig/U_TM/N_DDR_MODE.G_NMU[14].U_M/allx_typeA_match_detection.ltlib_v1_0_3_allx_typeA_inst/DUT/I_WHOLE_SLICE.G_SLICE_IDX[3].U_ALL_SRL_SLICE/u_srlA/S2/CLK                           u_ila_1/inst/ila_core_inst/u_trig/U_TM/N_DDR_MODE.G_NMU[14].U_M/allx_typeA_match_detection.ltlib_v1_0_3_allx_typeA_inst/DUT/I_WHOLE_SLICE.G_SLICE_IDX[3].U_ALL_SRL_SLICE/I_IS_TERMINATION_SLICE_W_OUTPUT_REG.DOUT_O_reg/D
 37  CDC-3   Info      1-bit synchronized with ASYNC_REG property          2  Asynch Clock Groups  u_ila_1/inst/ila_core_inst/u_trig/U_TM/N_DDR_MODE.G_NMU[15].U_M/allx_typeA_match_detection.ltlib_v1_0_3_allx_typeA_inst/DUT/I_WHOLE_SLICE.G_SLICE_IDX[3].U_ALL_SRL_SLICE/u_srlA/S2/CLK                           u_ila_1/inst/ila_core_inst/u_trig/U_TM/N_DDR_MODE.G_NMU[15].U_M/allx_typeA_match_detection.ltlib_v1_0_3_allx_typeA_inst/DUT/I_WHOLE_SLICE.G_SLICE_IDX[3].U_ALL_SRL_SLICE/I_IS_TERMINATION_SLICE_W_OUTPUT_REG.DOUT_O_reg/D
 38  CDC-3   Info      1-bit synchronized with ASYNC_REG property          2  Asynch Clock Groups  u_ila_1/inst/ila_core_inst/u_trig/U_TM/N_DDR_MODE.G_NMU[16].U_M/allx_typeA_match_detection.ltlib_v1_0_3_allx_typeA_inst/DUT/I_WHOLE_SLICE.G_SLICE_IDX[3].U_ALL_SRL_SLICE/u_srlA/S2/CLK                           u_ila_1/inst/ila_core_inst/u_trig/U_TM/N_DDR_MODE.G_NMU[16].U_M/allx_typeA_match_detection.ltlib_v1_0_3_allx_typeA_inst/DUT/I_WHOLE_SLICE.G_SLICE_IDX[3].U_ALL_SRL_SLICE/I_IS_TERMINATION_SLICE_W_OUTPUT_REG.DOUT_O_reg/D
 39  CDC-3   Info      1-bit synchronized with ASYNC_REG property          2  Asynch Clock Groups  u_ila_1/inst/ila_core_inst/u_trig/U_TM/N_DDR_MODE.G_NMU[17].U_M/allx_typeA_match_detection.ltlib_v1_0_3_allx_typeA_inst/DUT/I_WHOLE_SLICE.G_SLICE_IDX[3].U_ALL_SRL_SLICE/u_srlA/S2/CLK                           u_ila_1/inst/ila_core_inst/u_trig/U_TM/N_DDR_MODE.G_NMU[17].U_M/allx_typeA_match_detection.ltlib_v1_0_3_allx_typeA_inst/DUT/I_WHOLE_SLICE.G_SLICE_IDX[3].U_ALL_SRL_SLICE/I_IS_TERMINATION_SLICE_W_OUTPUT_REG.DOUT_O_reg/D
 40  CDC-3   Info      1-bit synchronized with ASYNC_REG property          2  Asynch Clock Groups  u_ila_1/inst/ila_core_inst/u_trig/U_TM/N_DDR_MODE.G_NMU[1].U_M/allx_typeA_match_detection.ltlib_v1_0_3_allx_typeA_inst/DUT/I_WHOLE_SLICE.G_SLICE_IDX[3].U_ALL_SRL_SLICE/u_srlA/S2/CLK                            u_ila_1/inst/ila_core_inst/u_trig/U_TM/N_DDR_MODE.G_NMU[1].U_M/allx_typeA_match_detection.ltlib_v1_0_3_allx_typeA_inst/DUT/I_WHOLE_SLICE.G_SLICE_IDX[3].U_ALL_SRL_SLICE/I_IS_TERMINATION_SLICE_W_OUTPUT_REG.DOUT_O_reg/D
 41  CDC-3   Info      1-bit synchronized with ASYNC_REG property          2  Asynch Clock Groups  u_ila_1/inst/ila_core_inst/u_trig/U_TM/N_DDR_MODE.G_NMU[2].U_M/allx_typeA_match_detection.ltlib_v1_0_3_allx_typeA_inst/DUT/I_WHOLE_SLICE.G_SLICE_IDX[0].U_ALL_SRL_SLICE/u_srlA/S2/CLK                            u_ila_1/inst/ila_core_inst/u_trig/U_TM/N_DDR_MODE.G_NMU[2].U_M/allx_typeA_match_detection.ltlib_v1_0_3_allx_typeA_inst/DUT/I_WHOLE_SLICE.G_SLICE_IDX[0].U_ALL_SRL_SLICE/I_IS_TERMINATION_SLICE_W_OUTPUT_REG.DOUT_O_reg/D
 42  CDC-3   Info      1-bit synchronized with ASYNC_REG property          2  Asynch Clock Groups  u_ila_1/inst/ila_core_inst/u_trig/U_TM/N_DDR_MODE.G_NMU[3].U_M/allx_typeA_match_detection.ltlib_v1_0_3_allx_typeA_inst/DUT/I_WHOLE_SLICE.G_SLICE_IDX[3].U_ALL_SRL_SLICE/u_srlA/S2/CLK                            u_ila_1/inst/ila_core_inst/u_trig/U_TM/N_DDR_MODE.G_NMU[3].U_M/allx_typeA_match_detection.ltlib_v1_0_3_allx_typeA_inst/DUT/I_WHOLE_SLICE.G_SLICE_IDX[3].U_ALL_SRL_SLICE/I_IS_TERMINATION_SLICE_W_OUTPUT_REG.DOUT_O_reg/D
 43  CDC-3   Info      1-bit synchronized with ASYNC_REG property          2  Asynch Clock Groups  u_ila_1/inst/ila_core_inst/u_trig/U_TM/N_DDR_MODE.G_NMU[4].U_M/allx_typeA_match_detection.ltlib_v1_0_3_allx_typeA_inst/DUT/I_WHOLE_SLICE.G_SLICE_IDX[3].U_ALL_SRL_SLICE/u_srlA/S2/CLK                            u_ila_1/inst/ila_core_inst/u_trig/U_TM/N_DDR_MODE.G_NMU[4].U_M/allx_typeA_match_detection.ltlib_v1_0_3_allx_typeA_inst/DUT/I_WHOLE_SLICE.G_SLICE_IDX[3].U_ALL_SRL_SLICE/I_IS_TERMINATION_SLICE_W_OUTPUT_REG.DOUT_O_reg/D
 44  CDC-3   Info      1-bit synchronized with ASYNC_REG property          2  Asynch Clock Groups  u_ila_1/inst/ila_core_inst/u_trig/U_TM/N_DDR_MODE.G_NMU[5].U_M/allx_typeA_match_detection.ltlib_v1_0_3_allx_typeA_inst/DUT/I_WHOLE_SLICE.G_SLICE_IDX[0].U_ALL_SRL_SLICE/u_srlA/S2/CLK                            u_ila_1/inst/ila_core_inst/u_trig/U_TM/N_DDR_MODE.G_NMU[5].U_M/allx_typeA_match_detection.ltlib_v1_0_3_allx_typeA_inst/DUT/I_WHOLE_SLICE.G_SLICE_IDX[0].U_ALL_SRL_SLICE/I_IS_TERMINATION_SLICE_W_OUTPUT_REG.DOUT_O_reg/D
 45  CDC-3   Info      1-bit synchronized with ASYNC_REG property          2  Asynch Clock Groups  u_ila_1/inst/ila_core_inst/u_trig/U_TM/N_DDR_MODE.G_NMU[6].U_M/allx_typeA_match_detection.ltlib_v1_0_3_allx_typeA_inst/DUT/I_WHOLE_SLICE.G_SLICE_IDX[0].U_ALL_SRL_SLICE/u_srlA/S2/CLK                            u_ila_1/inst/ila_core_inst/u_trig/U_TM/N_DDR_MODE.G_NMU[6].U_M/allx_typeA_match_detection.ltlib_v1_0_3_allx_typeA_inst/DUT/I_WHOLE_SLICE.G_SLICE_IDX[0].U_ALL_SRL_SLICE/I_IS_TERMINATION_SLICE_W_OUTPUT_REG.DOUT_O_reg/D
 46  CDC-3   Info      1-bit synchronized with ASYNC_REG property          2  Asynch Clock Groups  u_ila_1/inst/ila_core_inst/u_trig/U_TM/N_DDR_MODE.G_NMU[7].U_M/allx_typeA_match_detection.ltlib_v1_0_3_allx_typeA_inst/DUT/I_WHOLE_SLICE.G_SLICE_IDX[0].U_ALL_SRL_SLICE/u_srlA/S2/CLK                            u_ila_1/inst/ila_core_inst/u_trig/U_TM/N_DDR_MODE.G_NMU[7].U_M/allx_typeA_match_detection.ltlib_v1_0_3_allx_typeA_inst/DUT/I_WHOLE_SLICE.G_SLICE_IDX[0].U_ALL_SRL_SLICE/I_IS_TERMINATION_SLICE_W_OUTPUT_REG.DOUT_O_reg/D
 47  CDC-3   Info      1-bit synchronized with ASYNC_REG property          2  Asynch Clock Groups  u_ila_1/inst/ila_core_inst/u_trig/U_TM/N_DDR_MODE.G_NMU[8].U_M/allx_typeA_match_detection.ltlib_v1_0_3_allx_typeA_inst/DUT/I_WHOLE_SLICE.G_SLICE_IDX[3].U_ALL_SRL_SLICE/u_srlA/S2/CLK                            u_ila_1/inst/ila_core_inst/u_trig/U_TM/N_DDR_MODE.G_NMU[8].U_M/allx_typeA_match_detection.ltlib_v1_0_3_allx_typeA_inst/DUT/I_WHOLE_SLICE.G_SLICE_IDX[3].U_ALL_SRL_SLICE/I_IS_TERMINATION_SLICE_W_OUTPUT_REG.DOUT_O_reg/D
 48  CDC-3   Info      1-bit synchronized with ASYNC_REG property          2  Asynch Clock Groups  u_ila_1/inst/ila_core_inst/u_trig/U_TM/N_DDR_MODE.G_NMU[9].U_M/allx_typeA_match_detection.ltlib_v1_0_3_allx_typeA_inst/DUT/I_WHOLE_SLICE.G_SLICE_IDX[3].U_ALL_SRL_SLICE/u_srlA/S2/CLK                            u_ila_1/inst/ila_core_inst/u_trig/U_TM/N_DDR_MODE.G_NMU[9].U_M/allx_typeA_match_detection.ltlib_v1_0_3_allx_typeA_inst/DUT/I_WHOLE_SLICE.G_SLICE_IDX[3].U_ALL_SRL_SLICE/I_IS_TERMINATION_SLICE_W_OUTPUT_REG.DOUT_O_reg/D
 49  CDC-3   Info      1-bit synchronized with ASYNC_REG property          2  Asynch Clock Groups  u_ila_1/inst/ila_core_inst/u_ila_regs/reg_15/I_EN_CTL_EQ1.U_CTL/xsdb_reg_reg[2]/C                                                                                                                                u_ila_1/inst/ila_core_inst/use_probe_debug_circuit_2_reg/D
 50  CDC-15  Warning   Clock enable controlled CDC structure detected      0  Asynch Clock Groups  uut_noc_top/wrap_00/RX_VC[0].rx_fifo/core_fifo/GEN_CTRL_RAM.dp_ram_ctrl_inst/mem_reg_0_15_0_4/RAMA/CLK                                                                                                           uut_noc_top/wrap_00/RX_VC[0].rx_fifo/core_fifo/GEN_CTRL_RAM.dp_ram_ctrl_inst/rdata_reg[0]/D
 51  CDC-15  Warning   Clock enable controlled CDC structure detected      0  Asynch Clock Groups  uut_noc_top/wrap_00/RX_VC[0].rx_fifo/core_fifo/GEN_CTRL_RAM.dp_ram_ctrl_inst/mem_reg_0_15_0_4/RAMA_D1/CLK                                                                                                        uut_noc_top/wrap_00/RX_VC[0].rx_fifo/core_fifo/GEN_CTRL_RAM.dp_ram_ctrl_inst/rdata_reg[1]/D
 52  CDC-15  Warning   Clock enable controlled CDC structure detected      0  Asynch Clock Groups  uut_noc_top/wrap_00/RX_VC[0].rx_fifo/core_fifo/GEN_CTRL_RAM.dp_ram_ctrl_inst/mem_reg_0_15_0_4/RAMB/CLK                                                                                                           uut_noc_top/wrap_00/RX_VC[0].rx_fifo/core_fifo/GEN_CTRL_RAM.dp_ram_ctrl_inst/rdata_reg[2]/D
 53  CDC-15  Warning   Clock enable controlled CDC structure detected      0  Asynch Clock Groups  uut_noc_top/wrap_00/RX_VC[0].rx_fifo/core_fifo/GEN_CTRL_RAM.dp_ram_ctrl_inst/mem_reg_0_15_0_4/RAMB_D1/CLK                                                                                                        uut_noc_top/wrap_00/RX_VC[0].rx_fifo/core_fifo/GEN_CTRL_RAM.dp_ram_ctrl_inst/rdata_reg[3]/D
 54  CDC-15  Warning   Clock enable controlled CDC structure detected      0  Asynch Clock Groups  uut_noc_top/wrap_00/RX_VC[0].rx_fifo/core_fifo/GEN_CTRL_RAM.dp_ram_ctrl_inst/mem_reg_0_15_0_4/RAMC/CLK                                                                                                           uut_noc_top/wrap_00/RX_VC[0].rx_fifo/core_fifo/GEN_CTRL_RAM.dp_ram_ctrl_inst/rdata_reg[4]/D
 55  CDC-15  Warning   Clock enable controlled CDC structure detected      0  Asynch Clock Groups  uut_noc_top/wrap_00/RX_VC[0].rx_fifo/core_fifo/dp_ram_ecc_inst/core_ram/mem_reg_0_15_0_5/RAMA/CLK                                                                                                                uut_noc_top/wrap_00/RX_VC[0].rx_fifo/core_fifo/dp_ram_ecc_inst/core_ram/rdata_reg[0]/D
 56  CDC-15  Warning   Clock enable controlled CDC structure detected      0  Asynch Clock Groups  uut_noc_top/wrap_00/RX_VC[0].rx_fifo/core_fifo/dp_ram_ecc_inst/core_ram/mem_reg_0_15_0_5/RAMA_D1/CLK                                                                                                             uut_noc_top/wrap_00/RX_VC[0].rx_fifo/core_fifo/dp_ram_ecc_inst/core_ram/rdata_reg[1]/D
 57  CDC-15  Warning   Clock enable controlled CDC structure detected      0  Asynch Clock Groups  uut_noc_top/wrap_00/RX_VC[0].rx_fifo/core_fifo/dp_ram_ecc_inst/core_ram/mem_reg_0_15_0_5/RAMB/CLK                                                                                                                uut_noc_top/wrap_00/RX_VC[0].rx_fifo/core_fifo/dp_ram_ecc_inst/core_ram/rdata_reg[2]/D
 58  CDC-15  Warning   Clock enable controlled CDC structure detected      0  Asynch Clock Groups  uut_noc_top/wrap_00/RX_VC[0].rx_fifo/core_fifo/dp_ram_ecc_inst/core_ram/mem_reg_0_15_0_5/RAMB_D1/CLK                                                                                                             uut_noc_top/wrap_00/RX_VC[0].rx_fifo/core_fifo/dp_ram_ecc_inst/core_ram/rdata_reg[3]/D
 59  CDC-15  Warning   Clock enable controlled CDC structure detected      0  Asynch Clock Groups  uut_noc_top/wrap_00/RX_VC[0].rx_fifo/core_fifo/dp_ram_ecc_inst/core_ram/mem_reg_0_15_0_5/RAMC/CLK                                                                                                                uut_noc_top/wrap_00/RX_VC[0].rx_fifo/core_fifo/dp_ram_ecc_inst/core_ram/rdata_reg[4]/D
 60  CDC-15  Warning   Clock enable controlled CDC structure detected      0  Asynch Clock Groups  uut_noc_top/wrap_00/RX_VC[0].rx_fifo/core_fifo/dp_ram_ecc_inst/core_ram/mem_reg_0_15_0_5/RAMC_D1/CLK                                                                                                             uut_noc_top/wrap_00/RX_VC[0].rx_fifo/core_fifo/dp_ram_ecc_inst/core_ram/rdata_reg[5]/D
 61  CDC-15  Warning   Clock enable controlled CDC structure detected      0  Asynch Clock Groups  uut_noc_top/wrap_00/RX_VC[0].rx_fifo/core_fifo/dp_ram_ecc_inst/core_ram/mem_reg_0_15_6_11/RAMA/CLK                                                                                                               uut_noc_top/wrap_00/RX_VC[0].rx_fifo/core_fifo/dp_ram_ecc_inst/core_ram/rdata_reg[6]/D
 62  CDC-15  Warning   Clock enable controlled CDC structure detected      0  Asynch Clock Groups  uut_noc_top/wrap_00/RX_VC[0].rx_fifo/core_fifo/dp_ram_ecc_inst/core_ram/mem_reg_0_15_6_11/RAMA_D1/CLK                                                                                                            uut_noc_top/wrap_00/RX_VC[0].rx_fifo/core_fifo/dp_ram_ecc_inst/core_ram/rdata_reg[7]/D
 63  CDC-15  Warning   Clock enable controlled CDC structure detected      0  Asynch Clock Groups  uut_noc_top/wrap_00/RX_VC[0].rx_fifo/core_fifo/dp_ram_ecc_inst/core_ram/mem_reg_0_15_6_11/RAMB/CLK                                                                                                               uut_noc_top/wrap_00/RX_VC[0].rx_fifo/core_fifo/dp_ram_ecc_inst/core_ram/rdata_reg[8]/D
 64  CDC-15  Warning   Clock enable controlled CDC structure detected      0  Asynch Clock Groups  uut_noc_top/wrap_00/RX_VC[0].rx_fifo/core_fifo/dp_ram_ecc_inst/core_ram/mem_reg_0_15_6_11/RAMB_D1/CLK                                                                                                            uut_noc_top/wrap_00/RX_VC[0].rx_fifo/core_fifo/dp_ram_ecc_inst/core_ram/rdata_reg[9]/D
 65  CDC-15  Warning   Clock enable controlled CDC structure detected      0  Asynch Clock Groups  uut_noc_top/wrap_00/RX_VC[0].rx_fifo/core_fifo/dp_ram_ecc_inst/core_ram/mem_reg_0_15_6_11/RAMC/CLK                                                                                                               uut_noc_top/wrap_00/RX_VC[0].rx_fifo/core_fifo/dp_ram_ecc_inst/core_ram/rdata_reg[10]/D
 66  CDC-15  Warning   Clock enable controlled CDC structure detected      0  Asynch Clock Groups  uut_noc_top/wrap_00/RX_VC[0].rx_fifo/core_fifo/dp_ram_ecc_inst/core_ram/mem_reg_0_15_6_11/RAMC_D1/CLK                                                                                                            uut_noc_top/wrap_00/RX_VC[0].rx_fifo/core_fifo/dp_ram_ecc_inst/core_ram/rdata_reg[11]/D
 67  CDC-15  Warning   Clock enable controlled CDC structure detected      0  Asynch Clock Groups  uut_noc_top/wrap_00/RX_VC[0].rx_fifo/core_fifo/dp_ram_ecc_inst/core_ram/mem_reg_0_15_12_12/DP/CLK                                                                                                                uut_noc_top/wrap_00/RX_VC[0].rx_fifo/core_fifo/dp_ram_ecc_inst/core_ram/rdata_reg[12]/D
 68  CDC-6   Warning   Multi-bit synchronized with ASYNC_REG property      2  Asynch Clock Groups  uut_noc_top/wrap_00/RX_VC[0].rx_fifo/core_fifo/w_cnt/ptr_g_reg[4:0]/C                                                                                                                                            uut_noc_top/wrap_00/RX_VC[0].rx_fifo/core_fifo/sync_w2r/q1_reg[4:0]/D
 69  CDC-15  Warning   Clock enable controlled CDC structure detected      0  Asynch Clock Groups  uut_noc_top/wrap_00/RX_VC[1].rx_fifo/core_fifo/GEN_CTRL_RAM.dp_ram_ctrl_inst/mem_reg_0_15_0_4/RAMA/CLK                                                                                                           uut_noc_top/wrap_00/RX_VC[1].rx_fifo/core_fifo/GEN_CTRL_RAM.dp_ram_ctrl_inst/rdata_reg[0]/D
 70  CDC-15  Warning   Clock enable controlled CDC structure detected      0  Asynch Clock Groups  uut_noc_top/wrap_00/RX_VC[1].rx_fifo/core_fifo/GEN_CTRL_RAM.dp_ram_ctrl_inst/mem_reg_0_15_0_4/RAMA_D1/CLK                                                                                                        uut_noc_top/wrap_00/RX_VC[1].rx_fifo/core_fifo/GEN_CTRL_RAM.dp_ram_ctrl_inst/rdata_reg[1]/D
 71  CDC-15  Warning   Clock enable controlled CDC structure detected      0  Asynch Clock Groups  uut_noc_top/wrap_00/RX_VC[1].rx_fifo/core_fifo/GEN_CTRL_RAM.dp_ram_ctrl_inst/mem_reg_0_15_0_4/RAMB/CLK                                                                                                           uut_noc_top/wrap_00/RX_VC[1].rx_fifo/core_fifo/GEN_CTRL_RAM.dp_ram_ctrl_inst/rdata_reg[2]/D
 72  CDC-15  Warning   Clock enable controlled CDC structure detected      0  Asynch Clock Groups  uut_noc_top/wrap_00/RX_VC[1].rx_fifo/core_fifo/GEN_CTRL_RAM.dp_ram_ctrl_inst/mem_reg_0_15_0_4/RAMB_D1/CLK                                                                                                        uut_noc_top/wrap_00/RX_VC[1].rx_fifo/core_fifo/GEN_CTRL_RAM.dp_ram_ctrl_inst/rdata_reg[3]/D
 73  CDC-15  Warning   Clock enable controlled CDC structure detected      0  Asynch Clock Groups  uut_noc_top/wrap_00/RX_VC[1].rx_fifo/core_fifo/GEN_CTRL_RAM.dp_ram_ctrl_inst/mem_reg_0_15_0_4/RAMC/CLK                                                                                                           uut_noc_top/wrap_00/RX_VC[1].rx_fifo/core_fifo/GEN_CTRL_RAM.dp_ram_ctrl_inst/rdata_reg[4]/D
 74  CDC-15  Warning   Clock enable controlled CDC structure detected      0  Asynch Clock Groups  uut_noc_top/wrap_00/RX_VC[1].rx_fifo/core_fifo/dp_ram_ecc_inst/core_ram/mem_reg_0_15_0_5/RAMA/CLK                                                                                                                uut_noc_top/wrap_00/RX_VC[1].rx_fifo/core_fifo/dp_ram_ecc_inst/core_ram/rdata_reg[0]/D
 75  CDC-15  Warning   Clock enable controlled CDC structure detected      0  Asynch Clock Groups  uut_noc_top/wrap_00/RX_VC[1].rx_fifo/core_fifo/dp_ram_ecc_inst/core_ram/mem_reg_0_15_0_5/RAMA_D1/CLK                                                                                                             uut_noc_top/wrap_00/RX_VC[1].rx_fifo/core_fifo/dp_ram_ecc_inst/core_ram/rdata_reg[1]/D
 76  CDC-15  Warning   Clock enable controlled CDC structure detected      0  Asynch Clock Groups  uut_noc_top/wrap_00/RX_VC[1].rx_fifo/core_fifo/dp_ram_ecc_inst/core_ram/mem_reg_0_15_0_5/RAMB/CLK                                                                                                                uut_noc_top/wrap_00/RX_VC[1].rx_fifo/core_fifo/dp_ram_ecc_inst/core_ram/rdata_reg[2]/D
 77  CDC-15  Warning   Clock enable controlled CDC structure detected      0  Asynch Clock Groups  uut_noc_top/wrap_00/RX_VC[1].rx_fifo/core_fifo/dp_ram_ecc_inst/core_ram/mem_reg_0_15_0_5/RAMB_D1/CLK                                                                                                             uut_noc_top/wrap_00/RX_VC[1].rx_fifo/core_fifo/dp_ram_ecc_inst/core_ram/rdata_reg[3]/D
 78  CDC-15  Warning   Clock enable controlled CDC structure detected      0  Asynch Clock Groups  uut_noc_top/wrap_00/RX_VC[1].rx_fifo/core_fifo/dp_ram_ecc_inst/core_ram/mem_reg_0_15_0_5/RAMC/CLK                                                                                                                uut_noc_top/wrap_00/RX_VC[1].rx_fifo/core_fifo/dp_ram_ecc_inst/core_ram/rdata_reg[4]/D
 79  CDC-15  Warning   Clock enable controlled CDC structure detected      0  Asynch Clock Groups  uut_noc_top/wrap_00/RX_VC[1].rx_fifo/core_fifo/dp_ram_ecc_inst/core_ram/mem_reg_0_15_0_5/RAMC_D1/CLK                                                                                                             uut_noc_top/wrap_00/RX_VC[1].rx_fifo/core_fifo/dp_ram_ecc_inst/core_ram/rdata_reg[5]/D
 80  CDC-15  Warning   Clock enable controlled CDC structure detected      0  Asynch Clock Groups  uut_noc_top/wrap_00/RX_VC[1].rx_fifo/core_fifo/dp_ram_ecc_inst/core_ram/mem_reg_0_15_6_11/RAMA/CLK                                                                                                               uut_noc_top/wrap_00/RX_VC[1].rx_fifo/core_fifo/dp_ram_ecc_inst/core_ram/rdata_reg[6]/D
 81  CDC-15  Warning   Clock enable controlled CDC structure detected      0  Asynch Clock Groups  uut_noc_top/wrap_00/RX_VC[1].rx_fifo/core_fifo/dp_ram_ecc_inst/core_ram/mem_reg_0_15_6_11/RAMA_D1/CLK                                                                                                            uut_noc_top/wrap_00/RX_VC[1].rx_fifo/core_fifo/dp_ram_ecc_inst/core_ram/rdata_reg[7]/D
 82  CDC-15  Warning   Clock enable controlled CDC structure detected      0  Asynch Clock Groups  uut_noc_top/wrap_00/RX_VC[1].rx_fifo/core_fifo/dp_ram_ecc_inst/core_ram/mem_reg_0_15_6_11/RAMB/CLK                                                                                                               uut_noc_top/wrap_00/RX_VC[1].rx_fifo/core_fifo/dp_ram_ecc_inst/core_ram/rdata_reg[8]/D
 83  CDC-15  Warning   Clock enable controlled CDC structure detected      0  Asynch Clock Groups  uut_noc_top/wrap_00/RX_VC[1].rx_fifo/core_fifo/dp_ram_ecc_inst/core_ram/mem_reg_0_15_6_11/RAMB_D1/CLK                                                                                                            uut_noc_top/wrap_00/RX_VC[1].rx_fifo/core_fifo/dp_ram_ecc_inst/core_ram/rdata_reg[9]/D
 84  CDC-15  Warning   Clock enable controlled CDC structure detected      0  Asynch Clock Groups  uut_noc_top/wrap_00/RX_VC[1].rx_fifo/core_fifo/dp_ram_ecc_inst/core_ram/mem_reg_0_15_6_11/RAMC/CLK                                                                                                               uut_noc_top/wrap_00/RX_VC[1].rx_fifo/core_fifo/dp_ram_ecc_inst/core_ram/rdata_reg[10]/D
 85  CDC-15  Warning   Clock enable controlled CDC structure detected      0  Asynch Clock Groups  uut_noc_top/wrap_00/RX_VC[1].rx_fifo/core_fifo/dp_ram_ecc_inst/core_ram/mem_reg_0_15_6_11/RAMC_D1/CLK                                                                                                            uut_noc_top/wrap_00/RX_VC[1].rx_fifo/core_fifo/dp_ram_ecc_inst/core_ram/rdata_reg[11]/D
 86  CDC-15  Warning   Clock enable controlled CDC structure detected      0  Asynch Clock Groups  uut_noc_top/wrap_00/RX_VC[1].rx_fifo/core_fifo/dp_ram_ecc_inst/core_ram/mem_reg_0_15_12_12/DP/CLK                                                                                                                uut_noc_top/wrap_00/RX_VC[1].rx_fifo/core_fifo/dp_ram_ecc_inst/core_ram/rdata_reg[12]/D
 87  CDC-6   Warning   Multi-bit synchronized with ASYNC_REG property      2  Asynch Clock Groups  uut_noc_top/wrap_00/RX_VC[1].rx_fifo/core_fifo/w_cnt/ptr_g_reg[4:0]/C                                                                                                                                            uut_noc_top/wrap_00/RX_VC[1].rx_fifo/core_fifo/sync_w2r/q1_reg[4:0]/D

Source Clock: clk_out3_clk_wiz_0
Destination Clock: clk_out2_clk_wiz_0
CDC Type: User Ignored

Row  ID     Severity  Description                                 Depth  Exception            Source (From)                 Destination (To)
---  -----  --------  ------------------------------------------  -----  -------------------  ----------------------------  ---------------------------------
  1  CDC-3  Info      1-bit synchronized with ASYNC_REG property      2  Asynch Clock Groups  u_stress/agent_01/done_reg/C  u_stress/u_sync_flags/q1_reg[2]/D

Source Clock: clk_out4_clk_wiz_0
Destination Clock: clk_out2_clk_wiz_0
CDC Type: User Ignored

Row  ID     Severity  Description                                 Depth  Exception            Source (From)                 Destination (To)
---  -----  --------  ------------------------------------------  -----  -------------------  ----------------------------  ---------------------------------
  1  CDC-3  Info      1-bit synchronized with ASYNC_REG property      2  Asynch Clock Groups  u_stress/agent_10/done_reg/C  u_stress/u_sync_flags/q1_reg[4]/D

Source Clock: clk_out5_clk_wiz_0
Destination Clock: clk_out2_clk_wiz_0
CDC Type: User Ignored

Row  ID     Severity  Description                                 Depth  Exception            Source (From)                 Destination (To)
---  -----  --------  ------------------------------------------  -----  -------------------  ----------------------------  ---------------------------------
  1  CDC-3  Info      1-bit synchronized with ASYNC_REG property      2  Asynch Clock Groups  u_stress/agent_11/done_reg/C  u_stress/u_sync_flags/q1_reg[6]/D

Source Clock: clk_out1_clk_wiz_0
Destination Clock: clk_out3_clk_wiz_0
CDC Type: User Ignored

Row  ID      Severity  Description                                     Depth  Exception            Source (From)                                                                                                                                                                                                    Destination (To)
---  ------  --------  ----------------------------------------------  -----  -------------------  ---------------------------------------------------------------------------------------------------------------------------------------------------------------------------------------------------------------  --------------------------------------------------------------------------------------------------------------------------------------------------------------------------------------------------------------------------
  1  CDC-3   Info      1-bit synchronized with ASYNC_REG property          2  Asynch Clock Groups  u_ila_2/inst/ila_core_inst/u_ila_regs/reg_1a/I_EN_CTL_EQ1.U_CTL/xsdb_reg_reg[1]/C                                                                                                                                u_ila_2/inst/ila_core_inst/capture_qual_ctrl_2_reg[0]/D
  2  CDC-3   Info      1-bit synchronized with ASYNC_REG property          2  Asynch Clock Groups  u_ila_2/inst/ila_core_inst/u_ila_regs/reg_1a/I_EN_CTL_EQ1.U_CTL/xsdb_reg_reg[2]/C                                                                                                                                u_ila_2/inst/ila_core_inst/capture_qual_ctrl_2_reg[1]/D
  3  CDC-6   Warning   Multi-bit synchronized with ASYNC_REG property      2  Asynch Clock Groups  u_ila_2/inst/ila_core_inst/u_ila_regs/reg_stream_ffd/I_EN_CTL_EQ1.U_CTL/xsdb_reg_reg[15:0]/C                                                                                                                     u_ila_2/inst/ila_core_inst/debug_data_in_sync1_reg[15:0]/D
  4  CDC-3   Info      1-bit synchronized with ASYNC_REG property          2  Asynch Clock Groups  u_ila_2/inst/ila_core_inst/u_ila_regs/reg_1a/I_EN_CTL_EQ1.U_CTL/xsdb_reg_reg[3]/C                                                                                                                                u_ila_2/inst/ila_core_inst/en_adv_trigger_2_reg/D
  5  CDC-6   Warning   Multi-bit synchronized with ASYNC_REG property      2  Asynch Clock Groups  u_ila_2/inst/ila_core_inst/u_ila_cap_ctrl/u_cap_addrgen/i_o_to_64k.cfg_data_vec_reg[10:1]/C                                                                                                                      u_ila_2/inst/ila_core_inst/u_ila_cap_ctrl/u_cap_addrgen/cfg_data_vec_sync1_reg[10:1]/D
  6  CDC-3   Info      1-bit synchronized with ASYNC_REG property          2  Asynch Clock Groups  u_ila_2/inst/ila_core_inst/u_ila_cap_ctrl/u_cap_addrgen/u_cap_sample_counter/U_SCE/I_YESLUT6.U_SRLC16E/CLK                                                                                                       u_ila_2/inst/ila_core_inst/u_ila_cap_ctrl/u_cap_addrgen/icap_wr_en_reg/D
  7  CDC-15  Warning   Clock enable controlled CDC structure detected      0  Asynch Clock Groups  u_ila_2/inst/ila_core_inst/u_ila_cap_ctrl/u_cap_addrgen/u_cap_sample_counter/U_SCRST/I_YESLUT6.U_SRL32_B/CLK                                                                                                     u_ila_2/inst/ila_core_inst/u_ila_cap_ctrl/u_cap_addrgen/u_cap_sample_counter/iscnt_reg[0]/R
  8  CDC-15  Warning   Clock enable controlled CDC structure detected      0  Asynch Clock Groups  u_ila_2/inst/ila_core_inst/u_ila_cap_ctrl/u_cap_addrgen/u_cap_sample_counter/U_SCRST/I_YESLUT6.U_SRL32_B/CLK                                                                                                     u_ila_2/inst/ila_core_inst/u_ila_cap_ctrl/u_cap_addrgen/u_cap_sample_counter/iscnt_reg[1]/R
  9  CDC-15  Warning   Clock enable controlled CDC structure detected      0  Asynch Clock Groups  u_ila_2/inst/ila_core_inst/u_ila_cap_ctrl/u_cap_addrgen/u_cap_sample_counter/U_SCRST/I_YESLUT6.U_SRL32_B/CLK                                                                                                     u_ila_2/inst/ila_core_inst/u_ila_cap_ctrl/u_cap_addrgen/u_cap_sample_counter/iscnt_reg[2]/R
 10  CDC-15  Warning   Clock enable controlled CDC structure detected      0  Asynch Clock Groups  u_ila_2/inst/ila_core_inst/u_ila_cap_ctrl/u_cap_addrgen/u_cap_sample_counter/U_SCRST/I_YESLUT6.U_SRL32_B/CLK                                                                                                     u_ila_2/inst/ila_core_inst/u_ila_cap_ctrl/u_cap_addrgen/u_cap_sample_counter/iscnt_reg[3]/R
 11  CDC-15  Warning   Clock enable controlled CDC structure detected      0  Asynch Clock Groups  u_ila_2/inst/ila_core_inst/u_ila_cap_ctrl/u_cap_addrgen/u_cap_sample_counter/U_SCRST/I_YESLUT6.U_SRL32_B/CLK                                                                                                     u_ila_2/inst/ila_core_inst/u_ila_cap_ctrl/u_cap_addrgen/u_cap_sample_counter/iscnt_reg[4]/R
 12  CDC-15  Warning   Clock enable controlled CDC structure detected      0  Asynch Clock Groups  u_ila_2/inst/ila_core_inst/u_ila_cap_ctrl/u_cap_addrgen/u_cap_sample_counter/U_SCRST/I_YESLUT6.U_SRL32_B/CLK                                                                                                     u_ila_2/inst/ila_core_inst/u_ila_cap_ctrl/u_cap_addrgen/u_cap_sample_counter/iscnt_reg[5]/R
 13  CDC-15  Warning   Clock enable controlled CDC structure detected      0  Asynch Clock Groups  u_ila_2/inst/ila_core_inst/u_ila_cap_ctrl/u_cap_addrgen/u_cap_sample_counter/U_SCRST/I_YESLUT6.U_SRL32_B/CLK                                                                                                     u_ila_2/inst/ila_core_inst/u_ila_cap_ctrl/u_cap_addrgen/u_cap_sample_counter/iscnt_reg[6]/R
 14  CDC-15  Warning   Clock enable controlled CDC structure detected      0  Asynch Clock Groups  u_ila_2/inst/ila_core_inst/u_ila_cap_ctrl/u_cap_addrgen/u_cap_sample_counter/U_SCRST/I_YESLUT6.U_SRL32_B/CLK                                                                                                     u_ila_2/inst/ila_core_inst/u_ila_cap_ctrl/u_cap_addrgen/u_cap_sample_counter/iscnt_reg[7]/R
 15  CDC-15  Warning   Clock enable controlled CDC structure detected      0  Asynch Clock Groups  u_ila_2/inst/ila_core_inst/u_ila_cap_ctrl/u_cap_addrgen/u_cap_sample_counter/U_SCRST/I_YESLUT6.U_SRL32_B/CLK                                                                                                     u_ila_2/inst/ila_core_inst/u_ila_cap_ctrl/u_cap_addrgen/u_cap_sample_counter/iscnt_reg[8]/R
 16  CDC-15  Warning   Clock enable controlled CDC structure detected      0  Asynch Clock Groups  u_ila_2/inst/ila_core_inst/u_ila_cap_ctrl/u_cap_addrgen/u_cap_sample_counter/U_SCRST/I_YESLUT6.U_SRL32_B/CLK                                                                                                     u_ila_2/inst/ila_core_inst/u_ila_cap_ctrl/u_cap_addrgen/u_cap_sample_counter/iscnt_reg[9]/R
 17  CDC-15  Warning   Clock enable controlled CDC structure detected      0  Asynch Clock Groups  u_ila_2/inst/ila_core_inst/u_ila_cap_ctrl/u_cap_addrgen/u_cap_sample_counter/u_scnt_cmp/allx_typeA_match_detection.ltlib_v1_0_3_allx_typeA_inst/DUT/I_WHOLE_SLICE.G_SLICE_IDX[1].U_ALL_SRL_SLICE/u_srlB/S1/CLK   u_ila_2/inst/ila_core_inst/u_ila_cap_ctrl/u_cap_addrgen/u_cap_sample_counter/u_scnt_cmp_q/D
 18  CDC-15  Warning   Clock enable controlled CDC structure detected      0  Asynch Clock Groups  u_ila_2/inst/ila_core_inst/u_ila_cap_ctrl/u_cap_addrgen/U_CMPRESET/I_YESLUT6.U_SRL32_A/CLK                                                                                                                       u_ila_2/inst/ila_core_inst/u_ila_cap_ctrl/u_cap_addrgen/u_cap_sample_counter/u_scnt_cmp_q/R
 19  CDC-15  Warning   Clock enable controlled CDC structure detected      0  Asynch Clock Groups  u_ila_2/inst/ila_core_inst/u_ila_cap_ctrl/u_cap_addrgen/u_cap_window_counter/u_wcnt_hcmp/allx_typeA_match_detection.ltlib_v1_0_3_allx_typeA_inst/DUT/I_WHOLE_SLICE.G_SLICE_IDX[1].U_ALL_SRL_SLICE/u_srlD/S1/CLK  u_ila_2/inst/ila_core_inst/u_ila_cap_ctrl/u_cap_addrgen/u_cap_window_counter/u_wcnt_hcmp_q/D
 20  CDC-15  Warning   Clock enable controlled CDC structure detected      0  Asynch Clock Groups  u_ila_2/inst/ila_core_inst/u_ila_cap_ctrl/u_cap_addrgen/U_CMPRESET/I_YESLUT6.U_SRL32_A/CLK                                                                                                                       u_ila_2/inst/ila_core_inst/u_ila_cap_ctrl/u_cap_addrgen/u_cap_window_counter/u_wcnt_hcmp_q/R
 21  CDC-15  Warning   Clock enable controlled CDC structure detected      0  Asynch Clock Groups  u_ila_2/inst/ila_core_inst/u_ila_cap_ctrl/u_cap_addrgen/u_cap_window_counter/u_wcnt_lcmp/allx_typeA_match_detection.ltlib_v1_0_3_allx_typeA_inst/DUT/I_WHOLE_SLICE.G_SLICE_IDX[1].U_ALL_SRL_SLICE/u_srlB/S1/CLK  u_ila_2/inst/ila_core_inst/u_ila_cap_ctrl/u_cap_addrgen/u_cap_window_counter/u_wcnt_lcmp_q/D
 22  CDC-15  Warning   Clock enable controlled CDC structure detected      0  Asynch Clock Groups  u_ila_2/inst/ila_core_inst/u_ila_cap_ctrl/u_cap_addrgen/U_CMPRESET/I_YESLUT6.U_SRL32_A/CLK                                                                                                                       u_ila_2/inst/ila_core_inst/u_ila_cap_ctrl/u_cap_addrgen/u_cap_window_counter/u_wcnt_lcmp_q/R
 23  CDC-3   Info      1-bit synchronized with ASYNC_REG property          2  Asynch Clock Groups  u_ila_2/inst/ila_core_inst/u_ila_regs/s_dclk_flag_reg/C                                                                                                                                                          u_ila_2/inst/ila_core_inst/u_ila_regs/s_dclk_flag_sync1_reg/D
 24  CDC-3   Info      1-bit synchronized with ASYNC_REG property          2  Asynch Clock Groups  u_ila_2/inst/ila_core_inst/u_ila_reset_ctrl/asyncrounous_transfer.arm_in_transfer_inst/din_reg_reg/C                                                                                                             u_ila_2/inst/ila_core_inst/u_ila_reset_ctrl/asyncrounous_transfer.arm_in_transfer_inst/dout_reg0_reg/D
 25  CDC-3   Info      1-bit synchronized with ASYNC_REG property          2  Asynch Clock Groups  u_ila_2/inst/ila_core_inst/u_ila_reset_ctrl/asyncrounous_transfer.arm_out_transfer_inst/dout_reg1_reg/C                                                                                                          u_ila_2/inst/ila_core_inst/u_ila_reset_ctrl/asyncrounous_transfer.arm_out_transfer_inst/temp_reg0_reg/D
 26  CDC-3   Info      1-bit synchronized with ASYNC_REG property          2  Asynch Clock Groups  u_ila_2/inst/ila_core_inst/u_ila_reset_ctrl/asyncrounous_transfer.halt_in_transfer_inst/din_reg_reg/C                                                                                                            u_ila_2/inst/ila_core_inst/u_ila_reset_ctrl/asyncrounous_transfer.halt_in_transfer_inst/dout_reg0_reg/D
 27  CDC-3   Info      1-bit synchronized with ASYNC_REG property          2  Asynch Clock Groups  u_ila_2/inst/ila_core_inst/u_ila_reset_ctrl/asyncrounous_transfer.halt_out_transfer_inst/dout_reg1_reg/C                                                                                                         u_ila_2/inst/ila_core_inst/u_ila_reset_ctrl/asyncrounous_transfer.halt_out_transfer_inst/temp_reg0_reg/D
 28  CDC-3   Info      1-bit synchronized with ASYNC_REG property          2  Asynch Clock Groups  u_ila_2/inst/ila_core_inst/u_trig/N_DDR_TC.N_DDR_TC_INST[0].U_TC/allx_typeA_match_detection.ltlib_v1_0_3_allx_typeA_inst/DUT/I_WHOLE_SLICE.G_SLICE_IDX[1].U_ALL_SRL_SLICE/u_srlA/S2/CLK                          u_ila_2/inst/ila_core_inst/u_trig/N_DDR_TC.N_DDR_TC_INST[0].U_TC/allx_typeA_match_detection.ltlib_v1_0_3_allx_typeA_inst/DUT/I_WHOLE_SLICE.G_SLICE_IDX[1].U_ALL_SRL_SLICE/I_IS_TERMINATION_SLICE_W_OUTPUT_REG.DOUT_O_reg/D
 29  CDC-3   Info      1-bit synchronized with ASYNC_REG property          2  Asynch Clock Groups  u_ila_2/inst/ila_core_inst/u_trig/U_TM/N_DDR_MODE.G_NMU[0].U_M/allx_typeA_match_detection.ltlib_v1_0_3_allx_typeA_inst/DUT/I_WHOLE_SLICE.G_SLICE_IDX[2].U_ALL_SRL_SLICE/u_srlA/S2/CLK                            u_ila_2/inst/ila_core_inst/u_trig/U_TM/N_DDR_MODE.G_NMU[0].U_M/allx_typeA_match_detection.ltlib_v1_0_3_allx_typeA_inst/DUT/I_WHOLE_SLICE.G_SLICE_IDX[2].U_ALL_SRL_SLICE/I_IS_TERMINATION_SLICE_W_OUTPUT_REG.DOUT_O_reg/D
 30  CDC-3   Info      1-bit synchronized with ASYNC_REG property          2  Asynch Clock Groups  u_ila_2/inst/ila_core_inst/u_trig/U_TM/N_DDR_MODE.G_NMU[1].U_M/allx_typeA_match_detection.ltlib_v1_0_3_allx_typeA_inst/DUT/I_WHOLE_SLICE.G_SLICE_IDX[3].U_ALL_SRL_SLICE/u_srlA/S2/CLK                            u_ila_2/inst/ila_core_inst/u_trig/U_TM/N_DDR_MODE.G_NMU[1].U_M/allx_typeA_match_detection.ltlib_v1_0_3_allx_typeA_inst/DUT/I_WHOLE_SLICE.G_SLICE_IDX[3].U_ALL_SRL_SLICE/I_IS_TERMINATION_SLICE_W_OUTPUT_REG.DOUT_O_reg/D
 31  CDC-3   Info      1-bit synchronized with ASYNC_REG property          2  Asynch Clock Groups  u_ila_2/inst/ila_core_inst/u_trig/U_TM/N_DDR_MODE.G_NMU[2].U_M/allx_typeA_match_detection.ltlib_v1_0_3_allx_typeA_inst/DUT/I_WHOLE_SLICE.G_SLICE_IDX[0].U_ALL_SRL_SLICE/u_srlA/S2/CLK                            u_ila_2/inst/ila_core_inst/u_trig/U_TM/N_DDR_MODE.G_NMU[2].U_M/allx_typeA_match_detection.ltlib_v1_0_3_allx_typeA_inst/DUT/I_WHOLE_SLICE.G_SLICE_IDX[0].U_ALL_SRL_SLICE/I_IS_TERMINATION_SLICE_W_OUTPUT_REG.DOUT_O_reg/D
 32  CDC-3   Info      1-bit synchronized with ASYNC_REG property          2  Asynch Clock Groups  u_ila_2/inst/ila_core_inst/u_trig/U_TM/N_DDR_MODE.G_NMU[3].U_M/allx_typeA_match_detection.ltlib_v1_0_3_allx_typeA_inst/DUT/I_WHOLE_SLICE.G_SLICE_IDX[3].U_ALL_SRL_SLICE/u_srlA/S2/CLK                            u_ila_2/inst/ila_core_inst/u_trig/U_TM/N_DDR_MODE.G_NMU[3].U_M/allx_typeA_match_detection.ltlib_v1_0_3_allx_typeA_inst/DUT/I_WHOLE_SLICE.G_SLICE_IDX[3].U_ALL_SRL_SLICE/I_IS_TERMINATION_SLICE_W_OUTPUT_REG.DOUT_O_reg/D
 33  CDC-3   Info      1-bit synchronized with ASYNC_REG property          2  Asynch Clock Groups  u_ila_2/inst/ila_core_inst/u_trig/U_TM/N_DDR_MODE.G_NMU[4].U_M/allx_typeA_match_detection.ltlib_v1_0_3_allx_typeA_inst/DUT/I_WHOLE_SLICE.G_SLICE_IDX[3].U_ALL_SRL_SLICE/u_srlA/S2/CLK                            u_ila_2/inst/ila_core_inst/u_trig/U_TM/N_DDR_MODE.G_NMU[4].U_M/allx_typeA_match_detection.ltlib_v1_0_3_allx_typeA_inst/DUT/I_WHOLE_SLICE.G_SLICE_IDX[3].U_ALL_SRL_SLICE/I_IS_TERMINATION_SLICE_W_OUTPUT_REG.DOUT_O_reg/D
 34  CDC-3   Info      1-bit synchronized with ASYNC_REG property          2  Asynch Clock Groups  u_ila_2/inst/ila_core_inst/u_trig/U_TM/N_DDR_MODE.G_NMU[5].U_M/allx_typeA_match_detection.ltlib_v1_0_3_allx_typeA_inst/DUT/I_WHOLE_SLICE.G_SLICE_IDX[0].U_ALL_SRL_SLICE/u_srlA/S2/CLK                            u_ila_2/inst/ila_core_inst/u_trig/U_TM/N_DDR_MODE.G_NMU[5].U_M/allx_typeA_match_detection.ltlib_v1_0_3_allx_typeA_inst/DUT/I_WHOLE_SLICE.G_SLICE_IDX[0].U_ALL_SRL_SLICE/I_IS_TERMINATION_SLICE_W_OUTPUT_REG.DOUT_O_reg/D
 35  CDC-3   Info      1-bit synchronized with ASYNC_REG property          2  Asynch Clock Groups  u_ila_2/inst/ila_core_inst/u_trig/U_TM/N_DDR_MODE.G_NMU[6].U_M/allx_typeA_match_detection.ltlib_v1_0_3_allx_typeA_inst/DUT/I_WHOLE_SLICE.G_SLICE_IDX[0].U_ALL_SRL_SLICE/u_srlA/S1/CLK                            u_ila_2/inst/ila_core_inst/u_trig/U_TM/N_DDR_MODE.G_NMU[6].U_M/allx_typeA_match_detection.ltlib_v1_0_3_allx_typeA_inst/DUT/I_WHOLE_SLICE.G_SLICE_IDX[0].U_ALL_SRL_SLICE/I_IS_TERMINATION_SLICE_W_OUTPUT_REG.DOUT_O_reg/D
 36  CDC-3   Info      1-bit synchronized with ASYNC_REG property          2  Asynch Clock Groups  u_ila_2/inst/ila_core_inst/u_trig/U_TM/N_DDR_MODE.G_NMU[7].U_M/allx_typeA_match_detection.ltlib_v1_0_3_allx_typeA_inst/DUT/I_WHOLE_SLICE.G_SLICE_IDX[0].U_ALL_SRL_SLICE/u_srlA/S2/CLK                            u_ila_2/inst/ila_core_inst/u_trig/U_TM/N_DDR_MODE.G_NMU[7].U_M/allx_typeA_match_detection.ltlib_v1_0_3_allx_typeA_inst/DUT/I_WHOLE_SLICE.G_SLICE_IDX[0].U_ALL_SRL_SLICE/I_IS_TERMINATION_SLICE_W_OUTPUT_REG.DOUT_O_reg/D
 37  CDC-3   Info      1-bit synchronized with ASYNC_REG property          2  Asynch Clock Groups  u_ila_2/inst/ila_core_inst/u_trig/U_TM/N_DDR_MODE.G_NMU[8].U_M/allx_typeA_match_detection.ltlib_v1_0_3_allx_typeA_inst/DUT/I_WHOLE_SLICE.G_SLICE_IDX[3].U_ALL_SRL_SLICE/u_srlA/S2/CLK                            u_ila_2/inst/ila_core_inst/u_trig/U_TM/N_DDR_MODE.G_NMU[8].U_M/allx_typeA_match_detection.ltlib_v1_0_3_allx_typeA_inst/DUT/I_WHOLE_SLICE.G_SLICE_IDX[3].U_ALL_SRL_SLICE/I_IS_TERMINATION_SLICE_W_OUTPUT_REG.DOUT_O_reg/D
 38  CDC-3   Info      1-bit synchronized with ASYNC_REG property          2  Asynch Clock Groups  u_ila_2/inst/ila_core_inst/u_trig/U_TM/N_DDR_MODE.G_NMU[9].U_M/allx_typeA_match_detection.ltlib_v1_0_3_allx_typeA_inst/DUT/I_WHOLE_SLICE.G_SLICE_IDX[3].U_ALL_SRL_SLICE/u_srlA/S2/CLK                            u_ila_2/inst/ila_core_inst/u_trig/U_TM/N_DDR_MODE.G_NMU[9].U_M/allx_typeA_match_detection.ltlib_v1_0_3_allx_typeA_inst/DUT/I_WHOLE_SLICE.G_SLICE_IDX[3].U_ALL_SRL_SLICE/I_IS_TERMINATION_SLICE_W_OUTPUT_REG.DOUT_O_reg/D
 39  CDC-3   Info      1-bit synchronized with ASYNC_REG property          2  Asynch Clock Groups  u_ila_2/inst/ila_core_inst/u_ila_regs/reg_15/I_EN_CTL_EQ1.U_CTL/xsdb_reg_reg[2]/C                                                                                                                                u_ila_2/inst/ila_core_inst/use_probe_debug_circuit_2_reg/D
 40  CDC-15  Warning   Clock enable controlled CDC structure detected      0  Asynch Clock Groups  uut_noc_top/wrap_01/RX_VC[0].rx_fifo/core_fifo/dp_ram_ecc_inst/core_ram/mem_reg_0_15_12_12/RAMB/CLK                                                                                                              uut_noc_top/wrap_01/RX_VC[0].rx_fifo/core_fifo/GEN_CTRL_RAM.dp_ram_ctrl_inst/rdata_reg[0]/D
 41  CDC-15  Warning   Clock enable controlled CDC structure detected      0  Asynch Clock Groups  uut_noc_top/wrap_01/RX_VC[0].rx_fifo/core_fifo/dp_ram_ecc_inst/core_ram/mem_reg_0_15_12_12/RAMB_D1/CLK                                                                                                           uut_noc_top/wrap_01/RX_VC[0].rx_fifo/core_fifo/GEN_CTRL_RAM.dp_ram_ctrl_inst/rdata_reg[1]/D
 42  CDC-15  Warning   Clock enable controlled CDC structure detected      0  Asynch Clock Groups  uut_noc_top/wrap_01/RX_VC[0].rx_fifo/core_fifo/dp_ram_ecc_inst/core_ram/mem_reg_0_15_12_12/RAMC/CLK                                                                                                              uut_noc_top/wrap_01/RX_VC[0].rx_fifo/core_fifo/GEN_CTRL_RAM.dp_ram_ctrl_inst/rdata_reg[2]/D
 43  CDC-15  Warning   Clock enable controlled CDC structure detected      0  Asynch Clock Groups  uut_noc_top/wrap_01/RX_VC[0].rx_fifo/core_fifo/dp_ram_ecc_inst/core_ram/mem_reg_0_15_12_12/RAMC_D1/CLK                                                                                                           uut_noc_top/wrap_01/RX_VC[0].rx_fifo/core_fifo/GEN_CTRL_RAM.dp_ram_ctrl_inst/rdata_reg[3]/D
 44  CDC-15  Warning   Clock enable controlled CDC structure detected      0  Asynch Clock Groups  uut_noc_top/wrap_01/RX_VC[0].rx_fifo/core_fifo/dp_ram_ecc_inst/core_ram/mem_reg_0_15_0_5/RAMA/CLK                                                                                                                uut_noc_top/wrap_01/RX_VC[0].rx_fifo/core_fifo/dp_ram_ecc_inst/core_ram/rdata_reg[0]/D
 45  CDC-15  Warning   Clock enable controlled CDC structure detected      0  Asynch Clock Groups  uut_noc_top/wrap_01/RX_VC[0].rx_fifo/core_fifo/dp_ram_ecc_inst/core_ram/mem_reg_0_15_0_5/RAMA_D1/CLK                                                                                                             uut_noc_top/wrap_01/RX_VC[0].rx_fifo/core_fifo/dp_ram_ecc_inst/core_ram/rdata_reg[1]/D
 46  CDC-15  Warning   Clock enable controlled CDC structure detected      0  Asynch Clock Groups  uut_noc_top/wrap_01/RX_VC[0].rx_fifo/core_fifo/dp_ram_ecc_inst/core_ram/mem_reg_0_15_0_5/RAMB/CLK                                                                                                                uut_noc_top/wrap_01/RX_VC[0].rx_fifo/core_fifo/dp_ram_ecc_inst/core_ram/rdata_reg[2]/D
 47  CDC-15  Warning   Clock enable controlled CDC structure detected      0  Asynch Clock Groups  uut_noc_top/wrap_01/RX_VC[0].rx_fifo/core_fifo/dp_ram_ecc_inst/core_ram/mem_reg_0_15_0_5/RAMB_D1/CLK                                                                                                             uut_noc_top/wrap_01/RX_VC[0].rx_fifo/core_fifo/dp_ram_ecc_inst/core_ram/rdata_reg[3]/D
 48  CDC-15  Warning   Clock enable controlled CDC structure detected      0  Asynch Clock Groups  uut_noc_top/wrap_01/RX_VC[0].rx_fifo/core_fifo/dp_ram_ecc_inst/core_ram/mem_reg_0_15_0_5/RAMC/CLK                                                                                                                uut_noc_top/wrap_01/RX_VC[0].rx_fifo/core_fifo/dp_ram_ecc_inst/core_ram/rdata_reg[4]/D
 49  CDC-15  Warning   Clock enable controlled CDC structure detected      0  Asynch Clock Groups  uut_noc_top/wrap_01/RX_VC[0].rx_fifo/core_fifo/dp_ram_ecc_inst/core_ram/mem_reg_0_15_0_5/RAMC_D1/CLK                                                                                                             uut_noc_top/wrap_01/RX_VC[0].rx_fifo/core_fifo/dp_ram_ecc_inst/core_ram/rdata_reg[5]/D
 50  CDC-15  Warning   Clock enable controlled CDC structure detected      0  Asynch Clock Groups  uut_noc_top/wrap_01/RX_VC[0].rx_fifo/core_fifo/dp_ram_ecc_inst/core_ram/mem_reg_0_15_6_11/RAMA/CLK                                                                                                               uut_noc_top/wrap_01/RX_VC[0].rx_fifo/core_fifo/dp_ram_ecc_inst/core_ram/rdata_reg[6]/D
 51  CDC-15  Warning   Clock enable controlled CDC structure detected      0  Asynch Clock Groups  uut_noc_top/wrap_01/RX_VC[0].rx_fifo/core_fifo/dp_ram_ecc_inst/core_ram/mem_reg_0_15_6_11/RAMA_D1/CLK                                                                                                            uut_noc_top/wrap_01/RX_VC[0].rx_fifo/core_fifo/dp_ram_ecc_inst/core_ram/rdata_reg[7]/D
 52  CDC-15  Warning   Clock enable controlled CDC structure detected      0  Asynch Clock Groups  uut_noc_top/wrap_01/RX_VC[0].rx_fifo/core_fifo/dp_ram_ecc_inst/core_ram/mem_reg_0_15_6_11/RAMB/CLK                                                                                                               uut_noc_top/wrap_01/RX_VC[0].rx_fifo/core_fifo/dp_ram_ecc_inst/core_ram/rdata_reg[8]/D
 53  CDC-15  Warning   Clock enable controlled CDC structure detected      0  Asynch Clock Groups  uut_noc_top/wrap_01/RX_VC[0].rx_fifo/core_fifo/dp_ram_ecc_inst/core_ram/mem_reg_0_15_6_11/RAMB_D1/CLK                                                                                                            uut_noc_top/wrap_01/RX_VC[0].rx_fifo/core_fifo/dp_ram_ecc_inst/core_ram/rdata_reg[9]/D
 54  CDC-15  Warning   Clock enable controlled CDC structure detected      0  Asynch Clock Groups  uut_noc_top/wrap_01/RX_VC[0].rx_fifo/core_fifo/dp_ram_ecc_inst/core_ram/mem_reg_0_15_6_11/RAMC/CLK                                                                                                               uut_noc_top/wrap_01/RX_VC[0].rx_fifo/core_fifo/dp_ram_ecc_inst/core_ram/rdata_reg[10]/D
 55  CDC-15  Warning   Clock enable controlled CDC structure detected      0  Asynch Clock Groups  uut_noc_top/wrap_01/RX_VC[0].rx_fifo/core_fifo/dp_ram_ecc_inst/core_ram/mem_reg_0_15_6_11/RAMC_D1/CLK                                                                                                            uut_noc_top/wrap_01/RX_VC[0].rx_fifo/core_fifo/dp_ram_ecc_inst/core_ram/rdata_reg[11]/D
 56  CDC-15  Warning   Clock enable controlled CDC structure detected      0  Asynch Clock Groups  uut_noc_top/wrap_01/RX_VC[0].rx_fifo/core_fifo/dp_ram_ecc_inst/core_ram/mem_reg_0_15_12_12/RAMA/CLK                                                                                                              uut_noc_top/wrap_01/RX_VC[0].rx_fifo/core_fifo/dp_ram_ecc_inst/core_ram/rdata_reg[12]/D
 57  CDC-6   Warning   Multi-bit synchronized with ASYNC_REG property      2  Asynch Clock Groups  uut_noc_top/wrap_01/RX_VC[0].rx_fifo/core_fifo/w_cnt/ptr_g_reg[4:0]/C                                                                                                                                            uut_noc_top/wrap_01/RX_VC[0].rx_fifo/core_fifo/sync_w2r/q1_reg[4:0]/D
 58  CDC-15  Warning   Clock enable controlled CDC structure detected      0  Asynch Clock Groups  uut_noc_top/wrap_01/RX_VC[1].rx_fifo/core_fifo/dp_ram_ecc_inst/core_ram/mem_reg_0_15_12_12/RAMB/CLK                                                                                                              uut_noc_top/wrap_01/RX_VC[1].rx_fifo/core_fifo/GEN_CTRL_RAM.dp_ram_ctrl_inst/rdata_reg[0]/D
 59  CDC-15  Warning   Clock enable controlled CDC structure detected      0  Asynch Clock Groups  uut_noc_top/wrap_01/RX_VC[1].rx_fifo/core_fifo/dp_ram_ecc_inst/core_ram/mem_reg_0_15_12_12/RAMB_D1/CLK                                                                                                           uut_noc_top/wrap_01/RX_VC[1].rx_fifo/core_fifo/GEN_CTRL_RAM.dp_ram_ctrl_inst/rdata_reg[1]/D
 60  CDC-15  Warning   Clock enable controlled CDC structure detected      0  Asynch Clock Groups  uut_noc_top/wrap_01/RX_VC[1].rx_fifo/core_fifo/dp_ram_ecc_inst/core_ram/mem_reg_0_15_12_12/RAMC/CLK                                                                                                              uut_noc_top/wrap_01/RX_VC[1].rx_fifo/core_fifo/GEN_CTRL_RAM.dp_ram_ctrl_inst/rdata_reg[2]/D
 61  CDC-15  Warning   Clock enable controlled CDC structure detected      0  Asynch Clock Groups  uut_noc_top/wrap_01/RX_VC[1].rx_fifo/core_fifo/dp_ram_ecc_inst/core_ram/mem_reg_0_15_12_12/RAMC_D1/CLK                                                                                                           uut_noc_top/wrap_01/RX_VC[1].rx_fifo/core_fifo/GEN_CTRL_RAM.dp_ram_ctrl_inst/rdata_reg[3]/D
 62  CDC-15  Warning   Clock enable controlled CDC structure detected      0  Asynch Clock Groups  uut_noc_top/wrap_01/RX_VC[1].rx_fifo/core_fifo/dp_ram_ecc_inst/core_ram/mem_reg_0_15_0_5/RAMA/CLK                                                                                                                uut_noc_top/wrap_01/RX_VC[1].rx_fifo/core_fifo/dp_ram_ecc_inst/core_ram/rdata_reg[0]/D
 63  CDC-15  Warning   Clock enable controlled CDC structure detected      0  Asynch Clock Groups  uut_noc_top/wrap_01/RX_VC[1].rx_fifo/core_fifo/dp_ram_ecc_inst/core_ram/mem_reg_0_15_0_5/RAMA_D1/CLK                                                                                                             uut_noc_top/wrap_01/RX_VC[1].rx_fifo/core_fifo/dp_ram_ecc_inst/core_ram/rdata_reg[1]/D
 64  CDC-15  Warning   Clock enable controlled CDC structure detected      0  Asynch Clock Groups  uut_noc_top/wrap_01/RX_VC[1].rx_fifo/core_fifo/dp_ram_ecc_inst/core_ram/mem_reg_0_15_0_5/RAMB/CLK                                                                                                                uut_noc_top/wrap_01/RX_VC[1].rx_fifo/core_fifo/dp_ram_ecc_inst/core_ram/rdata_reg[2]/D
 65  CDC-15  Warning   Clock enable controlled CDC structure detected      0  Asynch Clock Groups  uut_noc_top/wrap_01/RX_VC[1].rx_fifo/core_fifo/dp_ram_ecc_inst/core_ram/mem_reg_0_15_0_5/RAMB_D1/CLK                                                                                                             uut_noc_top/wrap_01/RX_VC[1].rx_fifo/core_fifo/dp_ram_ecc_inst/core_ram/rdata_reg[3]/D
 66  CDC-15  Warning   Clock enable controlled CDC structure detected      0  Asynch Clock Groups  uut_noc_top/wrap_01/RX_VC[1].rx_fifo/core_fifo/dp_ram_ecc_inst/core_ram/mem_reg_0_15_0_5/RAMC/CLK                                                                                                                uut_noc_top/wrap_01/RX_VC[1].rx_fifo/core_fifo/dp_ram_ecc_inst/core_ram/rdata_reg[4]/D
 67  CDC-15  Warning   Clock enable controlled CDC structure detected      0  Asynch Clock Groups  uut_noc_top/wrap_01/RX_VC[1].rx_fifo/core_fifo/dp_ram_ecc_inst/core_ram/mem_reg_0_15_0_5/RAMC_D1/CLK                                                                                                             uut_noc_top/wrap_01/RX_VC[1].rx_fifo/core_fifo/dp_ram_ecc_inst/core_ram/rdata_reg[5]/D
 68  CDC-15  Warning   Clock enable controlled CDC structure detected      0  Asynch Clock Groups  uut_noc_top/wrap_01/RX_VC[1].rx_fifo/core_fifo/dp_ram_ecc_inst/core_ram/mem_reg_0_15_6_11/RAMA/CLK                                                                                                               uut_noc_top/wrap_01/RX_VC[1].rx_fifo/core_fifo/dp_ram_ecc_inst/core_ram/rdata_reg[6]/D
 69  CDC-15  Warning   Clock enable controlled CDC structure detected      0  Asynch Clock Groups  uut_noc_top/wrap_01/RX_VC[1].rx_fifo/core_fifo/dp_ram_ecc_inst/core_ram/mem_reg_0_15_6_11/RAMA_D1/CLK                                                                                                            uut_noc_top/wrap_01/RX_VC[1].rx_fifo/core_fifo/dp_ram_ecc_inst/core_ram/rdata_reg[7]/D
 70  CDC-15  Warning   Clock enable controlled CDC structure detected      0  Asynch Clock Groups  uut_noc_top/wrap_01/RX_VC[1].rx_fifo/core_fifo/dp_ram_ecc_inst/core_ram/mem_reg_0_15_6_11/RAMB/CLK                                                                                                               uut_noc_top/wrap_01/RX_VC[1].rx_fifo/core_fifo/dp_ram_ecc_inst/core_ram/rdata_reg[8]/D
 71  CDC-15  Warning   Clock enable controlled CDC structure detected      0  Asynch Clock Groups  uut_noc_top/wrap_01/RX_VC[1].rx_fifo/core_fifo/dp_ram_ecc_inst/core_ram/mem_reg_0_15_6_11/RAMB_D1/CLK                                                                                                            uut_noc_top/wrap_01/RX_VC[1].rx_fifo/core_fifo/dp_ram_ecc_inst/core_ram/rdata_reg[9]/D
 72  CDC-15  Warning   Clock enable controlled CDC structure detected      0  Asynch Clock Groups  uut_noc_top/wrap_01/RX_VC[1].rx_fifo/core_fifo/dp_ram_ecc_inst/core_ram/mem_reg_0_15_6_11/RAMC/CLK                                                                                                               uut_noc_top/wrap_01/RX_VC[1].rx_fifo/core_fifo/dp_ram_ecc_inst/core_ram/rdata_reg[10]/D
 73  CDC-15  Warning   Clock enable controlled CDC structure detected      0  Asynch Clock Groups  uut_noc_top/wrap_01/RX_VC[1].rx_fifo/core_fifo/dp_ram_ecc_inst/core_ram/mem_reg_0_15_6_11/RAMC_D1/CLK                                                                                                            uut_noc_top/wrap_01/RX_VC[1].rx_fifo/core_fifo/dp_ram_ecc_inst/core_ram/rdata_reg[11]/D
 74  CDC-15  Warning   Clock enable controlled CDC structure detected      0  Asynch Clock Groups  uut_noc_top/wrap_01/RX_VC[1].rx_fifo/core_fifo/dp_ram_ecc_inst/core_ram/mem_reg_0_15_12_12/RAMA/CLK                                                                                                              uut_noc_top/wrap_01/RX_VC[1].rx_fifo/core_fifo/dp_ram_ecc_inst/core_ram/rdata_reg[12]/D
 75  CDC-6   Warning   Multi-bit synchronized with ASYNC_REG property      2  Asynch Clock Groups  uut_noc_top/wrap_01/RX_VC[1].rx_fifo/core_fifo/w_cnt/ptr_g_reg[4:0]/C                                                                                                                                            uut_noc_top/wrap_01/RX_VC[1].rx_fifo/core_fifo/sync_w2r/q1_reg[4:0]/D
 76  CDC-6   Warning   Multi-bit synchronized with ASYNC_REG property      2  Asynch Clock Groups  uut_noc_top/wrap_01/TX_VC[0].tx_fifo/core_fifo/r_cnt/ptr_g_reg[4:0]/C                                                                                                                                            uut_noc_top/wrap_01/TX_VC[0].tx_fifo/core_fifo/sync_r2w/q1_reg[4:0]/D
 77  CDC-6   Warning   Multi-bit synchronized with ASYNC_REG property      2  Asynch Clock Groups  uut_noc_top/wrap_01/TX_VC[1].tx_fifo/core_fifo/r_cnt/ptr_g_reg[4:0]/C                                                                                                                                            uut_noc_top/wrap_01/TX_VC[1].tx_fifo/core_fifo/sync_r2w/q1_reg[4:0]/D

Source Clock: clk_out1_clk_wiz_0
Destination Clock: clk_out4_clk_wiz_0
CDC Type: User Ignored

Row  ID      Severity  Description                                     Depth  Exception            Source (From)                                                                                                                                                                                                    Destination (To)
---  ------  --------  ----------------------------------------------  -----  -------------------  ---------------------------------------------------------------------------------------------------------------------------------------------------------------------------------------------------------------  --------------------------------------------------------------------------------------------------------------------------------------------------------------------------------------------------------------------------
  1  CDC-3   Info      1-bit synchronized with ASYNC_REG property          2  Asynch Clock Groups  u_ila_3/inst/ila_core_inst/u_ila_regs/reg_1a/I_EN_CTL_EQ1.U_CTL/xsdb_reg_reg[1]/C                                                                                                                                u_ila_3/inst/ila_core_inst/capture_qual_ctrl_2_reg[0]/D
  2  CDC-3   Info      1-bit synchronized with ASYNC_REG property          2  Asynch Clock Groups  u_ila_3/inst/ila_core_inst/u_ila_regs/reg_1a/I_EN_CTL_EQ1.U_CTL/xsdb_reg_reg[2]/C                                                                                                                                u_ila_3/inst/ila_core_inst/capture_qual_ctrl_2_reg[1]/D
  3  CDC-6   Warning   Multi-bit synchronized with ASYNC_REG property      2  Asynch Clock Groups  u_ila_3/inst/ila_core_inst/u_ila_regs/reg_stream_ffd/I_EN_CTL_EQ1.U_CTL/xsdb_reg_reg[15:0]/C                                                                                                                     u_ila_3/inst/ila_core_inst/debug_data_in_sync1_reg[15:0]/D
  4  CDC-3   Info      1-bit synchronized with ASYNC_REG property          2  Asynch Clock Groups  u_ila_3/inst/ila_core_inst/u_ila_regs/reg_1a/I_EN_CTL_EQ1.U_CTL/xsdb_reg_reg[3]/C                                                                                                                                u_ila_3/inst/ila_core_inst/en_adv_trigger_2_reg/D
  5  CDC-6   Warning   Multi-bit synchronized with ASYNC_REG property      2  Asynch Clock Groups  u_ila_3/inst/ila_core_inst/u_ila_cap_ctrl/u_cap_addrgen/i_o_to_64k.cfg_data_vec_reg[10:1]/C                                                                                                                      u_ila_3/inst/ila_core_inst/u_ila_cap_ctrl/u_cap_addrgen/cfg_data_vec_sync1_reg[10:1]/D
  6  CDC-3   Info      1-bit synchronized with ASYNC_REG property          2  Asynch Clock Groups  u_ila_3/inst/ila_core_inst/u_ila_cap_ctrl/u_cap_addrgen/u_cap_sample_counter/U_SCE/I_YESLUT6.U_SRLC16E/CLK                                                                                                       u_ila_3/inst/ila_core_inst/u_ila_cap_ctrl/u_cap_addrgen/icap_wr_en_reg/D
  7  CDC-15  Warning   Clock enable controlled CDC structure detected      0  Asynch Clock Groups  u_ila_3/inst/ila_core_inst/u_ila_cap_ctrl/u_cap_addrgen/u_cap_sample_counter/U_SCRST/I_YESLUT6.U_SRL32_A/CLK                                                                                                     u_ila_3/inst/ila_core_inst/u_ila_cap_ctrl/u_cap_addrgen/u_cap_sample_counter/iscnt_reg[0]/R
  8  CDC-15  Warning   Clock enable controlled CDC structure detected      0  Asynch Clock Groups  u_ila_3/inst/ila_core_inst/u_ila_cap_ctrl/u_cap_addrgen/u_cap_sample_counter/U_SCRST/I_YESLUT6.U_SRL32_A/CLK                                                                                                     u_ila_3/inst/ila_core_inst/u_ila_cap_ctrl/u_cap_addrgen/u_cap_sample_counter/iscnt_reg[1]/R
  9  CDC-15  Warning   Clock enable controlled CDC structure detected      0  Asynch Clock Groups  u_ila_3/inst/ila_core_inst/u_ila_cap_ctrl/u_cap_addrgen/u_cap_sample_counter/U_SCRST/I_YESLUT6.U_SRL32_A/CLK                                                                                                     u_ila_3/inst/ila_core_inst/u_ila_cap_ctrl/u_cap_addrgen/u_cap_sample_counter/iscnt_reg[2]/R
 10  CDC-15  Warning   Clock enable controlled CDC structure detected      0  Asynch Clock Groups  u_ila_3/inst/ila_core_inst/u_ila_cap_ctrl/u_cap_addrgen/u_cap_sample_counter/U_SCRST/I_YESLUT6.U_SRL32_A/CLK                                                                                                     u_ila_3/inst/ila_core_inst/u_ila_cap_ctrl/u_cap_addrgen/u_cap_sample_counter/iscnt_reg[3]/R
 11  CDC-15  Warning   Clock enable controlled CDC structure detected      0  Asynch Clock Groups  u_ila_3/inst/ila_core_inst/u_ila_cap_ctrl/u_cap_addrgen/u_cap_sample_counter/U_SCRST/I_YESLUT6.U_SRL32_A/CLK                                                                                                     u_ila_3/inst/ila_core_inst/u_ila_cap_ctrl/u_cap_addrgen/u_cap_sample_counter/iscnt_reg[4]/R
 12  CDC-15  Warning   Clock enable controlled CDC structure detected      0  Asynch Clock Groups  u_ila_3/inst/ila_core_inst/u_ila_cap_ctrl/u_cap_addrgen/u_cap_sample_counter/U_SCRST/I_YESLUT6.U_SRL32_A/CLK                                                                                                     u_ila_3/inst/ila_core_inst/u_ila_cap_ctrl/u_cap_addrgen/u_cap_sample_counter/iscnt_reg[5]/R
 13  CDC-15  Warning   Clock enable controlled CDC structure detected      0  Asynch Clock Groups  u_ila_3/inst/ila_core_inst/u_ila_cap_ctrl/u_cap_addrgen/u_cap_sample_counter/U_SCRST/I_YESLUT6.U_SRL32_A/CLK                                                                                                     u_ila_3/inst/ila_core_inst/u_ila_cap_ctrl/u_cap_addrgen/u_cap_sample_counter/iscnt_reg[6]/R
 14  CDC-15  Warning   Clock enable controlled CDC structure detected      0  Asynch Clock Groups  u_ila_3/inst/ila_core_inst/u_ila_cap_ctrl/u_cap_addrgen/u_cap_sample_counter/U_SCRST/I_YESLUT6.U_SRL32_A/CLK                                                                                                     u_ila_3/inst/ila_core_inst/u_ila_cap_ctrl/u_cap_addrgen/u_cap_sample_counter/iscnt_reg[7]/R
 15  CDC-15  Warning   Clock enable controlled CDC structure detected      0  Asynch Clock Groups  u_ila_3/inst/ila_core_inst/u_ila_cap_ctrl/u_cap_addrgen/u_cap_sample_counter/U_SCRST/I_YESLUT6.U_SRL32_A/CLK                                                                                                     u_ila_3/inst/ila_core_inst/u_ila_cap_ctrl/u_cap_addrgen/u_cap_sample_counter/iscnt_reg[8]/R
 16  CDC-15  Warning   Clock enable controlled CDC structure detected      0  Asynch Clock Groups  u_ila_3/inst/ila_core_inst/u_ila_cap_ctrl/u_cap_addrgen/u_cap_sample_counter/U_SCRST/I_YESLUT6.U_SRL32_A/CLK                                                                                                     u_ila_3/inst/ila_core_inst/u_ila_cap_ctrl/u_cap_addrgen/u_cap_sample_counter/iscnt_reg[9]/R
 17  CDC-15  Warning   Clock enable controlled CDC structure detected      0  Asynch Clock Groups  u_ila_3/inst/ila_core_inst/u_ila_regs/reg_7/I_EN_CTL_EQ1.U_CTL/xsdb_reg_reg[0]/C                                                                                                                                 u_ila_3/inst/ila_core_inst/u_ila_cap_ctrl/u_cap_addrgen/u_cap_sample_counter/u_scnt_cmp_q/D
 18  CDC-15  Warning   Clock enable controlled CDC structure detected      0  Asynch Clock Groups  u_ila_3/inst/ila_core_inst/u_ila_cap_ctrl/u_cap_addrgen/U_CMPRESET/I_YESLUT6.U_SRL32_B/CLK                                                                                                                       u_ila_3/inst/ila_core_inst/u_ila_cap_ctrl/u_cap_addrgen/u_cap_sample_counter/u_scnt_cmp_q/R
 19  CDC-15  Warning   Clock enable controlled CDC structure detected      0  Asynch Clock Groups  u_ila_3/inst/ila_core_inst/u_ila_regs/reg_7/I_EN_CTL_EQ1.U_CTL/xsdb_reg_reg[0]/C                                                                                                                                 u_ila_3/inst/ila_core_inst/u_ila_cap_ctrl/u_cap_addrgen/u_cap_window_counter/u_wcnt_hcmp_q/D
 20  CDC-15  Warning   Clock enable controlled CDC structure detected      0  Asynch Clock Groups  u_ila_3/inst/ila_core_inst/u_ila_cap_ctrl/u_cap_addrgen/U_CMPRESET/I_YESLUT6.U_SRL32_B/CLK                                                                                                                       u_ila_3/inst/ila_core_inst/u_ila_cap_ctrl/u_cap_addrgen/u_cap_window_counter/u_wcnt_hcmp_q/R
 21  CDC-15  Warning   Clock enable controlled CDC structure detected      0  Asynch Clock Groups  u_ila_3/inst/ila_core_inst/u_ila_cap_ctrl/u_cap_addrgen/u_cap_window_counter/u_wcnt_lcmp/allx_typeA_match_detection.ltlib_v1_0_3_allx_typeA_inst/DUT/I_WHOLE_SLICE.G_SLICE_IDX[1].U_ALL_SRL_SLICE/u_srlB/S2/CLK  u_ila_3/inst/ila_core_inst/u_ila_cap_ctrl/u_cap_addrgen/u_cap_window_counter/u_wcnt_lcmp_q/D
 22  CDC-15  Warning   Clock enable controlled CDC structure detected      0  Asynch Clock Groups  u_ila_3/inst/ila_core_inst/u_ila_cap_ctrl/u_cap_addrgen/U_CMPRESET/I_YESLUT6.U_SRL32_B/CLK                                                                                                                       u_ila_3/inst/ila_core_inst/u_ila_cap_ctrl/u_cap_addrgen/u_cap_window_counter/u_wcnt_lcmp_q/R
 23  CDC-3   Info      1-bit synchronized with ASYNC_REG property          2  Asynch Clock Groups  u_ila_3/inst/ila_core_inst/u_ila_regs/s_dclk_flag_reg/C                                                                                                                                                          u_ila_3/inst/ila_core_inst/u_ila_regs/s_dclk_flag_sync1_reg/D
 24  CDC-3   Info      1-bit synchronized with ASYNC_REG property          2  Asynch Clock Groups  u_ila_3/inst/ila_core_inst/u_ila_reset_ctrl/asyncrounous_transfer.arm_in_transfer_inst/din_reg_reg/C                                                                                                             u_ila_3/inst/ila_core_inst/u_ila_reset_ctrl/asyncrounous_transfer.arm_in_transfer_inst/dout_reg0_reg/D
 25  CDC-3   Info      1-bit synchronized with ASYNC_REG property          2  Asynch Clock Groups  u_ila_3/inst/ila_core_inst/u_ila_reset_ctrl/asyncrounous_transfer.arm_out_transfer_inst/dout_reg1_reg/C                                                                                                          u_ila_3/inst/ila_core_inst/u_ila_reset_ctrl/asyncrounous_transfer.arm_out_transfer_inst/temp_reg0_reg/D
 26  CDC-3   Info      1-bit synchronized with ASYNC_REG property          2  Asynch Clock Groups  u_ila_3/inst/ila_core_inst/u_ila_reset_ctrl/asyncrounous_transfer.halt_in_transfer_inst/din_reg_reg/C                                                                                                            u_ila_3/inst/ila_core_inst/u_ila_reset_ctrl/asyncrounous_transfer.halt_in_transfer_inst/dout_reg0_reg/D
 27  CDC-3   Info      1-bit synchronized with ASYNC_REG property          2  Asynch Clock Groups  u_ila_3/inst/ila_core_inst/u_ila_reset_ctrl/asyncrounous_transfer.halt_out_transfer_inst/dout_reg1_reg/C                                                                                                         u_ila_3/inst/ila_core_inst/u_ila_reset_ctrl/asyncrounous_transfer.halt_out_transfer_inst/temp_reg0_reg/D
 28  CDC-3   Info      1-bit synchronized with ASYNC_REG property          2  Asynch Clock Groups  u_ila_3/inst/ila_core_inst/u_trig/N_DDR_TC.N_DDR_TC_INST[0].U_TC/allx_typeA_match_detection.ltlib_v1_0_3_allx_typeA_inst/DUT/I_WHOLE_SLICE.G_SLICE_IDX[1].U_ALL_SRL_SLICE/u_srlA/S2/CLK                          u_ila_3/inst/ila_core_inst/u_trig/N_DDR_TC.N_DDR_TC_INST[0].U_TC/allx_typeA_match_detection.ltlib_v1_0_3_allx_typeA_inst/DUT/I_WHOLE_SLICE.G_SLICE_IDX[1].U_ALL_SRL_SLICE/I_IS_TERMINATION_SLICE_W_OUTPUT_REG.DOUT_O_reg/D
 29  CDC-3   Info      1-bit synchronized with ASYNC_REG property          2  Asynch Clock Groups  u_ila_3/inst/ila_core_inst/u_trig/U_TM/N_DDR_MODE.G_NMU[0].U_M/allx_typeA_match_detection.ltlib_v1_0_3_allx_typeA_inst/DUT/I_WHOLE_SLICE.G_SLICE_IDX[2].U_ALL_SRL_SLICE/u_srlA/S2/CLK                            u_ila_3/inst/ila_core_inst/u_trig/U_TM/N_DDR_MODE.G_NMU[0].U_M/allx_typeA_match_detection.ltlib_v1_0_3_allx_typeA_inst/DUT/I_WHOLE_SLICE.G_SLICE_IDX[2].U_ALL_SRL_SLICE/I_IS_TERMINATION_SLICE_W_OUTPUT_REG.DOUT_O_reg/D
 30  CDC-3   Info      1-bit synchronized with ASYNC_REG property          2  Asynch Clock Groups  u_ila_3/inst/ila_core_inst/u_trig/U_TM/N_DDR_MODE.G_NMU[1].U_M/allx_typeA_match_detection.ltlib_v1_0_3_allx_typeA_inst/DUT/I_WHOLE_SLICE.G_SLICE_IDX[3].U_ALL_SRL_SLICE/u_srlA/S2/CLK                            u_ila_3/inst/ila_core_inst/u_trig/U_TM/N_DDR_MODE.G_NMU[1].U_M/allx_typeA_match_detection.ltlib_v1_0_3_allx_typeA_inst/DUT/I_WHOLE_SLICE.G_SLICE_IDX[3].U_ALL_SRL_SLICE/I_IS_TERMINATION_SLICE_W_OUTPUT_REG.DOUT_O_reg/D
 31  CDC-3   Info      1-bit synchronized with ASYNC_REG property          2  Asynch Clock Groups  u_ila_3/inst/ila_core_inst/u_trig/U_TM/N_DDR_MODE.G_NMU[2].U_M/allx_typeA_match_detection.ltlib_v1_0_3_allx_typeA_inst/DUT/I_WHOLE_SLICE.G_SLICE_IDX[0].U_ALL_SRL_SLICE/u_srlA/S2/CLK                            u_ila_3/inst/ila_core_inst/u_trig/U_TM/N_DDR_MODE.G_NMU[2].U_M/allx_typeA_match_detection.ltlib_v1_0_3_allx_typeA_inst/DUT/I_WHOLE_SLICE.G_SLICE_IDX[0].U_ALL_SRL_SLICE/I_IS_TERMINATION_SLICE_W_OUTPUT_REG.DOUT_O_reg/D
 32  CDC-3   Info      1-bit synchronized with ASYNC_REG property          2  Asynch Clock Groups  u_ila_3/inst/ila_core_inst/u_trig/U_TM/N_DDR_MODE.G_NMU[3].U_M/allx_typeA_match_detection.ltlib_v1_0_3_allx_typeA_inst/DUT/I_WHOLE_SLICE.G_SLICE_IDX[3].U_ALL_SRL_SLICE/u_srlA/S2/CLK                            u_ila_3/inst/ila_core_inst/u_trig/U_TM/N_DDR_MODE.G_NMU[3].U_M/allx_typeA_match_detection.ltlib_v1_0_3_allx_typeA_inst/DUT/I_WHOLE_SLICE.G_SLICE_IDX[3].U_ALL_SRL_SLICE/I_IS_TERMINATION_SLICE_W_OUTPUT_REG.DOUT_O_reg/D
 33  CDC-3   Info      1-bit synchronized with ASYNC_REG property          2  Asynch Clock Groups  u_ila_3/inst/ila_core_inst/u_trig/U_TM/N_DDR_MODE.G_NMU[4].U_M/allx_typeA_match_detection.ltlib_v1_0_3_allx_typeA_inst/DUT/I_WHOLE_SLICE.G_SLICE_IDX[3].U_ALL_SRL_SLICE/u_srlA/S1/CLK                            u_ila_3/inst/ila_core_inst/u_trig/U_TM/N_DDR_MODE.G_NMU[4].U_M/allx_typeA_match_detection.ltlib_v1_0_3_allx_typeA_inst/DUT/I_WHOLE_SLICE.G_SLICE_IDX[3].U_ALL_SRL_SLICE/I_IS_TERMINATION_SLICE_W_OUTPUT_REG.DOUT_O_reg/D
 34  CDC-3   Info      1-bit synchronized with ASYNC_REG property          2  Asynch Clock Groups  u_ila_3/inst/ila_core_inst/u_trig/U_TM/N_DDR_MODE.G_NMU[5].U_M/allx_typeA_match_detection.ltlib_v1_0_3_allx_typeA_inst/DUT/I_WHOLE_SLICE.G_SLICE_IDX[0].U_ALL_SRL_SLICE/u_srlA/S2/CLK                            u_ila_3/inst/ila_core_inst/u_trig/U_TM/N_DDR_MODE.G_NMU[5].U_M/allx_typeA_match_detection.ltlib_v1_0_3_allx_typeA_inst/DUT/I_WHOLE_SLICE.G_SLICE_IDX[0].U_ALL_SRL_SLICE/I_IS_TERMINATION_SLICE_W_OUTPUT_REG.DOUT_O_reg/D
 35  CDC-3   Info      1-bit synchronized with ASYNC_REG property          2  Asynch Clock Groups  u_ila_3/inst/ila_core_inst/u_trig/U_TM/N_DDR_MODE.G_NMU[6].U_M/allx_typeA_match_detection.ltlib_v1_0_3_allx_typeA_inst/DUT/I_WHOLE_SLICE.G_SLICE_IDX[0].U_ALL_SRL_SLICE/u_srlA/S2/CLK                            u_ila_3/inst/ila_core_inst/u_trig/U_TM/N_DDR_MODE.G_NMU[6].U_M/allx_typeA_match_detection.ltlib_v1_0_3_allx_typeA_inst/DUT/I_WHOLE_SLICE.G_SLICE_IDX[0].U_ALL_SRL_SLICE/I_IS_TERMINATION_SLICE_W_OUTPUT_REG.DOUT_O_reg/D
 36  CDC-3   Info      1-bit synchronized with ASYNC_REG property          2  Asynch Clock Groups  u_ila_3/inst/ila_core_inst/u_trig/U_TM/N_DDR_MODE.G_NMU[7].U_M/allx_typeA_match_detection.ltlib_v1_0_3_allx_typeA_inst/DUT/I_WHOLE_SLICE.G_SLICE_IDX[0].U_ALL_SRL_SLICE/u_srlA/S2/CLK                            u_ila_3/inst/ila_core_inst/u_trig/U_TM/N_DDR_MODE.G_NMU[7].U_M/allx_typeA_match_detection.ltlib_v1_0_3_allx_typeA_inst/DUT/I_WHOLE_SLICE.G_SLICE_IDX[0].U_ALL_SRL_SLICE/I_IS_TERMINATION_SLICE_W_OUTPUT_REG.DOUT_O_reg/D
 37  CDC-3   Info      1-bit synchronized with ASYNC_REG property          2  Asynch Clock Groups  u_ila_3/inst/ila_core_inst/u_trig/U_TM/N_DDR_MODE.G_NMU[8].U_M/allx_typeA_match_detection.ltlib_v1_0_3_allx_typeA_inst/DUT/I_WHOLE_SLICE.G_SLICE_IDX[3].U_ALL_SRL_SLICE/u_srlA/S2/CLK                            u_ila_3/inst/ila_core_inst/u_trig/U_TM/N_DDR_MODE.G_NMU[8].U_M/allx_typeA_match_detection.ltlib_v1_0_3_allx_typeA_inst/DUT/I_WHOLE_SLICE.G_SLICE_IDX[3].U_ALL_SRL_SLICE/I_IS_TERMINATION_SLICE_W_OUTPUT_REG.DOUT_O_reg/D
 38  CDC-3   Info      1-bit synchronized with ASYNC_REG property          2  Asynch Clock Groups  u_ila_3/inst/ila_core_inst/u_trig/U_TM/N_DDR_MODE.G_NMU[9].U_M/allx_typeA_match_detection.ltlib_v1_0_3_allx_typeA_inst/DUT/I_WHOLE_SLICE.G_SLICE_IDX[3].U_ALL_SRL_SLICE/u_srlA/S2/CLK                            u_ila_3/inst/ila_core_inst/u_trig/U_TM/N_DDR_MODE.G_NMU[9].U_M/allx_typeA_match_detection.ltlib_v1_0_3_allx_typeA_inst/DUT/I_WHOLE_SLICE.G_SLICE_IDX[3].U_ALL_SRL_SLICE/I_IS_TERMINATION_SLICE_W_OUTPUT_REG.DOUT_O_reg/D
 39  CDC-3   Info      1-bit synchronized with ASYNC_REG property          2  Asynch Clock Groups  u_ila_3/inst/ila_core_inst/u_ila_regs/reg_15/I_EN_CTL_EQ1.U_CTL/xsdb_reg_reg[2]/C                                                                                                                                u_ila_3/inst/ila_core_inst/use_probe_debug_circuit_2_reg/D
 40  CDC-15  Warning   Clock enable controlled CDC structure detected      0  Asynch Clock Groups  uut_noc_top/wrap_10/RX_VC[0].rx_fifo/core_fifo/dp_ram_ecc_inst/core_ram/mem_reg_0_15_12_12/RAMB/CLK                                                                                                              uut_noc_top/wrap_10/RX_VC[0].rx_fifo/core_fifo/GEN_CTRL_RAM.dp_ram_ctrl_inst/rdata_reg[0]/D
 41  CDC-15  Warning   Clock enable controlled CDC structure detected      0  Asynch Clock Groups  uut_noc_top/wrap_10/RX_VC[0].rx_fifo/core_fifo/dp_ram_ecc_inst/core_ram/mem_reg_0_15_12_12/RAMB_D1/CLK                                                                                                           uut_noc_top/wrap_10/RX_VC[0].rx_fifo/core_fifo/GEN_CTRL_RAM.dp_ram_ctrl_inst/rdata_reg[1]/D
 42  CDC-15  Warning   Clock enable controlled CDC structure detected      0  Asynch Clock Groups  uut_noc_top/wrap_10/RX_VC[0].rx_fifo/core_fifo/dp_ram_ecc_inst/core_ram/mem_reg_0_15_12_12/RAMC/CLK                                                                                                              uut_noc_top/wrap_10/RX_VC[0].rx_fifo/core_fifo/GEN_CTRL_RAM.dp_ram_ctrl_inst/rdata_reg[2]/D
 43  CDC-15  Warning   Clock enable controlled CDC structure detected      0  Asynch Clock Groups  uut_noc_top/wrap_10/RX_VC[0].rx_fifo/core_fifo/dp_ram_ecc_inst/core_ram/mem_reg_0_15_12_12/RAMC_D1/CLK                                                                                                           uut_noc_top/wrap_10/RX_VC[0].rx_fifo/core_fifo/GEN_CTRL_RAM.dp_ram_ctrl_inst/rdata_reg[3]/D
 44  CDC-15  Warning   Clock enable controlled CDC structure detected      0  Asynch Clock Groups  uut_noc_top/wrap_10/RX_VC[0].rx_fifo/core_fifo/dp_ram_ecc_inst/core_ram/mem_reg_0_15_0_5/RAMA/CLK                                                                                                                uut_noc_top/wrap_10/RX_VC[0].rx_fifo/core_fifo/dp_ram_ecc_inst/core_ram/rdata_reg[0]/D
 45  CDC-15  Warning   Clock enable controlled CDC structure detected      0  Asynch Clock Groups  uut_noc_top/wrap_10/RX_VC[0].rx_fifo/core_fifo/dp_ram_ecc_inst/core_ram/mem_reg_0_15_0_5/RAMA_D1/CLK                                                                                                             uut_noc_top/wrap_10/RX_VC[0].rx_fifo/core_fifo/dp_ram_ecc_inst/core_ram/rdata_reg[1]/D
 46  CDC-15  Warning   Clock enable controlled CDC structure detected      0  Asynch Clock Groups  uut_noc_top/wrap_10/RX_VC[0].rx_fifo/core_fifo/dp_ram_ecc_inst/core_ram/mem_reg_0_15_0_5/RAMB/CLK                                                                                                                uut_noc_top/wrap_10/RX_VC[0].rx_fifo/core_fifo/dp_ram_ecc_inst/core_ram/rdata_reg[2]/D
 47  CDC-15  Warning   Clock enable controlled CDC structure detected      0  Asynch Clock Groups  uut_noc_top/wrap_10/RX_VC[0].rx_fifo/core_fifo/dp_ram_ecc_inst/core_ram/mem_reg_0_15_0_5/RAMB_D1/CLK                                                                                                             uut_noc_top/wrap_10/RX_VC[0].rx_fifo/core_fifo/dp_ram_ecc_inst/core_ram/rdata_reg[3]/D
 48  CDC-15  Warning   Clock enable controlled CDC structure detected      0  Asynch Clock Groups  uut_noc_top/wrap_10/RX_VC[0].rx_fifo/core_fifo/dp_ram_ecc_inst/core_ram/mem_reg_0_15_0_5/RAMC/CLK                                                                                                                uut_noc_top/wrap_10/RX_VC[0].rx_fifo/core_fifo/dp_ram_ecc_inst/core_ram/rdata_reg[4]/D
 49  CDC-15  Warning   Clock enable controlled CDC structure detected      0  Asynch Clock Groups  uut_noc_top/wrap_10/RX_VC[0].rx_fifo/core_fifo/dp_ram_ecc_inst/core_ram/mem_reg_0_15_0_5/RAMC_D1/CLK                                                                                                             uut_noc_top/wrap_10/RX_VC[0].rx_fifo/core_fifo/dp_ram_ecc_inst/core_ram/rdata_reg[5]/D
 50  CDC-15  Warning   Clock enable controlled CDC structure detected      0  Asynch Clock Groups  uut_noc_top/wrap_10/RX_VC[0].rx_fifo/core_fifo/dp_ram_ecc_inst/core_ram/mem_reg_0_15_6_11/RAMA/CLK                                                                                                               uut_noc_top/wrap_10/RX_VC[0].rx_fifo/core_fifo/dp_ram_ecc_inst/core_ram/rdata_reg[6]/D
 51  CDC-15  Warning   Clock enable controlled CDC structure detected      0  Asynch Clock Groups  uut_noc_top/wrap_10/RX_VC[0].rx_fifo/core_fifo/dp_ram_ecc_inst/core_ram/mem_reg_0_15_6_11/RAMA_D1/CLK                                                                                                            uut_noc_top/wrap_10/RX_VC[0].rx_fifo/core_fifo/dp_ram_ecc_inst/core_ram/rdata_reg[7]/D
 52  CDC-15  Warning   Clock enable controlled CDC structure detected      0  Asynch Clock Groups  uut_noc_top/wrap_10/RX_VC[0].rx_fifo/core_fifo/dp_ram_ecc_inst/core_ram/mem_reg_0_15_6_11/RAMB/CLK                                                                                                               uut_noc_top/wrap_10/RX_VC[0].rx_fifo/core_fifo/dp_ram_ecc_inst/core_ram/rdata_reg[8]/D
 53  CDC-15  Warning   Clock enable controlled CDC structure detected      0  Asynch Clock Groups  uut_noc_top/wrap_10/RX_VC[0].rx_fifo/core_fifo/dp_ram_ecc_inst/core_ram/mem_reg_0_15_6_11/RAMB_D1/CLK                                                                                                            uut_noc_top/wrap_10/RX_VC[0].rx_fifo/core_fifo/dp_ram_ecc_inst/core_ram/rdata_reg[9]/D
 54  CDC-15  Warning   Clock enable controlled CDC structure detected      0  Asynch Clock Groups  uut_noc_top/wrap_10/RX_VC[0].rx_fifo/core_fifo/dp_ram_ecc_inst/core_ram/mem_reg_0_15_6_11/RAMC/CLK                                                                                                               uut_noc_top/wrap_10/RX_VC[0].rx_fifo/core_fifo/dp_ram_ecc_inst/core_ram/rdata_reg[10]/D
 55  CDC-15  Warning   Clock enable controlled CDC structure detected      0  Asynch Clock Groups  uut_noc_top/wrap_10/RX_VC[0].rx_fifo/core_fifo/dp_ram_ecc_inst/core_ram/mem_reg_0_15_6_11/RAMC_D1/CLK                                                                                                            uut_noc_top/wrap_10/RX_VC[0].rx_fifo/core_fifo/dp_ram_ecc_inst/core_ram/rdata_reg[11]/D
 56  CDC-15  Warning   Clock enable controlled CDC structure detected      0  Asynch Clock Groups  uut_noc_top/wrap_10/RX_VC[0].rx_fifo/core_fifo/dp_ram_ecc_inst/core_ram/mem_reg_0_15_12_12/RAMA/CLK                                                                                                              uut_noc_top/wrap_10/RX_VC[0].rx_fifo/core_fifo/dp_ram_ecc_inst/core_ram/rdata_reg[12]/D
 57  CDC-6   Warning   Multi-bit synchronized with ASYNC_REG property      2  Asynch Clock Groups  uut_noc_top/wrap_10/RX_VC[0].rx_fifo/core_fifo/w_cnt/ptr_g_reg[4:0]/C                                                                                                                                            uut_noc_top/wrap_10/RX_VC[0].rx_fifo/core_fifo/sync_w2r/q1_reg[4:0]/D
 58  CDC-15  Warning   Clock enable controlled CDC structure detected      0  Asynch Clock Groups  uut_noc_top/wrap_10/RX_VC[1].rx_fifo/core_fifo/dp_ram_ecc_inst/core_ram/mem_reg_0_15_12_12/RAMB/CLK                                                                                                              uut_noc_top/wrap_10/RX_VC[1].rx_fifo/core_fifo/GEN_CTRL_RAM.dp_ram_ctrl_inst/rdata_reg[0]/D
 59  CDC-15  Warning   Clock enable controlled CDC structure detected      0  Asynch Clock Groups  uut_noc_top/wrap_10/RX_VC[1].rx_fifo/core_fifo/dp_ram_ecc_inst/core_ram/mem_reg_0_15_12_12/RAMB_D1/CLK                                                                                                           uut_noc_top/wrap_10/RX_VC[1].rx_fifo/core_fifo/GEN_CTRL_RAM.dp_ram_ctrl_inst/rdata_reg[1]/D
 60  CDC-15  Warning   Clock enable controlled CDC structure detected      0  Asynch Clock Groups  uut_noc_top/wrap_10/RX_VC[1].rx_fifo/core_fifo/dp_ram_ecc_inst/core_ram/mem_reg_0_15_12_12/RAMC/CLK                                                                                                              uut_noc_top/wrap_10/RX_VC[1].rx_fifo/core_fifo/GEN_CTRL_RAM.dp_ram_ctrl_inst/rdata_reg[2]/D
 61  CDC-15  Warning   Clock enable controlled CDC structure detected      0  Asynch Clock Groups  uut_noc_top/wrap_10/RX_VC[1].rx_fifo/core_fifo/dp_ram_ecc_inst/core_ram/mem_reg_0_15_12_12/RAMC_D1/CLK                                                                                                           uut_noc_top/wrap_10/RX_VC[1].rx_fifo/core_fifo/GEN_CTRL_RAM.dp_ram_ctrl_inst/rdata_reg[3]/D
 62  CDC-15  Warning   Clock enable controlled CDC structure detected      0  Asynch Clock Groups  uut_noc_top/wrap_10/RX_VC[1].rx_fifo/core_fifo/dp_ram_ecc_inst/core_ram/mem_reg_0_15_0_5/RAMA/CLK                                                                                                                uut_noc_top/wrap_10/RX_VC[1].rx_fifo/core_fifo/dp_ram_ecc_inst/core_ram/rdata_reg[0]/D
 63  CDC-15  Warning   Clock enable controlled CDC structure detected      0  Asynch Clock Groups  uut_noc_top/wrap_10/RX_VC[1].rx_fifo/core_fifo/dp_ram_ecc_inst/core_ram/mem_reg_0_15_0_5/RAMA_D1/CLK                                                                                                             uut_noc_top/wrap_10/RX_VC[1].rx_fifo/core_fifo/dp_ram_ecc_inst/core_ram/rdata_reg[1]/D
 64  CDC-15  Warning   Clock enable controlled CDC structure detected      0  Asynch Clock Groups  uut_noc_top/wrap_10/RX_VC[1].rx_fifo/core_fifo/dp_ram_ecc_inst/core_ram/mem_reg_0_15_0_5/RAMB/CLK                                                                                                                uut_noc_top/wrap_10/RX_VC[1].rx_fifo/core_fifo/dp_ram_ecc_inst/core_ram/rdata_reg[2]/D
 65  CDC-15  Warning   Clock enable controlled CDC structure detected      0  Asynch Clock Groups  uut_noc_top/wrap_10/RX_VC[1].rx_fifo/core_fifo/dp_ram_ecc_inst/core_ram/mem_reg_0_15_0_5/RAMB_D1/CLK                                                                                                             uut_noc_top/wrap_10/RX_VC[1].rx_fifo/core_fifo/dp_ram_ecc_inst/core_ram/rdata_reg[3]/D
 66  CDC-15  Warning   Clock enable controlled CDC structure detected      0  Asynch Clock Groups  uut_noc_top/wrap_10/RX_VC[1].rx_fifo/core_fifo/dp_ram_ecc_inst/core_ram/mem_reg_0_15_0_5/RAMC/CLK                                                                                                                uut_noc_top/wrap_10/RX_VC[1].rx_fifo/core_fifo/dp_ram_ecc_inst/core_ram/rdata_reg[4]/D
 67  CDC-15  Warning   Clock enable controlled CDC structure detected      0  Asynch Clock Groups  uut_noc_top/wrap_10/RX_VC[1].rx_fifo/core_fifo/dp_ram_ecc_inst/core_ram/mem_reg_0_15_0_5/RAMC_D1/CLK                                                                                                             uut_noc_top/wrap_10/RX_VC[1].rx_fifo/core_fifo/dp_ram_ecc_inst/core_ram/rdata_reg[5]/D
 68  CDC-15  Warning   Clock enable controlled CDC structure detected      0  Asynch Clock Groups  uut_noc_top/wrap_10/RX_VC[1].rx_fifo/core_fifo/dp_ram_ecc_inst/core_ram/mem_reg_0_15_6_11/RAMA/CLK                                                                                                               uut_noc_top/wrap_10/RX_VC[1].rx_fifo/core_fifo/dp_ram_ecc_inst/core_ram/rdata_reg[6]/D
 69  CDC-15  Warning   Clock enable controlled CDC structure detected      0  Asynch Clock Groups  uut_noc_top/wrap_10/RX_VC[1].rx_fifo/core_fifo/dp_ram_ecc_inst/core_ram/mem_reg_0_15_6_11/RAMA_D1/CLK                                                                                                            uut_noc_top/wrap_10/RX_VC[1].rx_fifo/core_fifo/dp_ram_ecc_inst/core_ram/rdata_reg[7]/D
 70  CDC-15  Warning   Clock enable controlled CDC structure detected      0  Asynch Clock Groups  uut_noc_top/wrap_10/RX_VC[1].rx_fifo/core_fifo/dp_ram_ecc_inst/core_ram/mem_reg_0_15_6_11/RAMB/CLK                                                                                                               uut_noc_top/wrap_10/RX_VC[1].rx_fifo/core_fifo/dp_ram_ecc_inst/core_ram/rdata_reg[8]/D
 71  CDC-15  Warning   Clock enable controlled CDC structure detected      0  Asynch Clock Groups  uut_noc_top/wrap_10/RX_VC[1].rx_fifo/core_fifo/dp_ram_ecc_inst/core_ram/mem_reg_0_15_6_11/RAMB_D1/CLK                                                                                                            uut_noc_top/wrap_10/RX_VC[1].rx_fifo/core_fifo/dp_ram_ecc_inst/core_ram/rdata_reg[9]/D
 72  CDC-15  Warning   Clock enable controlled CDC structure detected      0  Asynch Clock Groups  uut_noc_top/wrap_10/RX_VC[1].rx_fifo/core_fifo/dp_ram_ecc_inst/core_ram/mem_reg_0_15_6_11/RAMC/CLK                                                                                                               uut_noc_top/wrap_10/RX_VC[1].rx_fifo/core_fifo/dp_ram_ecc_inst/core_ram/rdata_reg[10]/D
 73  CDC-15  Warning   Clock enable controlled CDC structure detected      0  Asynch Clock Groups  uut_noc_top/wrap_10/RX_VC[1].rx_fifo/core_fifo/dp_ram_ecc_inst/core_ram/mem_reg_0_15_6_11/RAMC_D1/CLK                                                                                                            uut_noc_top/wrap_10/RX_VC[1].rx_fifo/core_fifo/dp_ram_ecc_inst/core_ram/rdata_reg[11]/D
 74  CDC-15  Warning   Clock enable controlled CDC structure detected      0  Asynch Clock Groups  uut_noc_top/wrap_10/RX_VC[1].rx_fifo/core_fifo/dp_ram_ecc_inst/core_ram/mem_reg_0_15_12_12/RAMA/CLK                                                                                                              uut_noc_top/wrap_10/RX_VC[1].rx_fifo/core_fifo/dp_ram_ecc_inst/core_ram/rdata_reg[12]/D
 75  CDC-6   Warning   Multi-bit synchronized with ASYNC_REG property      2  Asynch Clock Groups  uut_noc_top/wrap_10/RX_VC[1].rx_fifo/core_fifo/w_cnt/ptr_g_reg[4:0]/C                                                                                                                                            uut_noc_top/wrap_10/RX_VC[1].rx_fifo/core_fifo/sync_w2r/q1_reg[4:0]/D
 76  CDC-6   Warning   Multi-bit synchronized with ASYNC_REG property      2  Asynch Clock Groups  uut_noc_top/wrap_10/TX_VC[0].tx_fifo/core_fifo/r_cnt/ptr_g_reg[4:0]/C                                                                                                                                            uut_noc_top/wrap_10/TX_VC[0].tx_fifo/core_fifo/sync_r2w/q1_reg[4:0]/D
 77  CDC-6   Warning   Multi-bit synchronized with ASYNC_REG property      2  Asynch Clock Groups  uut_noc_top/wrap_10/TX_VC[1].tx_fifo/core_fifo/r_cnt/ptr_g_reg[4:0]/C                                                                                                                                            uut_noc_top/wrap_10/TX_VC[1].tx_fifo/core_fifo/sync_r2w/q1_reg[4:0]/D

Source Clock: clk_out1_clk_wiz_0
Destination Clock: clk_out5_clk_wiz_0
CDC Type: User Ignored

Row  ID      Severity  Description                                     Depth  Exception            Source (From)                                                                                                                                                                                                    Destination (To)
---  ------  --------  ----------------------------------------------  -----  -------------------  ---------------------------------------------------------------------------------------------------------------------------------------------------------------------------------------------------------------  --------------------------------------------------------------------------------------------------------------------------------------------------------------------------------------------------------------------------
  1  CDC-3   Info      1-bit synchronized with ASYNC_REG property          2  Asynch Clock Groups  u_ila_4/inst/ila_core_inst/u_ila_regs/reg_1a/I_EN_CTL_EQ1.U_CTL/xsdb_reg_reg[1]/C                                                                                                                                u_ila_4/inst/ila_core_inst/capture_qual_ctrl_2_reg[0]/D
  2  CDC-3   Info      1-bit synchronized with ASYNC_REG property          2  Asynch Clock Groups  u_ila_4/inst/ila_core_inst/u_ila_regs/reg_1a/I_EN_CTL_EQ1.U_CTL/xsdb_reg_reg[2]/C                                                                                                                                u_ila_4/inst/ila_core_inst/capture_qual_ctrl_2_reg[1]/D
  3  CDC-6   Warning   Multi-bit synchronized with ASYNC_REG property      2  Asynch Clock Groups  u_ila_4/inst/ila_core_inst/u_ila_regs/reg_stream_ffd/I_EN_CTL_EQ1.U_CTL/xsdb_reg_reg[15:0]/C                                                                                                                     u_ila_4/inst/ila_core_inst/debug_data_in_sync1_reg[15:0]/D
  4  CDC-3   Info      1-bit synchronized with ASYNC_REG property          2  Asynch Clock Groups  u_ila_4/inst/ila_core_inst/u_ila_regs/reg_1a/I_EN_CTL_EQ1.U_CTL/xsdb_reg_reg[3]/C                                                                                                                                u_ila_4/inst/ila_core_inst/en_adv_trigger_2_reg/D
  5  CDC-6   Warning   Multi-bit synchronized with ASYNC_REG property      2  Asynch Clock Groups  u_ila_4/inst/ila_core_inst/u_ila_cap_ctrl/u_cap_addrgen/i_o_to_64k.cfg_data_vec_reg[10:1]/C                                                                                                                      u_ila_4/inst/ila_core_inst/u_ila_cap_ctrl/u_cap_addrgen/cfg_data_vec_sync1_reg[10:1]/D
  6  CDC-3   Info      1-bit synchronized with ASYNC_REG property          2  Asynch Clock Groups  u_ila_4/inst/ila_core_inst/u_ila_cap_ctrl/u_cap_addrgen/u_cap_sample_counter/U_SCE/I_YESLUT6.U_SRLC16E/CLK                                                                                                       u_ila_4/inst/ila_core_inst/u_ila_cap_ctrl/u_cap_addrgen/icap_wr_en_reg/D
  7  CDC-15  Warning   Clock enable controlled CDC structure detected      0  Asynch Clock Groups  u_ila_4/inst/ila_core_inst/u_ila_cap_ctrl/u_cap_addrgen/u_cap_sample_counter/U_SCRST/I_YESLUT6.U_SRL32_A/CLK                                                                                                     u_ila_4/inst/ila_core_inst/u_ila_cap_ctrl/u_cap_addrgen/u_cap_sample_counter/iscnt_reg[0]/R
  8  CDC-15  Warning   Clock enable controlled CDC structure detected      0  Asynch Clock Groups  u_ila_4/inst/ila_core_inst/u_ila_cap_ctrl/u_cap_addrgen/u_cap_sample_counter/U_SCRST/I_YESLUT6.U_SRL32_A/CLK                                                                                                     u_ila_4/inst/ila_core_inst/u_ila_cap_ctrl/u_cap_addrgen/u_cap_sample_counter/iscnt_reg[1]/R
  9  CDC-15  Warning   Clock enable controlled CDC structure detected      0  Asynch Clock Groups  u_ila_4/inst/ila_core_inst/u_ila_cap_ctrl/u_cap_addrgen/u_cap_sample_counter/U_SCRST/I_YESLUT6.U_SRL32_A/CLK                                                                                                     u_ila_4/inst/ila_core_inst/u_ila_cap_ctrl/u_cap_addrgen/u_cap_sample_counter/iscnt_reg[2]/R
 10  CDC-15  Warning   Clock enable controlled CDC structure detected      0  Asynch Clock Groups  u_ila_4/inst/ila_core_inst/u_ila_cap_ctrl/u_cap_addrgen/u_cap_sample_counter/U_SCRST/I_YESLUT6.U_SRL32_A/CLK                                                                                                     u_ila_4/inst/ila_core_inst/u_ila_cap_ctrl/u_cap_addrgen/u_cap_sample_counter/iscnt_reg[3]/R
 11  CDC-15  Warning   Clock enable controlled CDC structure detected      0  Asynch Clock Groups  u_ila_4/inst/ila_core_inst/u_ila_cap_ctrl/u_cap_addrgen/u_cap_sample_counter/U_SCRST/I_YESLUT6.U_SRL32_A/CLK                                                                                                     u_ila_4/inst/ila_core_inst/u_ila_cap_ctrl/u_cap_addrgen/u_cap_sample_counter/iscnt_reg[4]/R
 12  CDC-15  Warning   Clock enable controlled CDC structure detected      0  Asynch Clock Groups  u_ila_4/inst/ila_core_inst/u_ila_cap_ctrl/u_cap_addrgen/u_cap_sample_counter/U_SCRST/I_YESLUT6.U_SRL32_A/CLK                                                                                                     u_ila_4/inst/ila_core_inst/u_ila_cap_ctrl/u_cap_addrgen/u_cap_sample_counter/iscnt_reg[5]/R
 13  CDC-15  Warning   Clock enable controlled CDC structure detected      0  Asynch Clock Groups  u_ila_4/inst/ila_core_inst/u_ila_cap_ctrl/u_cap_addrgen/u_cap_sample_counter/U_SCRST/I_YESLUT6.U_SRL32_A/CLK                                                                                                     u_ila_4/inst/ila_core_inst/u_ila_cap_ctrl/u_cap_addrgen/u_cap_sample_counter/iscnt_reg[6]/R
 14  CDC-15  Warning   Clock enable controlled CDC structure detected      0  Asynch Clock Groups  u_ila_4/inst/ila_core_inst/u_ila_cap_ctrl/u_cap_addrgen/u_cap_sample_counter/U_SCRST/I_YESLUT6.U_SRL32_A/CLK                                                                                                     u_ila_4/inst/ila_core_inst/u_ila_cap_ctrl/u_cap_addrgen/u_cap_sample_counter/iscnt_reg[7]/R
 15  CDC-15  Warning   Clock enable controlled CDC structure detected      0  Asynch Clock Groups  u_ila_4/inst/ila_core_inst/u_ila_cap_ctrl/u_cap_addrgen/u_cap_sample_counter/U_SCRST/I_YESLUT6.U_SRL32_A/CLK                                                                                                     u_ila_4/inst/ila_core_inst/u_ila_cap_ctrl/u_cap_addrgen/u_cap_sample_counter/iscnt_reg[8]/R
 16  CDC-15  Warning   Clock enable controlled CDC structure detected      0  Asynch Clock Groups  u_ila_4/inst/ila_core_inst/u_ila_cap_ctrl/u_cap_addrgen/u_cap_sample_counter/U_SCRST/I_YESLUT6.U_SRL32_A/CLK                                                                                                     u_ila_4/inst/ila_core_inst/u_ila_cap_ctrl/u_cap_addrgen/u_cap_sample_counter/iscnt_reg[9]/R
 17  CDC-15  Warning   Clock enable controlled CDC structure detected      0  Asynch Clock Groups  u_ila_4/inst/ila_core_inst/u_ila_cap_ctrl/u_cap_addrgen/u_cap_sample_counter/u_scnt_cmp/allx_typeA_match_detection.ltlib_v1_0_3_allx_typeA_inst/DUT/I_WHOLE_SLICE.G_SLICE_IDX[1].U_ALL_SRL_SLICE/u_srlA/S2/CLK   u_ila_4/inst/ila_core_inst/u_ila_cap_ctrl/u_cap_addrgen/u_cap_sample_counter/u_scnt_cmp_q/D
 18  CDC-15  Warning   Clock enable controlled CDC structure detected      0  Asynch Clock Groups  u_ila_4/inst/ila_core_inst/u_ila_cap_ctrl/u_cap_addrgen/U_CMPRESET/I_YESLUT6.U_SRL32_B/CLK                                                                                                                       u_ila_4/inst/ila_core_inst/u_ila_cap_ctrl/u_cap_addrgen/u_cap_sample_counter/u_scnt_cmp_q/R
 19  CDC-15  Warning   Clock enable controlled CDC structure detected      0  Asynch Clock Groups  u_ila_4/inst/ila_core_inst/u_ila_cap_ctrl/u_cap_addrgen/u_cap_window_counter/u_wcnt_hcmp/allx_typeA_match_detection.ltlib_v1_0_3_allx_typeA_inst/DUT/I_WHOLE_SLICE.G_SLICE_IDX[1].U_ALL_SRL_SLICE/u_srlA/S1/CLK  u_ila_4/inst/ila_core_inst/u_ila_cap_ctrl/u_cap_addrgen/u_cap_window_counter/u_wcnt_hcmp_q/D
 20  CDC-15  Warning   Clock enable controlled CDC structure detected      0  Asynch Clock Groups  u_ila_4/inst/ila_core_inst/u_ila_cap_ctrl/u_cap_addrgen/U_CMPRESET/I_YESLUT6.U_SRL32_B/CLK                                                                                                                       u_ila_4/inst/ila_core_inst/u_ila_cap_ctrl/u_cap_addrgen/u_cap_window_counter/u_wcnt_hcmp_q/R
 21  CDC-15  Warning   Clock enable controlled CDC structure detected      0  Asynch Clock Groups  u_ila_4/inst/ila_core_inst/u_ila_cap_ctrl/u_cap_addrgen/u_cap_window_counter/u_wcnt_lcmp/allx_typeA_match_detection.ltlib_v1_0_3_allx_typeA_inst/DUT/I_WHOLE_SLICE.G_SLICE_IDX[1].U_ALL_SRL_SLICE/u_srlB/S1/CLK  u_ila_4/inst/ila_core_inst/u_ila_cap_ctrl/u_cap_addrgen/u_cap_window_counter/u_wcnt_lcmp_q/D
 22  CDC-15  Warning   Clock enable controlled CDC structure detected      0  Asynch Clock Groups  u_ila_4/inst/ila_core_inst/u_ila_cap_ctrl/u_cap_addrgen/U_CMPRESET/I_YESLUT6.U_SRL32_B/CLK                                                                                                                       u_ila_4/inst/ila_core_inst/u_ila_cap_ctrl/u_cap_addrgen/u_cap_window_counter/u_wcnt_lcmp_q/R
 23  CDC-3   Info      1-bit synchronized with ASYNC_REG property          2  Asynch Clock Groups  u_ila_4/inst/ila_core_inst/u_ila_regs/s_dclk_flag_reg/C                                                                                                                                                          u_ila_4/inst/ila_core_inst/u_ila_regs/s_dclk_flag_sync1_reg/D
 24  CDC-3   Info      1-bit synchronized with ASYNC_REG property          2  Asynch Clock Groups  u_ila_4/inst/ila_core_inst/u_ila_reset_ctrl/asyncrounous_transfer.arm_in_transfer_inst/din_reg_reg/C                                                                                                             u_ila_4/inst/ila_core_inst/u_ila_reset_ctrl/asyncrounous_transfer.arm_in_transfer_inst/dout_reg0_reg/D
 25  CDC-3   Info      1-bit synchronized with ASYNC_REG property          2  Asynch Clock Groups  u_ila_4/inst/ila_core_inst/u_ila_reset_ctrl/asyncrounous_transfer.arm_out_transfer_inst/dout_reg1_reg/C                                                                                                          u_ila_4/inst/ila_core_inst/u_ila_reset_ctrl/asyncrounous_transfer.arm_out_transfer_inst/temp_reg0_reg/D
 26  CDC-3   Info      1-bit synchronized with ASYNC_REG property          2  Asynch Clock Groups  u_ila_4/inst/ila_core_inst/u_ila_reset_ctrl/asyncrounous_transfer.halt_in_transfer_inst/din_reg_reg/C                                                                                                            u_ila_4/inst/ila_core_inst/u_ila_reset_ctrl/asyncrounous_transfer.halt_in_transfer_inst/dout_reg0_reg/D
 27  CDC-3   Info      1-bit synchronized with ASYNC_REG property          2  Asynch Clock Groups  u_ila_4/inst/ila_core_inst/u_ila_reset_ctrl/asyncrounous_transfer.halt_out_transfer_inst/dout_reg1_reg/C                                                                                                         u_ila_4/inst/ila_core_inst/u_ila_reset_ctrl/asyncrounous_transfer.halt_out_transfer_inst/temp_reg0_reg/D
 28  CDC-3   Info      1-bit synchronized with ASYNC_REG property          2  Asynch Clock Groups  u_ila_4/inst/ila_core_inst/u_trig/N_DDR_TC.N_DDR_TC_INST[0].U_TC/allx_typeA_match_detection.ltlib_v1_0_3_allx_typeA_inst/DUT/I_WHOLE_SLICE.G_SLICE_IDX[1].U_ALL_SRL_SLICE/u_srlA/S2/CLK                          u_ila_4/inst/ila_core_inst/u_trig/N_DDR_TC.N_DDR_TC_INST[0].U_TC/allx_typeA_match_detection.ltlib_v1_0_3_allx_typeA_inst/DUT/I_WHOLE_SLICE.G_SLICE_IDX[1].U_ALL_SRL_SLICE/I_IS_TERMINATION_SLICE_W_OUTPUT_REG.DOUT_O_reg/D
 29  CDC-3   Info      1-bit synchronized with ASYNC_REG property          2  Asynch Clock Groups  u_ila_4/inst/ila_core_inst/u_trig/U_TM/N_DDR_MODE.G_NMU[0].U_M/allx_typeA_match_detection.ltlib_v1_0_3_allx_typeA_inst/DUT/I_WHOLE_SLICE.G_SLICE_IDX[2].U_ALL_SRL_SLICE/u_srlA/S2/CLK                            u_ila_4/inst/ila_core_inst/u_trig/U_TM/N_DDR_MODE.G_NMU[0].U_M/allx_typeA_match_detection.ltlib_v1_0_3_allx_typeA_inst/DUT/I_WHOLE_SLICE.G_SLICE_IDX[2].U_ALL_SRL_SLICE/I_IS_TERMINATION_SLICE_W_OUTPUT_REG.DOUT_O_reg/D
 30  CDC-3   Info      1-bit synchronized with ASYNC_REG property          2  Asynch Clock Groups  u_ila_4/inst/ila_core_inst/u_trig/U_TM/N_DDR_MODE.G_NMU[1].U_M/allx_typeA_match_detection.ltlib_v1_0_3_allx_typeA_inst/DUT/I_WHOLE_SLICE.G_SLICE_IDX[3].U_ALL_SRL_SLICE/u_srlA/S2/CLK                            u_ila_4/inst/ila_core_inst/u_trig/U_TM/N_DDR_MODE.G_NMU[1].U_M/allx_typeA_match_detection.ltlib_v1_0_3_allx_typeA_inst/DUT/I_WHOLE_SLICE.G_SLICE_IDX[3].U_ALL_SRL_SLICE/I_IS_TERMINATION_SLICE_W_OUTPUT_REG.DOUT_O_reg/D
 31  CDC-3   Info      1-bit synchronized with ASYNC_REG property          2  Asynch Clock Groups  u_ila_4/inst/ila_core_inst/u_trig/U_TM/N_DDR_MODE.G_NMU[2].U_M/allx_typeA_match_detection.ltlib_v1_0_3_allx_typeA_inst/DUT/I_WHOLE_SLICE.G_SLICE_IDX[0].U_ALL_SRL_SLICE/u_srlA/S2/CLK                            u_ila_4/inst/ila_core_inst/u_trig/U_TM/N_DDR_MODE.G_NMU[2].U_M/allx_typeA_match_detection.ltlib_v1_0_3_allx_typeA_inst/DUT/I_WHOLE_SLICE.G_SLICE_IDX[0].U_ALL_SRL_SLICE/I_IS_TERMINATION_SLICE_W_OUTPUT_REG.DOUT_O_reg/D
 32  CDC-3   Info      1-bit synchronized with ASYNC_REG property          2  Asynch Clock Groups  u_ila_4/inst/ila_core_inst/u_trig/U_TM/N_DDR_MODE.G_NMU[3].U_M/allx_typeA_match_detection.ltlib_v1_0_3_allx_typeA_inst/DUT/I_WHOLE_SLICE.G_SLICE_IDX[3].U_ALL_SRL_SLICE/u_srlA/S2/CLK                            u_ila_4/inst/ila_core_inst/u_trig/U_TM/N_DDR_MODE.G_NMU[3].U_M/allx_typeA_match_detection.ltlib_v1_0_3_allx_typeA_inst/DUT/I_WHOLE_SLICE.G_SLICE_IDX[3].U_ALL_SRL_SLICE/I_IS_TERMINATION_SLICE_W_OUTPUT_REG.DOUT_O_reg/D
 33  CDC-3   Info      1-bit synchronized with ASYNC_REG property          2  Asynch Clock Groups  u_ila_4/inst/ila_core_inst/u_trig/U_TM/N_DDR_MODE.G_NMU[4].U_M/allx_typeA_match_detection.ltlib_v1_0_3_allx_typeA_inst/DUT/I_WHOLE_SLICE.G_SLICE_IDX[3].U_ALL_SRL_SLICE/u_srlA/S2/CLK                            u_ila_4/inst/ila_core_inst/u_trig/U_TM/N_DDR_MODE.G_NMU[4].U_M/allx_typeA_match_detection.ltlib_v1_0_3_allx_typeA_inst/DUT/I_WHOLE_SLICE.G_SLICE_IDX[3].U_ALL_SRL_SLICE/I_IS_TERMINATION_SLICE_W_OUTPUT_REG.DOUT_O_reg/D
 34  CDC-3   Info      1-bit synchronized with ASYNC_REG property          2  Asynch Clock Groups  u_ila_4/inst/ila_core_inst/u_trig/U_TM/N_DDR_MODE.G_NMU[5].U_M/allx_typeA_match_detection.ltlib_v1_0_3_allx_typeA_inst/DUT/I_WHOLE_SLICE.G_SLICE_IDX[0].U_ALL_SRL_SLICE/u_srlA/S2/CLK                            u_ila_4/inst/ila_core_inst/u_trig/U_TM/N_DDR_MODE.G_NMU[5].U_M/allx_typeA_match_detection.ltlib_v1_0_3_allx_typeA_inst/DUT/I_WHOLE_SLICE.G_SLICE_IDX[0].U_ALL_SRL_SLICE/I_IS_TERMINATION_SLICE_W_OUTPUT_REG.DOUT_O_reg/D
 35  CDC-3   Info      1-bit synchronized with ASYNC_REG property          2  Asynch Clock Groups  u_ila_4/inst/ila_core_inst/u_trig/U_TM/N_DDR_MODE.G_NMU[6].U_M/allx_typeA_match_detection.ltlib_v1_0_3_allx_typeA_inst/DUT/I_WHOLE_SLICE.G_SLICE_IDX[0].U_ALL_SRL_SLICE/u_srlA/S2/CLK                            u_ila_4/inst/ila_core_inst/u_trig/U_TM/N_DDR_MODE.G_NMU[6].U_M/allx_typeA_match_detection.ltlib_v1_0_3_allx_typeA_inst/DUT/I_WHOLE_SLICE.G_SLICE_IDX[0].U_ALL_SRL_SLICE/I_IS_TERMINATION_SLICE_W_OUTPUT_REG.DOUT_O_reg/D
 36  CDC-3   Info      1-bit synchronized with ASYNC_REG property          2  Asynch Clock Groups  u_ila_4/inst/ila_core_inst/u_trig/U_TM/N_DDR_MODE.G_NMU[7].U_M/allx_typeA_match_detection.ltlib_v1_0_3_allx_typeA_inst/DUT/I_WHOLE_SLICE.G_SLICE_IDX[0].U_ALL_SRL_SLICE/u_srlA/S2/CLK                            u_ila_4/inst/ila_core_inst/u_trig/U_TM/N_DDR_MODE.G_NMU[7].U_M/allx_typeA_match_detection.ltlib_v1_0_3_allx_typeA_inst/DUT/I_WHOLE_SLICE.G_SLICE_IDX[0].U_ALL_SRL_SLICE/I_IS_TERMINATION_SLICE_W_OUTPUT_REG.DOUT_O_reg/D
 37  CDC-3   Info      1-bit synchronized with ASYNC_REG property          2  Asynch Clock Groups  u_ila_4/inst/ila_core_inst/u_trig/U_TM/N_DDR_MODE.G_NMU[8].U_M/allx_typeA_match_detection.ltlib_v1_0_3_allx_typeA_inst/DUT/I_WHOLE_SLICE.G_SLICE_IDX[3].U_ALL_SRL_SLICE/u_srlA/S2/CLK                            u_ila_4/inst/ila_core_inst/u_trig/U_TM/N_DDR_MODE.G_NMU[8].U_M/allx_typeA_match_detection.ltlib_v1_0_3_allx_typeA_inst/DUT/I_WHOLE_SLICE.G_SLICE_IDX[3].U_ALL_SRL_SLICE/I_IS_TERMINATION_SLICE_W_OUTPUT_REG.DOUT_O_reg/D
 38  CDC-3   Info      1-bit synchronized with ASYNC_REG property          2  Asynch Clock Groups  u_ila_4/inst/ila_core_inst/u_trig/U_TM/N_DDR_MODE.G_NMU[9].U_M/allx_typeA_match_detection.ltlib_v1_0_3_allx_typeA_inst/DUT/I_WHOLE_SLICE.G_SLICE_IDX[3].U_ALL_SRL_SLICE/u_srlA/S2/CLK                            u_ila_4/inst/ila_core_inst/u_trig/U_TM/N_DDR_MODE.G_NMU[9].U_M/allx_typeA_match_detection.ltlib_v1_0_3_allx_typeA_inst/DUT/I_WHOLE_SLICE.G_SLICE_IDX[3].U_ALL_SRL_SLICE/I_IS_TERMINATION_SLICE_W_OUTPUT_REG.DOUT_O_reg/D
 39  CDC-3   Info      1-bit synchronized with ASYNC_REG property          2  Asynch Clock Groups  u_ila_4/inst/ila_core_inst/u_ila_regs/reg_15/I_EN_CTL_EQ1.U_CTL/xsdb_reg_reg[2]/C                                                                                                                                u_ila_4/inst/ila_core_inst/use_probe_debug_circuit_2_reg/D
 40  CDC-15  Warning   Clock enable controlled CDC structure detected      0  Asynch Clock Groups  uut_noc_top/wrap_11/RX_VC[0].rx_fifo/core_fifo/dp_ram_ecc_inst/core_ram/mem_reg_0_15_12_12/RAMB/CLK                                                                                                              uut_noc_top/wrap_11/RX_VC[0].rx_fifo/core_fifo/GEN_CTRL_RAM.dp_ram_ctrl_inst/rdata_reg[0]/D
 41  CDC-15  Warning   Clock enable controlled CDC structure detected      0  Asynch Clock Groups  uut_noc_top/wrap_11/RX_VC[0].rx_fifo/core_fifo/dp_ram_ecc_inst/core_ram/mem_reg_0_15_12_12/RAMB_D1/CLK                                                                                                           uut_noc_top/wrap_11/RX_VC[0].rx_fifo/core_fifo/GEN_CTRL_RAM.dp_ram_ctrl_inst/rdata_reg[1]/D
 42  CDC-15  Warning   Clock enable controlled CDC structure detected      0  Asynch Clock Groups  uut_noc_top/wrap_11/RX_VC[0].rx_fifo/core_fifo/dp_ram_ecc_inst/core_ram/mem_reg_0_15_12_12/RAMC/CLK                                                                                                              uut_noc_top/wrap_11/RX_VC[0].rx_fifo/core_fifo/GEN_CTRL_RAM.dp_ram_ctrl_inst/rdata_reg[2]/D
 43  CDC-15  Warning   Clock enable controlled CDC structure detected      0  Asynch Clock Groups  uut_noc_top/wrap_11/RX_VC[0].rx_fifo/core_fifo/dp_ram_ecc_inst/core_ram/mem_reg_0_15_12_12/RAMC_D1/CLK                                                                                                           uut_noc_top/wrap_11/RX_VC[0].rx_fifo/core_fifo/GEN_CTRL_RAM.dp_ram_ctrl_inst/rdata_reg[3]/D
 44  CDC-15  Warning   Clock enable controlled CDC structure detected      0  Asynch Clock Groups  uut_noc_top/wrap_11/RX_VC[0].rx_fifo/core_fifo/dp_ram_ecc_inst/core_ram/mem_reg_0_15_0_5/RAMA/CLK                                                                                                                uut_noc_top/wrap_11/RX_VC[0].rx_fifo/core_fifo/dp_ram_ecc_inst/core_ram/rdata_reg[0]/D
 45  CDC-15  Warning   Clock enable controlled CDC structure detected      0  Asynch Clock Groups  uut_noc_top/wrap_11/RX_VC[0].rx_fifo/core_fifo/dp_ram_ecc_inst/core_ram/mem_reg_0_15_0_5/RAMA_D1/CLK                                                                                                             uut_noc_top/wrap_11/RX_VC[0].rx_fifo/core_fifo/dp_ram_ecc_inst/core_ram/rdata_reg[1]/D
 46  CDC-15  Warning   Clock enable controlled CDC structure detected      0  Asynch Clock Groups  uut_noc_top/wrap_11/RX_VC[0].rx_fifo/core_fifo/dp_ram_ecc_inst/core_ram/mem_reg_0_15_0_5/RAMB/CLK                                                                                                                uut_noc_top/wrap_11/RX_VC[0].rx_fifo/core_fifo/dp_ram_ecc_inst/core_ram/rdata_reg[2]/D
 47  CDC-15  Warning   Clock enable controlled CDC structure detected      0  Asynch Clock Groups  uut_noc_top/wrap_11/RX_VC[0].rx_fifo/core_fifo/dp_ram_ecc_inst/core_ram/mem_reg_0_15_0_5/RAMB_D1/CLK                                                                                                             uut_noc_top/wrap_11/RX_VC[0].rx_fifo/core_fifo/dp_ram_ecc_inst/core_ram/rdata_reg[3]/D
 48  CDC-15  Warning   Clock enable controlled CDC structure detected      0  Asynch Clock Groups  uut_noc_top/wrap_11/RX_VC[0].rx_fifo/core_fifo/dp_ram_ecc_inst/core_ram/mem_reg_0_15_0_5/RAMC/CLK                                                                                                                uut_noc_top/wrap_11/RX_VC[0].rx_fifo/core_fifo/dp_ram_ecc_inst/core_ram/rdata_reg[4]/D
 49  CDC-15  Warning   Clock enable controlled CDC structure detected      0  Asynch Clock Groups  uut_noc_top/wrap_11/RX_VC[0].rx_fifo/core_fifo/dp_ram_ecc_inst/core_ram/mem_reg_0_15_0_5/RAMC_D1/CLK                                                                                                             uut_noc_top/wrap_11/RX_VC[0].rx_fifo/core_fifo/dp_ram_ecc_inst/core_ram/rdata_reg[5]/D
 50  CDC-15  Warning   Clock enable controlled CDC structure detected      0  Asynch Clock Groups  uut_noc_top/wrap_11/RX_VC[0].rx_fifo/core_fifo/dp_ram_ecc_inst/core_ram/mem_reg_0_15_6_11/RAMA/CLK                                                                                                               uut_noc_top/wrap_11/RX_VC[0].rx_fifo/core_fifo/dp_ram_ecc_inst/core_ram/rdata_reg[6]/D
 51  CDC-15  Warning   Clock enable controlled CDC structure detected      0  Asynch Clock Groups  uut_noc_top/wrap_11/RX_VC[0].rx_fifo/core_fifo/dp_ram_ecc_inst/core_ram/mem_reg_0_15_6_11/RAMA_D1/CLK                                                                                                            uut_noc_top/wrap_11/RX_VC[0].rx_fifo/core_fifo/dp_ram_ecc_inst/core_ram/rdata_reg[7]/D
 52  CDC-15  Warning   Clock enable controlled CDC structure detected      0  Asynch Clock Groups  uut_noc_top/wrap_11/RX_VC[0].rx_fifo/core_fifo/dp_ram_ecc_inst/core_ram/mem_reg_0_15_6_11/RAMB/CLK                                                                                                               uut_noc_top/wrap_11/RX_VC[0].rx_fifo/core_fifo/dp_ram_ecc_inst/core_ram/rdata_reg[8]/D
 53  CDC-15  Warning   Clock enable controlled CDC structure detected      0  Asynch Clock Groups  uut_noc_top/wrap_11/RX_VC[0].rx_fifo/core_fifo/dp_ram_ecc_inst/core_ram/mem_reg_0_15_6_11/RAMB_D1/CLK                                                                                                            uut_noc_top/wrap_11/RX_VC[0].rx_fifo/core_fifo/dp_ram_ecc_inst/core_ram/rdata_reg[9]/D
 54  CDC-15  Warning   Clock enable controlled CDC structure detected      0  Asynch Clock Groups  uut_noc_top/wrap_11/RX_VC[0].rx_fifo/core_fifo/dp_ram_ecc_inst/core_ram/mem_reg_0_15_6_11/RAMC/CLK                                                                                                               uut_noc_top/wrap_11/RX_VC[0].rx_fifo/core_fifo/dp_ram_ecc_inst/core_ram/rdata_reg[10]/D
 55  CDC-15  Warning   Clock enable controlled CDC structure detected      0  Asynch Clock Groups  uut_noc_top/wrap_11/RX_VC[0].rx_fifo/core_fifo/dp_ram_ecc_inst/core_ram/mem_reg_0_15_6_11/RAMC_D1/CLK                                                                                                            uut_noc_top/wrap_11/RX_VC[0].rx_fifo/core_fifo/dp_ram_ecc_inst/core_ram/rdata_reg[11]/D
 56  CDC-15  Warning   Clock enable controlled CDC structure detected      0  Asynch Clock Groups  uut_noc_top/wrap_11/RX_VC[0].rx_fifo/core_fifo/dp_ram_ecc_inst/core_ram/mem_reg_0_15_12_12/RAMA/CLK                                                                                                              uut_noc_top/wrap_11/RX_VC[0].rx_fifo/core_fifo/dp_ram_ecc_inst/core_ram/rdata_reg[12]/D
 57  CDC-6   Warning   Multi-bit synchronized with ASYNC_REG property      2  Asynch Clock Groups  uut_noc_top/wrap_11/RX_VC[0].rx_fifo/core_fifo/w_cnt/ptr_g_reg[4:0]/C                                                                                                                                            uut_noc_top/wrap_11/RX_VC[0].rx_fifo/core_fifo/sync_w2r/q1_reg[4:0]/D
 58  CDC-15  Warning   Clock enable controlled CDC structure detected      0  Asynch Clock Groups  uut_noc_top/wrap_11/RX_VC[1].rx_fifo/core_fifo/dp_ram_ecc_inst/core_ram/mem_reg_0_15_12_12/RAMB/CLK                                                                                                              uut_noc_top/wrap_11/RX_VC[1].rx_fifo/core_fifo/GEN_CTRL_RAM.dp_ram_ctrl_inst/rdata_reg[0]/D
 59  CDC-15  Warning   Clock enable controlled CDC structure detected      0  Asynch Clock Groups  uut_noc_top/wrap_11/RX_VC[1].rx_fifo/core_fifo/dp_ram_ecc_inst/core_ram/mem_reg_0_15_12_12/RAMB_D1/CLK                                                                                                           uut_noc_top/wrap_11/RX_VC[1].rx_fifo/core_fifo/GEN_CTRL_RAM.dp_ram_ctrl_inst/rdata_reg[1]/D
 60  CDC-15  Warning   Clock enable controlled CDC structure detected      0  Asynch Clock Groups  uut_noc_top/wrap_11/RX_VC[1].rx_fifo/core_fifo/dp_ram_ecc_inst/core_ram/mem_reg_0_15_12_12/RAMC/CLK                                                                                                              uut_noc_top/wrap_11/RX_VC[1].rx_fifo/core_fifo/GEN_CTRL_RAM.dp_ram_ctrl_inst/rdata_reg[2]/D
 61  CDC-15  Warning   Clock enable controlled CDC structure detected      0  Asynch Clock Groups  uut_noc_top/wrap_11/RX_VC[1].rx_fifo/core_fifo/dp_ram_ecc_inst/core_ram/mem_reg_0_15_12_12/RAMC_D1/CLK                                                                                                           uut_noc_top/wrap_11/RX_VC[1].rx_fifo/core_fifo/GEN_CTRL_RAM.dp_ram_ctrl_inst/rdata_reg[3]/D
 62  CDC-15  Warning   Clock enable controlled CDC structure detected      0  Asynch Clock Groups  uut_noc_top/wrap_11/RX_VC[1].rx_fifo/core_fifo/dp_ram_ecc_inst/core_ram/mem_reg_0_15_0_5/RAMA/CLK                                                                                                                uut_noc_top/wrap_11/RX_VC[1].rx_fifo/core_fifo/dp_ram_ecc_inst/core_ram/rdata_reg[0]/D
 63  CDC-15  Warning   Clock enable controlled CDC structure detected      0  Asynch Clock Groups  uut_noc_top/wrap_11/RX_VC[1].rx_fifo/core_fifo/dp_ram_ecc_inst/core_ram/mem_reg_0_15_0_5/RAMA_D1/CLK                                                                                                             uut_noc_top/wrap_11/RX_VC[1].rx_fifo/core_fifo/dp_ram_ecc_inst/core_ram/rdata_reg[1]/D
 64  CDC-15  Warning   Clock enable controlled CDC structure detected      0  Asynch Clock Groups  uut_noc_top/wrap_11/RX_VC[1].rx_fifo/core_fifo/dp_ram_ecc_inst/core_ram/mem_reg_0_15_0_5/RAMB/CLK                                                                                                                uut_noc_top/wrap_11/RX_VC[1].rx_fifo/core_fifo/dp_ram_ecc_inst/core_ram/rdata_reg[2]/D
 65  CDC-15  Warning   Clock enable controlled CDC structure detected      0  Asynch Clock Groups  uut_noc_top/wrap_11/RX_VC[1].rx_fifo/core_fifo/dp_ram_ecc_inst/core_ram/mem_reg_0_15_0_5/RAMB_D1/CLK                                                                                                             uut_noc_top/wrap_11/RX_VC[1].rx_fifo/core_fifo/dp_ram_ecc_inst/core_ram/rdata_reg[3]/D
 66  CDC-15  Warning   Clock enable controlled CDC structure detected      0  Asynch Clock Groups  uut_noc_top/wrap_11/RX_VC[1].rx_fifo/core_fifo/dp_ram_ecc_inst/core_ram/mem_reg_0_15_0_5/RAMC/CLK                                                                                                                uut_noc_top/wrap_11/RX_VC[1].rx_fifo/core_fifo/dp_ram_ecc_inst/core_ram/rdata_reg[4]/D
 67  CDC-15  Warning   Clock enable controlled CDC structure detected      0  Asynch Clock Groups  uut_noc_top/wrap_11/RX_VC[1].rx_fifo/core_fifo/dp_ram_ecc_inst/core_ram/mem_reg_0_15_0_5/RAMC_D1/CLK                                                                                                             uut_noc_top/wrap_11/RX_VC[1].rx_fifo/core_fifo/dp_ram_ecc_inst/core_ram/rdata_reg[5]/D
 68  CDC-15  Warning   Clock enable controlled CDC structure detected      0  Asynch Clock Groups  uut_noc_top/wrap_11/RX_VC[1].rx_fifo/core_fifo/dp_ram_ecc_inst/core_ram/mem_reg_0_15_6_11/RAMA/CLK                                                                                                               uut_noc_top/wrap_11/RX_VC[1].rx_fifo/core_fifo/dp_ram_ecc_inst/core_ram/rdata_reg[6]/D
 69  CDC-15  Warning   Clock enable controlled CDC structure detected      0  Asynch Clock Groups  uut_noc_top/wrap_11/RX_VC[1].rx_fifo/core_fifo/dp_ram_ecc_inst/core_ram/mem_reg_0_15_6_11/RAMA_D1/CLK                                                                                                            uut_noc_top/wrap_11/RX_VC[1].rx_fifo/core_fifo/dp_ram_ecc_inst/core_ram/rdata_reg[7]/D
 70  CDC-15  Warning   Clock enable controlled CDC structure detected      0  Asynch Clock Groups  uut_noc_top/wrap_11/RX_VC[1].rx_fifo/core_fifo/dp_ram_ecc_inst/core_ram/mem_reg_0_15_6_11/RAMB/CLK                                                                                                               uut_noc_top/wrap_11/RX_VC[1].rx_fifo/core_fifo/dp_ram_ecc_inst/core_ram/rdata_reg[8]/D
 71  CDC-15  Warning   Clock enable controlled CDC structure detected      0  Asynch Clock Groups  uut_noc_top/wrap_11/RX_VC[1].rx_fifo/core_fifo/dp_ram_ecc_inst/core_ram/mem_reg_0_15_6_11/RAMB_D1/CLK                                                                                                            uut_noc_top/wrap_11/RX_VC[1].rx_fifo/core_fifo/dp_ram_ecc_inst/core_ram/rdata_reg[9]/D
 72  CDC-15  Warning   Clock enable controlled CDC structure detected      0  Asynch Clock Groups  uut_noc_top/wrap_11/RX_VC[1].rx_fifo/core_fifo/dp_ram_ecc_inst/core_ram/mem_reg_0_15_6_11/RAMC/CLK                                                                                                               uut_noc_top/wrap_11/RX_VC[1].rx_fifo/core_fifo/dp_ram_ecc_inst/core_ram/rdata_reg[10]/D
 73  CDC-15  Warning   Clock enable controlled CDC structure detected      0  Asynch Clock Groups  uut_noc_top/wrap_11/RX_VC[1].rx_fifo/core_fifo/dp_ram_ecc_inst/core_ram/mem_reg_0_15_6_11/RAMC_D1/CLK                                                                                                            uut_noc_top/wrap_11/RX_VC[1].rx_fifo/core_fifo/dp_ram_ecc_inst/core_ram/rdata_reg[11]/D
 74  CDC-15  Warning   Clock enable controlled CDC structure detected      0  Asynch Clock Groups  uut_noc_top/wrap_11/RX_VC[1].rx_fifo/core_fifo/dp_ram_ecc_inst/core_ram/mem_reg_0_15_12_12/RAMA/CLK                                                                                                              uut_noc_top/wrap_11/RX_VC[1].rx_fifo/core_fifo/dp_ram_ecc_inst/core_ram/rdata_reg[12]/D
 75  CDC-6   Warning   Multi-bit synchronized with ASYNC_REG property      2  Asynch Clock Groups  uut_noc_top/wrap_11/RX_VC[1].rx_fifo/core_fifo/w_cnt/ptr_g_reg[4:0]/C                                                                                                                                            uut_noc_top/wrap_11/RX_VC[1].rx_fifo/core_fifo/sync_w2r/q1_reg[4:0]/D
 76  CDC-6   Warning   Multi-bit synchronized with ASYNC_REG property      2  Asynch Clock Groups  uut_noc_top/wrap_11/TX_VC[0].tx_fifo/core_fifo/r_cnt/ptr_g_reg[4:0]/C                                                                                                                                            uut_noc_top/wrap_11/TX_VC[0].tx_fifo/core_fifo/sync_r2w/q1_reg[4:0]/D
 77  CDC-6   Warning   Multi-bit synchronized with ASYNC_REG property      2  Asynch Clock Groups  uut_noc_top/wrap_11/TX_VC[1].tx_fifo/core_fifo/r_cnt/ptr_g_reg[4:0]/C                                                                                                                                            uut_noc_top/wrap_11/TX_VC[1].tx_fifo/core_fifo/sync_r2w/q1_reg[4:0]/D

Source Clock: clk_out1_clk_wiz_0
Destination Clock: dbg_hub/inst/BSCANID.u_xsdbm_id/SWITCH_N_EXT_BSCAN.bscan_inst/SERIES7_BSCAN.bscan_inst/TCK
CDC Type: No Common Primary Clock

Row  ID     Severity  Description                                              Depth  Exception   Source (From)                                                                                  Destination (To)
---  -----  --------  -------------------------------------------------------  -----  ----------  ---------------------------------------------------------------------------------------------  -------------------------------------------------------------------------------------------------------------------------------------------------------------------------------------------------------------------
  1  CDC-9  Info      Asynchronous reset synchronized with ASYNC_REG property      2  False Path  dbg_hub/inst/BSCANID.u_xsdbm_id/CORE_XSDB.UUT_MASTER/U_ICON_INTERFACE/rddata_rst_reg/C         dbg_hub/inst/BSCANID.u_xsdbm_id/CORE_XSDB.UUT_MASTER/U_ICON_INTERFACE/U_CMD6_RD/U_RD_FIFO/SUBCORE_FIFO.xsdbm_v3_0_5_rdfifo_inst/inst_fifo_gen/gconvfifo.rf/grf.rf/rstblk/ngwrdrst.grst.g7serrst.rst_rd_reg1_reg/PRE
  2  CDC-3  Info      1-bit synchronized with ASYNC_REG property                   2  False Path  dbg_hub/inst/BSCANID.u_xsdbm_id/CORE_XSDB.UUT_MASTER/U_ICON_INTERFACE/U_CMD1/ctl_reg_reg[0]/C  dbg_hub/inst/BSCANID.u_xsdbm_id/CORE_XSDB.UUT_MASTER/U_ICON_INTERFACE/ma_rst_1_reg/D

