Sample in Buffer,Sample in Window,TRIGGER,uut_noc_top/mon_active_cnt[31:0],uut_noc_top/mon_rx_stall_cnt[31:0],uut_noc_top/mon_stall_cnt[31:0],uut_noc_top/mon_rx_pkt_cnt[31:0],uut_noc_top/mon_pkt_cnt[31:0],uut_noc_top/mon_flit_cnt[31:0],uut_noc_top/mon_rx_flit_cnt[31:0],uut_noc_top/mon_rx_active_cnt[31:0],u_stress/agent_00/rx_tdest_dbg[3:0],u_stress/agent_00/tx_stall_cnt[31:0],u_stress/agent_00/tx_flit_cnt[31:0],u_stress/agent_00/rx_vc0_cnt[31:0],u_stress/agent_00/state_dbg[1:0],u_stress/agent_00/rx_err_cnt[31:0],u_stress/agent_00/rx_vc1_cnt[31:0],u_stress/agent_00/test_done
Radix - UNSIGNED,UNSIGNED,UNSIGNED,HEX,HEX,HEX,HEX,HEX,HEX,HEX,HEX,HEX,HEX,HEX,HEX,HEX,HEX,HEX,HEX
0,0,0,719994f2,00000000,00000000,000f5c32,00000000,00000000,00f5c326,719994f2,0,00000000,00000000,00ccd8eb,3,00000000,00000000,1
1,1,0,719994f3,00000000,00000000,000f5c32,00000000,00000000,00f5c326,719994f3,0,00000000,00000000,00ccd8eb,3,00000000,00000000,1
2,2,0,719994f4,00000000,00000000,000f5c32,00000000,00000000,00f5c326,719994f4,0,00000000,00000000,00ccd8eb,3,00000000,00000000,1
3,3,0,719994f5,00000000,00000000,000f5c32,00000000,00000000,00f5c326,719994f5,0,00000000,00000000,00ccd8eb,3,00000000,00000000,1
4,4,0,719994f6,00000000,00000000,000f5c32,00000000,00000000,00f5c326,719994f6,0,00000000,00000000,00ccd8eb,3,00000000,00000000,1
5,5,0,719994f7,00000000,00000000,000f5c32,00000000,00000000,00f5c326,719994f7,0,00000000,00000000,00ccd8eb,3,00000000,00000000,1
6,6,0,719994f8,00000000,00000000,000f5c32,00000000,00000000,00f5c326,719994f8,0,00000000,00000000,00ccd8eb,3,00000000,00000000,1
7,7,0,719994f9,00000000,00000000,000f5c32,00000000,00000000,00f5c326,719994f9,0,00000000,00000000,00ccd8eb,3,00000000,00000000,1
8,8,0,719994fa,00000000,00000000,000f5c32,00000000,00000000,00f5c326,719994fa,0,00000000,00000000,00ccd8eb,3,00000000,00000000,1
9,9,0,719994fb,00000000,00000000,000f5c32,00000000,00000000,00f5c326,719994fb,0,00000000,00000000,00ccd8eb,3,00000000,00000000,1
10,10,0,719994fc,00000000,00000000,000f5c32,00000000,00000000,00f5c326,719994fc,0,00000000,00000000,00ccd8eb,3,00000000,00000000,1
11,11,0,719994fd,00000000,00000000,000f5c32,00000000,00000000,00f5c326,719994fd,0,00000000,00000000,00ccd8eb,3,00000000,00000000,1
12,12,0,719994fe,00000000,00000000,000f5c32,00000000,00000000,00f5c326,719994fe,0,00000000,00000000,00ccd8eb,3,00000000,00000000,1
13,13,0,719994ff,00000000,00000000,000f5c32,00000000,00000000,00f5c326,719994ff,0,00000000,00000000,00ccd8eb,3,00000000,00000000,1
14,14,0,71999500,00000000,00000000,000f5c32,00000000,00000000,00f5c326,71999500,0,00000000,00000000,00ccd8eb,3,00000000,00000000,1
15,15,0,71999501,00000000,00000000,000f5c32,00000000,00000000,00f5c326,71999501,0,00000000,00000000,00ccd8eb,3,00000000,00000000,1
16,16,0,71999502,00000000,00000000,000f5c32,00000000,00000000,00f5c326,71999502,0,00000000,00000000,00ccd8eb,3,00000000,00000000,1
17,17,0,71999503,00000000,00000000,000f5c32,00000000,00000000,00f5c326,71999503,0,00000000,00000000,00ccd8eb,3,00000000,00000000,1
18,18,0,71999504,00000000,00000000,000f5c32,00000000,00000000,00f5c326,71999504,0,00000000,00000000,00ccd8eb,3,00000000,00000000,1
19,19,0,71999505,00000000,00000000,000f5c32,00000000,00000000,00f5c326,71999505,0,00000000,00000000,00ccd8eb,3,00000000,00000000,1
20,20,0,71999506,00000000,00000000,000f5c32,00000000,00000000,00f5c326,71999506,0,00000000,00000000,00ccd8eb,3,00000000,00000000,1
21,21,0,71999507,00000000,00000000,000f5c32,00000000,00000000,00f5c326,71999507,0,00000000,00000000,00ccd8eb,3,00000000,00000000,1
22,22,0,71999508,00000000,00000000,000f5c32,00000000,00000000,00f5c326,71999508,0,00000000,00000000,00ccd8eb,3,00000000,00000000,1
23,23,0,71999509,00000000,00000000,000f5c32,00000000,00000000,00f5c326,71999509,0,00000000,00000000,00ccd8eb,3,00000000,00000000,1
24,24,0,7199950a,00000000,00000000,000f5c32,00000000,00000000,00f5c326,7199950a,0,00000000,00000000,00ccd8eb,3,00000000,00000000,1
25,25,0,7199950b,00000000,00000000,000f5c32,00000000,00000000,00f5c326,7199950b,0,00000000,00000000,00ccd8eb,3,00000000,00000000,1
26,26,0,7199950c,00000000,00000000,000f5c32,00000000,00000000,00f5c326,7199950c,0,00000000,00000000,00ccd8eb,3,00000000,00000000,1
27,27,0,7199950d,00000000,00000000,000f5c32,00000000,00000000,00f5c326,7199950d,0,00000000,00000000,00ccd8eb,3,00000000,00000000,1
28,28,0,7199950e,00000000,00000000,000f5c32,00000000,00000000,00f5c326,7199950e,0,00000000,00000000,00ccd8eb,3,00000000,00000000,1
29,29,0,7199950f,00000000,00000000,000f5c32,00000000,00000000,00f5c326,7199950f,0,00000000,00000000,00ccd8eb,3,00000000,00000000,1
30,30,0,71999510,00000000,00000000,000f5c32,00000000,00000000,00f5c326,71999510,0,00000000,00000000,00ccd8eb,3,00000000,00000000,1
31,31,0,71999511,00000000,00000000,000f5c32,00000000,00000000,00f5c326,71999511,0,00000000,00000000,00ccd8eb,3,00000000,00000000,1
32,32,0,71999512,00000000,00000000,000f5c32,00000000,00000000,00f5c326,71999512,0,00000000,00000000,00ccd8eb,3,00000000,00000000,1
33,33,0,71999513,00000000,00000000,000f5c32,00000000,00000000,00f5c326,71999513,0,00000000,00000000,00ccd8eb,3,00000000,00000000,1
34,34,0,71999514,00000000,00000000,000f5c32,00000000,00000000,00f5c326,71999514,0,00000000,00000000,00ccd8eb,3,00000000,00000000,1
35,35,0,71999515,00000000,00000000,000f5c32,00000000,00000000,00f5c326,71999515,0,00000000,00000000,00ccd8eb,3,00000000,00000000,1
36,36,0,71999516,00000000,00000000,000f5c32,00000000,00000000,00f5c326,71999516,0,00000000,00000000,00ccd8eb,3,00000000,00000000,1
37,37,0,71999517,00000000,00000000,000f5c32,00000000,00000000,00f5c326,71999517,0,00000000,00000000,00ccd8eb,3,00000000,00000000,1
38,38,0,71999518,00000000,00000000,000f5c32,00000000,00000000,00f5c326,71999518,0,00000000,00000000,00ccd8eb,3,00000000,00000000,1
39,39,0,71999519,00000000,00000000,000f5c32,00000000,00000000,00f5c326,71999519,0,00000000,00000000,00ccd8eb,3,00000000,00000000,1
40,40,0,7199951a,00000000,00000000,000f5c32,00000000,00000000,00f5c326,7199951a,0,00000000,00000000,00ccd8eb,3,00000000,00000000,1
41,41,0,7199951b,00000000,00000000,000f5c32,00000000,00000000,00f5c326,7199951b,0,00000000,00000000,00ccd8eb,3,00000000,00000000,1
42,42,0,7199951c,00000000,00000000,000f5c32,00000000,00000000,00f5c326,7199951c,0,00000000,00000000,00ccd8eb,3,00000000,00000000,1
43,43,0,7199951d,00000000,00000000,000f5c32,00000000,00000000,00f5c326,7199951d,0,00000000,00000000,00ccd8eb,3,00000000,00000000,1
44,44,0,7199951e,00000000,00000000,000f5c32,00000000,00000000,00f5c326,7199951e,0,00000000,00000000,00ccd8eb,3,00000000,00000000,1
45,45,0,7199951f,00000000,00000000,000f5c32,00000000,00000000,00f5c326,7199951f,0,00000000,00000000,00ccd8eb,3,00000000,00000000,1
46,46,0,71999520,00000000,00000000,000f5c32,00000000,00000000,00f5c326,71999520,0,00000000,00000000,00ccd8eb,3,00000000,00000000,1
47,47,0,71999521,00000000,00000000,000f5c32,00000000,00000000,00f5c326,71999521,0,00000000,00000000,00ccd8eb,3,00000000,00000000,1
48,48,0,71999522,00000000,00000000,000f5c32,00000000,00000000,00f5c326,71999522,0,00000000,00000000,00ccd8eb,3,00000000,00000000,1
49,49,0,71999523,00000000,00000000,000f5c32,00000000,00000000,00f5c326,71999523,0,00000000,00000000,00ccd8eb,3,00000000,00000000,1
50,50,0,71999524,00000000,00000000,000f5c32,00000000,00000000,00f5c326,71999524,0,00000000,00000000,00ccd8eb,3,00000000,00000000,1
51,51,0,71999525,00000000,00000000,000f5c32,00000000,00000000,00f5c326,71999525,0,00000000,00000000,00ccd8eb,3,00000000,00000000,1
52,52,0,71999526,00000000,00000000,000f5c32,00000000,00000000,00f5c326,71999526,0,00000000,00000000,00ccd8eb,3,00000000,00000000,1
53,53,0,71999527,00000000,00000000,000f5c32,00000000,00000000,00f5c326,71999527,0,00000000,00000000,00ccd8eb,3,00000000,00000000,1
54,54,0,71999528,00000000,00000000,000f5c32,00000000,00000000,00f5c326,71999528,0,00000000,00000000,00ccd8eb,3,00000000,00000000,1
55,55,0,71999529,00000000,00000000,000f5c32,00000000,00000000,00f5c326,71999529,0,00000000,00000000,00ccd8eb,3,00000000,00000000,1
56,56,0,7199952a,00000000,00000000,000f5c32,00000000,00000000,00f5c326,7199952a,0,00000000,00000000,00ccd8eb,3,00000000,00000000,1
57,57,0,7199952b,00000000,00000000,000f5c32,00000000,00000000,00f5c326,7199952b,0,00000000,00000000,00ccd8eb,3,00000000,00000000,1
58,58,0,7199952c,00000000,00000000,000f5c32,00000000,00000000,00f5c326,7199952c,0,00000000,00000000,00ccd8eb,3,00000000,00000000,1
59,59,0,7199952d,00000000,00000000,000f5c32,00000000,00000000,00f5c326,7199952d,0,00000000,00000000,00ccd8eb,3,00000000,00000000,1
60,60,0,7199952e,00000000,00000000,000f5c32,00000000,00000000,00f5c326,7199952e,0,00000000,00000000,00ccd8eb,3,00000000,00000000,1
61,61,0,7199952f,00000000,00000000,000f5c32,00000000,00000000,00f5c326,7199952f,0,00000000,00000000,00ccd8eb,3,00000000,00000000,1
62,62,0,71999530,00000000,00000000,000f5c32,00000000,00000000,00f5c326,71999530,0,00000000,00000000,00ccd8eb,3,00000000,00000000,1
63,63,0,71999531,00000000,00000000,000f5c32,00000000,00000000,00f5c326,71999531,0,00000000,00000000,00ccd8eb,3,00000000,00000000,1
64,64,0,71999532,00000000,00000000,000f5c32,00000000,00000000,00f5c326,71999532,0,00000000,00000000,00ccd8eb,3,00000000,00000000,1
65,65,0,71999533,00000000,00000000,000f5c32,00000000,00000000,00f5c326,71999533,0,00000000,00000000,00ccd8eb,3,00000000,00000000,1
66,66,0,71999534,00000000,00000000,000f5c32,00000000,00000000,00f5c326,71999534,0,00000000,00000000,00ccd8eb,3,00000000,00000000,1
67,67,0,71999535,00000000,00000000,000f5c32,00000000,00000000,00f5c326,71999535,0,00000000,00000000,00ccd8eb,3,00000000,00000000,1
68,68,0,71999536,00000000,00000000,000f5c32,00000000,00000000,00f5c326,71999536,0,00000000,00000000,00ccd8eb,3,00000000,00000000,1
69,69,0,71999537,00000000,00000000,000f5c32,00000000,00000000,00f5c326,71999537,0,00000000,00000000,00ccd8eb,3,00000000,00000000,1
70,70,0,71999538,00000000,00000000,000f5c32,00000000,00000000,00f5c326,71999538,0,00000000,00000000,00ccd8eb,3,00000000,00000000,1
71,71,0,71999539,00000000,00000000,000f5c32,00000000,00000000,00f5c326,71999539,0,00000000,00000000,00ccd8eb,3,00000000,00000000,1
72,72,0,7199953a,00000000,00000000,000f5c32,00000000,00000000,00f5c326,7199953a,0,00000000,00000000,00ccd8eb,3,00000000,00000000,1
73,73,0,7199953b,00000000,00000000,000f5c32,00000000,00000000,00f5c326,7199953b,0,00000000,00000000,00ccd8eb,3,00000000,00000000,1
74,74,0,7199953c,00000000,00000000,000f5c32,00000000,00000000,00f5c326,7199953c,0,00000000,00000000,00ccd8eb,3,00000000,00000000,1
75,75,0,7199953d,00000000,00000000,000f5c32,00000000,00000000,00f5c326,7199953d,0,00000000,00000000,00ccd8eb,3,00000000,00000000,1
76,76,0,7199953e,00000000,00000000,000f5c32,00000000,00000000,00f5c326,7199953e,0,00000000,00000000,00ccd8eb,3,00000000,00000000,1
77,77,0,7199953f,00000000,00000000,000f5c32,00000000,00000000,00f5c326,7199953f,0,00000000,00000000,00ccd8eb,3,00000000,00000000,1
78,78,0,71999540,00000000,00000000,000f5c32,00000000,00000000,00f5c326,71999540,0,00000000,00000000,00ccd8eb,3,00000000,00000000,1
79,79,0,71999541,00000000,00000000,000f5c32,00000000,00000000,00f5c326,71999541,0,00000000,00000000,00ccd8eb,3,00000000,00000000,1
80,80,0,71999542,00000000,00000000,000f5c32,00000000,00000000,00f5c326,71999542,0,00000000,00000000,00ccd8eb,3,00000000,00000000,1
81,81,0,71999543,00000000,00000000,000f5c32,00000000,00000000,00f5c326,71999543,0,00000000,00000000,00ccd8eb,3,00000000,00000000,1
82,82,0,71999544,00000000,00000000,000f5c32,00000000,00000000,00f5c326,71999544,0,00000000,00000000,00ccd8eb,3,00000000,00000000,1
83,83,0,71999545,00000000,00000000,000f5c32,00000000,00000000,00f5c326,71999545,0,00000000,00000000,00ccd8eb,3,00000000,00000000,1
84,84,0,71999546,00000000,00000000,000f5c32,00000000,00000000,00f5c326,71999546,0,00000000,00000000,00ccd8eb,3,00000000,00000000,1
85,85,0,71999547,00000000,00000000,000f5c32,00000000,00000000,00f5c326,71999547,0,00000000,00000000,00ccd8eb,3,00000000,00000000,1
86,86,0,71999548,00000000,00000000,000f5c32,00000000,00000000,00f5c326,71999548,0,00000000,00000000,00ccd8eb,3,00000000,00000000,1
87,87,0,71999549,00000000,00000000,000f5c32,00000000,00000000,00f5c326,71999549,0,00000000,00000000,00ccd8eb,3,00000000,00000000,1
88,88,0,7199954a,00000000,00000000,000f5c32,00000000,00000000,00f5c326,7199954a,0,00000000,00000000,00ccd8eb,3,00000000,00000000,1
89,89,0,7199954b,00000000,00000000,000f5c32,00000000,00000000,00f5c326,7199954b,0,00000000,00000000,00ccd8eb,3,00000000,00000000,1
90,90,0,7199954c,00000000,00000000,000f5c32,00000000,00000000,00f5c326,7199954c,0,00000000,00000000,00ccd8eb,3,00000000,00000000,1
91,91,0,7199954d,00000000,00000000,000f5c32,00000000,00000000,00f5c326,7199954d,0,00000000,00000000,00ccd8eb,3,00000000,00000000,1
92,92,0,7199954e,00000000,00000000,000f5c32,00000000,00000000,00f5c326,7199954e,0,00000000,00000000,00ccd8eb,3,00000000,00000000,1
93,93,0,7199954f,00000000,00000000,000f5c32,00000000,00000000,00f5c326,7199954f,0,00000000,00000000,00ccd8eb,3,00000000,00000000,1
94,94,0,71999550,00000000,00000000,000f5c32,00000000,00000000,00f5c326,71999550,0,00000000,00000000,00ccd8eb,3,00000000,00000000,1
95,95,0,71999551,00000000,00000000,000f5c32,00000000,00000000,00f5c326,71999551,0,00000000,00000000,00ccd8eb,3,00000000,00000000,1
96,96,0,71999552,00000000,00000000,000f5c32,00000000,00000000,00f5c326,71999552,0,00000000,00000000,00ccd8eb,3,00000000,00000000,1
97,97,0,71999553,00000000,00000000,000f5c32,00000000,00000000,00f5c326,71999553,0,00000000,00000000,00ccd8eb,3,00000000,00000000,1
98,98,0,71999554,00000000,00000000,000f5c32,00000000,00000000,00f5c326,71999554,0,00000000,00000000,00ccd8eb,3,00000000,00000000,1
99,99,0,71999555,00000000,00000000,000f5c32,00000000,00000000,00f5c326,71999555,0,00000000,00000000,00ccd8eb,3,00000000,00000000,1
100,100,0,71999556,00000000,00000000,000f5c32,00000000,00000000,00f5c326,71999556,0,00000000,00000000,00ccd8eb,3,00000000,00000000,1
101,101,0,71999557,00000000,00000000,000f5c32,00000000,00000000,00f5c326,71999557,0,00000000,00000000,00ccd8eb,3,00000000,00000000,1
102,102,0,71999558,00000000,00000000,000f5c32,00000000,00000000,00f5c326,71999558,0,00000000,00000000,00ccd8eb,3,00000000,00000000,1
103,103,0,71999559,00000000,00000000,000f5c32,00000000,00000000,00f5c326,71999559,0,00000000,00000000,00ccd8eb,3,00000000,00000000,1
104,104,0,7199955a,00000000,00000000,000f5c32,00000000,00000000,00f5c326,7199955a,0,00000000,00000000,00ccd8eb,3,00000000,00000000,1
105,105,0,7199955b,00000000,00000000,000f5c32,00000000,00000000,00f5c326,7199955b,0,00000000,00000000,00ccd8eb,3,00000000,00000000,1
106,106,0,7199955c,00000000,00000000,000f5c32,00000000,00000000,00f5c326,7199955c,0,00000000,00000000,00ccd8eb,3,00000000,00000000,1
107,107,0,7199955d,00000000,00000000,000f5c32,00000000,00000000,00f5c326,7199955d,0,00000000,00000000,00ccd8eb,3,00000000,00000000,1
108,108,0,7199955e,00000000,00000000,000f5c32,00000000,00000000,00f5c326,7199955e,0,00000000,00000000,00ccd8eb,3,00000000,00000000,1
109,109,0,7199955f,00000000,00000000,000f5c32,00000000,00000000,00f5c326,7199955f,0,00000000,00000000,00ccd8eb,3,00000000,00000000,1
110,110,0,71999560,00000000,00000000,000f5c32,00000000,00000000,00f5c326,71999560,0,00000000,00000000,00ccd8eb,3,00000000,00000000,1
111,111,0,71999561,00000000,00000000,000f5c32,00000000,00000000,00f5c326,71999561,0,00000000,00000000,00ccd8eb,3,00000000,00000000,1
112,112,0,71999562,00000000,00000000,000f5c32,00000000,00000000,00f5c326,71999562,0,00000000,00000000,00ccd8eb,3,00000000,00000000,1
113,113,0,71999563,00000000,00000000,000f5c32,00000000,00000000,00f5c326,71999563,0,00000000,00000000,00ccd8eb,3,00000000,00000000,1
114,114,0,71999564,00000000,00000000,000f5c32,00000000,00000000,00f5c326,71999564,0,00000000,00000000,00ccd8eb,3,00000000,00000000,1
115,115,0,71999565,00000000,00000000,000f5c32,00000000,00000000,00f5c326,71999565,0,00000000,00000000,00ccd8eb,3,00000000,00000000,1
116,116,0,71999566,00000000,00000000,000f5c32,00000000,00000000,00f5c326,71999566,0,00000000,00000000,00ccd8eb,3,00000000,00000000,1
117,117,0,71999567,00000000,00000000,000f5c32,00000000,00000000,00f5c326,71999567,0,00000000,00000000,00ccd8eb,3,00000000,00000000,1
118,118,0,71999568,00000000,00000000,000f5c32,00000000,00000000,00f5c326,71999568,0,00000000,00000000,00ccd8eb,3,00000000,00000000,1
119,119,0,71999569,00000000,00000000,000f5c32,00000000,00000000,00f5c326,71999569,0,00000000,00000000,00ccd8eb,3,00000000,00000000,1
120,120,0,7199956a,00000000,00000000,000f5c32,00000000,00000000,00f5c326,7199956a,0,00000000,00000000,00ccd8eb,3,00000000,00000000,1
121,121,0,7199956b,00000000,00000000,000f5c32,00000000,00000000,00f5c326,7199956b,0,00000000,00000000,00ccd8eb,3,00000000,00000000,1
122,122,0,7199956c,00000000,00000000,000f5c32,00000000,00000000,00f5c326,7199956c,0,00000000,00000000,00ccd8eb,3,00000000,00000000,1
123,123,0,7199956d,00000000,00000000,000f5c32,00000000,00000000,00f5c326,7199956d,0,00000000,00000000,00ccd8eb,3,00000000,00000000,1
124,124,0,7199956e,00000000,00000000,000f5c32,00000000,00000000,00f5c326,7199956e,0,00000000,00000000,00ccd8eb,3,00000000,00000000,1
125,125,0,7199956f,00000000,00000000,000f5c32,00000000,00000000,00f5c326,7199956f,0,00000000,00000000,00ccd8eb,3,00000000,00000000,1
126,126,0,71999570,00000000,00000000,000f5c32,00000000,00000000,00f5c326,71999570,0,00000000,00000000,00ccd8eb,3,00000000,00000000,1
127,127,0,71999571,00000000,00000000,000f5c32,00000000,00000000,00f5c326,71999571,0,00000000,00000000,00ccd8eb,3,00000000,00000000,1
128,128,0,71999572,00000000,00000000,000f5c32,00000000,00000000,00f5c326,71999572,0,00000000,00000000,00ccd8eb,3,00000000,00000000,1
129,129,0,71999573,00000000,00000000,000f5c32,00000000,00000000,00f5c326,71999573,0,00000000,00000000,00ccd8eb,3,00000000,00000000,1
130,130,0,71999574,00000000,00000000,000f5c32,00000000,00000000,00f5c326,71999574,0,00000000,00000000,00ccd8eb,3,00000000,00000000,1
131,131,0,71999575,00000000,00000000,000f5c32,00000000,00000000,00f5c326,71999575,0,00000000,00000000,00ccd8eb,3,00000000,00000000,1
132,132,0,71999576,00000000,00000000,000f5c32,00000000,00000000,00f5c326,71999576,0,00000000,00000000,00ccd8eb,3,00000000,00000000,1
133,133,0,71999577,00000000,00000000,000f5c32,00000000,00000000,00f5c326,71999577,0,00000000,00000000,00ccd8eb,3,00000000,00000000,1
134,134,0,71999578,00000000,00000000,000f5c32,00000000,00000000,00f5c326,71999578,0,00000000,00000000,00ccd8eb,3,00000000,00000000,1
135,135,0,71999579,00000000,00000000,000f5c32,00000000,00000000,00f5c326,71999579,0,00000000,00000000,00ccd8eb,3,00000000,00000000,1
136,136,0,7199957a,00000000,00000000,000f5c32,00000000,00000000,00f5c326,7199957a,0,00000000,00000000,00ccd8eb,3,00000000,00000000,1
137,137,0,7199957b,00000000,00000000,000f5c32,00000000,00000000,00f5c326,7199957b,0,00000000,00000000,00ccd8eb,3,00000000,00000000,1
138,138,0,7199957c,00000000,00000000,000f5c32,00000000,00000000,00f5c326,7199957c,0,00000000,00000000,00ccd8eb,3,00000000,00000000,1
139,139,0,7199957d,00000000,00000000,000f5c32,00000000,00000000,00f5c326,7199957d,0,00000000,00000000,00ccd8eb,3,00000000,00000000,1
140,140,0,7199957e,00000000,00000000,000f5c32,00000000,00000000,00f5c326,7199957e,0,00000000,00000000,00ccd8eb,3,00000000,00000000,1
141,141,0,7199957f,00000000,00000000,000f5c32,00000000,00000000,00f5c326,7199957f,0,00000000,00000000,00ccd8eb,3,00000000,00000000,1
142,142,0,71999580,00000000,00000000,000f5c32,00000000,00000000,00f5c326,71999580,0,00000000,00000000,00ccd8eb,3,00000000,00000000,1
143,143,0,71999581,00000000,00000000,000f5c32,00000000,00000000,00f5c326,71999581,0,00000000,00000000,00ccd8eb,3,00000000,00000000,1
144,144,0,71999582,00000000,00000000,000f5c32,00000000,00000000,00f5c326,71999582,0,00000000,00000000,00ccd8eb,3,00000000,00000000,1
145,145,0,71999583,00000000,00000000,000f5c32,00000000,00000000,00f5c326,71999583,0,00000000,00000000,00ccd8eb,3,00000000,00000000,1
146,146,0,71999584,00000000,00000000,000f5c32,00000000,00000000,00f5c326,71999584,0,00000000,00000000,00ccd8eb,3,00000000,00000000,1
147,147,0,71999585,00000000,00000000,000f5c32,00000000,00000000,00f5c326,71999585,0,00000000,00000000,00ccd8eb,3,00000000,00000000,1
148,148,0,71999586,00000000,00000000,000f5c32,00000000,00000000,00f5c326,71999586,0,00000000,00000000,00ccd8eb,3,00000000,00000000,1
149,149,0,71999587,00000000,00000000,000f5c32,00000000,00000000,00f5c326,71999587,0,00000000,00000000,00ccd8eb,3,00000000,00000000,1
150,150,0,71999588,00000000,00000000,000f5c32,00000000,00000000,00f5c326,71999588,0,00000000,00000000,00ccd8eb,3,00000000,00000000,1
151,151,0,71999589,00000000,00000000,000f5c32,00000000,00000000,00f5c326,71999589,0,00000000,00000000,00ccd8eb,3,00000000,00000000,1
152,152,0,7199958a,00000000,00000000,000f5c32,00000000,00000000,00f5c326,7199958a,0,00000000,00000000,00ccd8eb,3,00000000,00000000,1
153,153,0,7199958b,00000000,00000000,000f5c32,00000000,00000000,00f5c326,7199958b,0,00000000,00000000,00ccd8eb,3,00000000,00000000,1
154,154,0,7199958c,00000000,00000000,000f5c32,00000000,00000000,00f5c326,7199958c,0,00000000,00000000,00ccd8eb,3,00000000,00000000,1
155,155,0,7199958d,00000000,00000000,000f5c32,00000000,00000000,00f5c326,7199958d,0,00000000,00000000,00ccd8eb,3,00000000,00000000,1
156,156,0,7199958e,00000000,00000000,000f5c32,00000000,00000000,00f5c326,7199958e,0,00000000,00000000,00ccd8eb,3,00000000,00000000,1
157,157,0,7199958f,00000000,00000000,000f5c32,00000000,00000000,00f5c326,7199958f,0,00000000,00000000,00ccd8eb,3,00000000,00000000,1
158,158,0,71999590,00000000,00000000,000f5c32,00000000,00000000,00f5c326,71999590,0,00000000,00000000,00ccd8eb,3,00000000,00000000,1
159,159,0,71999591,00000000,00000000,000f5c32,00000000,00000000,00f5c326,71999591,0,00000000,00000000,00ccd8eb,3,00000000,00000000,1
160,160,0,71999592,00000000,00000000,000f5c32,00000000,00000000,00f5c326,71999592,0,00000000,00000000,00ccd8eb,3,00000000,00000000,1
161,161,0,71999593,00000000,00000000,000f5c32,00000000,00000000,00f5c326,71999593,0,00000000,00000000,00ccd8eb,3,00000000,00000000,1
162,162,0,71999594,00000000,00000000,000f5c32,00000000,00000000,00f5c326,71999594,0,00000000,00000000,00ccd8eb,3,00000000,00000000,1
163,163,0,71999595,00000000,00000000,000f5c32,00000000,00000000,00f5c326,71999595,0,00000000,00000000,00ccd8eb,3,00000000,00000000,1
164,164,0,71999596,00000000,00000000,000f5c32,00000000,00000000,00f5c326,71999596,0,00000000,00000000,00ccd8eb,3,00000000,00000000,1
165,165,0,71999597,00000000,00000000,000f5c32,00000000,00000000,00f5c326,71999597,0,00000000,00000000,00ccd8eb,3,00000000,00000000,1
166,166,0,71999598,00000000,00000000,000f5c32,00000000,00000000,00f5c326,71999598,0,00000000,00000000,00ccd8eb,3,00000000,00000000,1
167,167,0,71999599,00000000,00000000,000f5c32,00000000,00000000,00f5c326,71999599,0,00000000,00000000,00ccd8eb,3,00000000,00000000,1
168,168,0,7199959a,00000000,00000000,000f5c32,00000000,00000000,00f5c326,7199959a,0,00000000,00000000,00ccd8eb,3,00000000,00000000,1
169,169,0,7199959b,00000000,00000000,000f5c32,00000000,00000000,00f5c326,7199959b,0,00000000,00000000,00ccd8eb,3,00000000,00000000,1
170,170,0,7199959c,00000000,00000000,000f5c32,00000000,00000000,00f5c326,7199959c,0,00000000,00000000,00ccd8eb,3,00000000,00000000,1
171,171,0,7199959d,00000000,00000000,000f5c32,00000000,00000000,00f5c326,7199959d,0,00000000,00000000,00ccd8eb,3,00000000,00000000,1
172,172,0,7199959e,00000000,00000000,000f5c32,00000000,00000000,00f5c326,7199959e,0,00000000,00000000,00ccd8eb,3,00000000,00000000,1
173,173,0,7199959f,00000000,00000000,000f5c32,00000000,00000000,00f5c326,7199959f,0,00000000,00000000,00ccd8eb,3,00000000,00000000,1
174,174,0,719995a0,00000000,00000000,000f5c32,00000000,00000000,00f5c326,719995a0,0,00000000,00000000,00ccd8eb,3,00000000,00000000,1
175,175,0,719995a1,00000000,00000000,000f5c32,00000000,00000000,00f5c326,719995a1,0,00000000,00000000,00ccd8eb,3,00000000,00000000,1
176,176,0,719995a2,00000000,00000000,000f5c32,00000000,00000000,00f5c326,719995a2,0,00000000,00000000,00ccd8eb,3,00000000,00000000,1
177,177,0,719995a3,00000000,00000000,000f5c32,00000000,00000000,00f5c326,719995a3,0,00000000,00000000,00ccd8eb,3,00000000,00000000,1
178,178,0,719995a4,00000000,00000000,000f5c32,00000000,00000000,00f5c326,719995a4,0,00000000,00000000,00ccd8eb,3,00000000,00000000,1
179,179,0,719995a5,00000000,00000000,000f5c32,00000000,00000000,00f5c326,719995a5,0,00000000,00000000,00ccd8eb,3,00000000,00000000,1
180,180,0,719995a6,00000000,00000000,000f5c32,00000000,00000000,00f5c326,719995a6,0,00000000,00000000,00ccd8eb,3,00000000,00000000,1
181,181,0,719995a7,00000000,00000000,000f5c32,00000000,00000000,00f5c326,719995a7,0,00000000,00000000,00ccd8eb,3,00000000,00000000,1
182,182,0,719995a8,00000000,00000000,000f5c32,00000000,00000000,00f5c326,719995a8,0,00000000,00000000,00ccd8eb,3,00000000,00000000,1
183,183,0,719995a9,00000000,00000000,000f5c32,00000000,00000000,00f5c326,719995a9,0,00000000,00000000,00ccd8eb,3,00000000,00000000,1
184,184,0,719995aa,00000000,00000000,000f5c32,00000000,00000000,00f5c326,719995aa,0,00000000,00000000,00ccd8eb,3,00000000,00000000,1
185,185,0,719995ab,00000000,00000000,000f5c32,00000000,00000000,00f5c326,719995ab,0,00000000,00000000,00ccd8eb,3,00000000,00000000,1
186,186,0,719995ac,00000000,00000000,000f5c32,00000000,00000000,00f5c326,719995ac,0,00000000,00000000,00ccd8eb,3,00000000,00000000,1
187,187,0,719995ad,00000000,00000000,000f5c32,00000000,00000000,00f5c326,719995ad,0,00000000,00000000,00ccd8eb,3,00000000,00000000,1
188,188,0,719995ae,00000000,00000000,000f5c32,00000000,00000000,00f5c326,719995ae,0,00000000,00000000,00ccd8eb,3,00000000,00000000,1
189,189,0,719995af,00000000,00000000,000f5c32,00000000,00000000,00f5c326,719995af,0,00000000,00000000,00ccd8eb,3,00000000,00000000,1
190,190,0,719995b0,00000000,00000000,000f5c32,00000000,00000000,00f5c326,719995b0,0,00000000,00000000,00ccd8eb,3,00000000,00000000,1
191,191,0,719995b1,00000000,00000000,000f5c32,00000000,00000000,00f5c326,719995b1,0,00000000,00000000,00ccd8eb,3,00000000,00000000,1
192,192,0,719995b2,00000000,00000000,000f5c32,00000000,00000000,00f5c326,719995b2,0,00000000,00000000,00ccd8eb,3,00000000,00000000,1
193,193,0,719995b3,00000000,00000000,000f5c32,00000000,00000000,00f5c326,719995b3,0,00000000,00000000,00ccd8eb,3,00000000,00000000,1
194,194,0,719995b4,00000000,00000000,000f5c32,00000000,00000000,00f5c326,719995b4,0,00000000,00000000,00ccd8eb,3,00000000,00000000,1
195,195,0,719995b5,00000000,00000000,000f5c32,00000000,00000000,00f5c326,719995b5,0,00000000,00000000,00ccd8eb,3,00000000,00000000,1
196,196,0,719995b6,00000000,00000000,000f5c32,00000000,00000000,00f5c326,719995b6,0,00000000,00000000,00ccd8eb,3,00000000,00000000,1
197,197,0,719995b7,00000000,00000000,000f5c32,00000000,00000000,00f5c326,719995b7,0,00000000,00000000,00ccd8eb,3,00000000,00000000,1
198,198,0,719995b8,00000000,00000000,000f5c32,00000000,00000000,00f5c326,719995b8,0,00000000,00000000,00ccd8eb,3,00000000,00000000,1
199,199,0,719995b9,00000000,00000000,000f5c32,00000000,00000000,00f5c326,719995b9,0,00000000,00000000,00ccd8eb,3,00000000,00000000,1
200,200,0,719995ba,00000000,00000000,000f5c32,00000000,00000000,00f5c326,719995ba,0,00000000,00000000,00ccd8eb,3,00000000,00000000,1
201,201,0,719995bb,00000000,00000000,000f5c32,00000000,00000000,00f5c326,719995bb,0,00000000,00000000,00ccd8eb,3,00000000,00000000,1
202,202,0,719995bc,00000000,00000000,000f5c32,00000000,00000000,00f5c326,719995bc,0,00000000,00000000,00ccd8eb,3,00000000,00000000,1
203,203,0,719995bd,00000000,00000000,000f5c32,00000000,00000000,00f5c326,719995bd,0,00000000,00000000,00ccd8eb,3,00000000,00000000,1
204,204,0,719995be,00000000,00000000,000f5c32,00000000,00000000,00f5c326,719995be,0,00000000,00000000,00ccd8eb,3,00000000,00000000,1
205,205,0,719995bf,00000000,00000000,000f5c32,00000000,00000000,00f5c326,719995bf,0,00000000,00000000,00ccd8eb,3,00000000,00000000,1
206,206,0,719995c0,00000000,00000000,000f5c32,00000000,00000000,00f5c326,719995c0,0,00000000,00000000,00ccd8eb,3,00000000,00000000,1
207,207,0,719995c1,00000000,00000000,000f5c32,00000000,00000000,00f5c326,719995c1,0,00000000,00000000,00ccd8eb,3,00000000,00000000,1
208,208,0,719995c2,00000000,00000000,000f5c32,00000000,00000000,00f5c326,719995c2,0,00000000,00000000,00ccd8eb,3,00000000,00000000,1
209,209,0,719995c3,00000000,00000000,000f5c32,00000000,00000000,00f5c326,719995c3,0,00000000,00000000,00ccd8eb,3,00000000,00000000,1
210,210,0,719995c4,00000000,00000000,000f5c32,00000000,00000000,00f5c326,719995c4,0,00000000,00000000,00ccd8eb,3,00000000,00000000,1
211,211,0,719995c5,00000000,00000000,000f5c32,00000000,00000000,00f5c326,719995c5,0,00000000,00000000,00ccd8eb,3,00000000,00000000,1
212,212,0,719995c6,00000000,00000000,000f5c32,00000000,00000000,00f5c326,719995c6,0,00000000,00000000,00ccd8eb,3,00000000,00000000,1
213,213,0,719995c7,00000000,00000000,000f5c32,00000000,00000000,00f5c326,719995c7,0,00000000,00000000,00ccd8eb,3,00000000,00000000,1
214,214,0,719995c8,00000000,00000000,000f5c32,00000000,00000000,00f5c326,719995c8,0,00000000,00000000,00ccd8eb,3,00000000,00000000,1
215,215,0,719995c9,00000000,00000000,000f5c32,00000000,00000000,00f5c326,719995c9,0,00000000,00000000,00ccd8eb,3,00000000,00000000,1
216,216,0,719995ca,00000000,00000000,000f5c32,00000000,00000000,00f5c326,719995ca,0,00000000,00000000,00ccd8eb,3,00000000,00000000,1
217,217,0,719995cb,00000000,00000000,000f5c32,00000000,00000000,00f5c326,719995cb,0,00000000,00000000,00ccd8eb,3,00000000,00000000,1
218,218,0,719995cc,00000000,00000000,000f5c32,00000000,00000000,00f5c326,719995cc,0,00000000,00000000,00ccd8eb,3,00000000,00000000,1
219,219,0,719995cd,00000000,00000000,000f5c32,00000000,00000000,00f5c326,719995cd,0,00000000,00000000,00ccd8eb,3,00000000,00000000,1
220,220,0,719995ce,00000000,00000000,000f5c32,00000000,00000000,00f5c326,719995ce,0,00000000,00000000,00ccd8eb,3,00000000,00000000,1
221,221,0,719995cf,00000000,00000000,000f5c32,00000000,00000000,00f5c326,719995cf,0,00000000,00000000,00ccd8eb,3,00000000,00000000,1
222,222,0,719995d0,00000000,00000000,000f5c32,00000000,00000000,00f5c326,719995d0,0,00000000,00000000,00ccd8eb,3,00000000,00000000,1
223,223,0,719995d1,00000000,00000000,000f5c32,00000000,00000000,00f5c326,719995d1,0,00000000,00000000,00ccd8eb,3,00000000,00000000,1
224,224,0,719995d2,00000000,00000000,000f5c32,00000000,00000000,00f5c326,719995d2,0,00000000,00000000,00ccd8eb,3,00000000,00000000,1
225,225,0,719995d3,00000000,00000000,000f5c32,00000000,00000000,00f5c326,719995d3,0,00000000,00000000,00ccd8eb,3,00000000,00000000,1
226,226,0,719995d4,00000000,00000000,000f5c32,00000000,00000000,00f5c326,719995d4,0,00000000,00000000,00ccd8eb,3,00000000,00000000,1
227,227,0,719995d5,00000000,00000000,000f5c32,00000000,00000000,00f5c326,719995d5,0,00000000,00000000,00ccd8eb,3,00000000,00000000,1
228,228,0,719995d6,00000000,00000000,000f5c32,00000000,00000000,00f5c326,719995d6,0,00000000,00000000,00ccd8eb,3,00000000,00000000,1
229,229,0,719995d7,00000000,00000000,000f5c32,00000000,00000000,00f5c326,719995d7,0,00000000,00000000,00ccd8eb,3,00000000,00000000,1
230,230,0,719995d8,00000000,00000000,000f5c32,00000000,00000000,00f5c326,719995d8,0,00000000,00000000,00ccd8eb,3,00000000,00000000,1
231,231,0,719995d9,00000000,00000000,000f5c32,00000000,00000000,00f5c326,719995d9,0,00000000,00000000,00ccd8eb,3,00000000,00000000,1
232,232,0,719995da,00000000,00000000,000f5c32,00000000,00000000,00f5c326,719995da,0,00000000,00000000,00ccd8eb,3,00000000,00000000,1
233,233,0,719995db,00000000,00000000,000f5c32,00000000,00000000,00f5c326,719995db,0,00000000,00000000,00ccd8eb,3,00000000,00000000,1
234,234,0,719995dc,00000000,00000000,000f5c32,00000000,00000000,00f5c326,719995dc,0,00000000,00000000,00ccd8eb,3,00000000,00000000,1
235,235,0,719995dd,00000000,00000000,000f5c32,00000000,00000000,00f5c326,719995dd,0,00000000,00000000,00ccd8eb,3,00000000,00000000,1
236,236,0,719995de,00000000,00000000,000f5c32,00000000,00000000,00f5c326,719995de,0,00000000,00000000,00ccd8eb,3,00000000,00000000,1
237,237,0,719995df,00000000,00000000,000f5c32,00000000,00000000,00f5c326,719995df,0,00000000,00000000,00ccd8eb,3,00000000,00000000,1
238,238,0,719995e0,00000000,00000000,000f5c32,00000000,00000000,00f5c326,719995e0,0,00000000,00000000,00ccd8eb,3,00000000,00000000,1
239,239,0,719995e1,00000000,00000000,000f5c32,00000000,00000000,00f5c326,719995e1,0,00000000,00000000,00ccd8eb,3,00000000,00000000,1
240,240,0,719995e2,00000000,00000000,000f5c32,00000000,00000000,00f5c326,719995e2,0,00000000,00000000,00ccd8eb,3,00000000,00000000,1
241,241,0,719995e3,00000000,00000000,000f5c32,00000000,00000000,00f5c326,719995e3,0,00000000,00000000,00ccd8eb,3,00000000,00000000,1
242,242,0,719995e4,00000000,00000000,000f5c32,00000000,00000000,00f5c326,719995e4,0,00000000,00000000,00ccd8eb,3,00000000,00000000,1
243,243,0,719995e5,00000000,00000000,000f5c32,00000000,00000000,00f5c326,719995e5,0,00000000,00000000,00ccd8eb,3,00000000,00000000,1
244,244,0,719995e6,00000000,00000000,000f5c32,00000000,00000000,00f5c326,719995e6,0,00000000,00000000,00ccd8eb,3,00000000,00000000,1
245,245,0,719995e7,00000000,00000000,000f5c32,00000000,00000000,00f5c326,719995e7,0,00000000,00000000,00ccd8eb,3,00000000,00000000,1
246,246,0,719995e8,00000000,00000000,000f5c32,00000000,00000000,00f5c326,719995e8,0,00000000,00000000,00ccd8eb,3,00000000,00000000,1
247,247,0,719995e9,00000000,00000000,000f5c32,00000000,00000000,00f5c326,719995e9,0,00000000,00000000,00ccd8eb,3,00000000,00000000,1
248,248,0,719995ea,00000000,00000000,000f5c32,00000000,00000000,00f5c326,719995ea,0,00000000,00000000,00ccd8eb,3,00000000,00000000,1
249,249,0,719995eb,00000000,00000000,000f5c32,00000000,00000000,00f5c326,719995eb,0,00000000,00000000,00ccd8eb,3,00000000,00000000,1
250,250,0,719995ec,00000000,00000000,000f5c32,00000000,00000000,00f5c326,719995ec,0,00000000,00000000,00ccd8eb,3,00000000,00000000,1
251,251,0,719995ed,00000000,00000000,000f5c32,00000000,00000000,00f5c326,719995ed,0,00000000,00000000,00ccd8eb,3,00000000,00000000,1
252,252,0,719995ee,00000000,00000000,000f5c32,00000000,00000000,00f5c326,719995ee,0,00000000,00000000,00ccd8eb,3,00000000,00000000,1
253,253,0,719995ef,00000000,00000000,000f5c32,00000000,00000000,00f5c326,719995ef,0,00000000,00000000,00ccd8eb,3,00000000,00000000,1
254,254,0,719995f0,00000000,00000000,000f5c32,00000000,00000000,00f5c326,719995f0,0,00000000,00000000,00ccd8eb,3,00000000,00000000,1
255,255,0,719995f1,00000000,00000000,000f5c32,00000000,00000000,00f5c326,719995f1,0,00000000,00000000,00ccd8eb,3,00000000,00000000,1
256,256,0,719995f2,00000000,00000000,000f5c32,00000000,00000000,00f5c326,719995f2,0,00000000,00000000,00ccd8eb,3,00000000,00000000,1
257,257,0,719995f3,00000000,00000000,000f5c32,00000000,00000000,00f5c326,719995f3,0,00000000,00000000,00ccd8eb,3,00000000,00000000,1
258,258,0,719995f4,00000000,00000000,000f5c32,00000000,00000000,00f5c326,719995f4,0,00000000,00000000,00ccd8eb,3,00000000,00000000,1
259,259,0,719995f5,00000000,00000000,000f5c32,00000000,00000000,00f5c326,719995f5,0,00000000,00000000,00ccd8eb,3,00000000,00000000,1
260,260,0,719995f6,00000000,00000000,000f5c32,00000000,00000000,00f5c326,719995f6,0,00000000,00000000,00ccd8eb,3,00000000,00000000,1
261,261,0,719995f7,00000000,00000000,000f5c32,00000000,00000000,00f5c326,719995f7,0,00000000,00000000,00ccd8eb,3,00000000,00000000,1
262,262,0,719995f8,00000000,00000000,000f5c32,00000000,00000000,00f5c326,719995f8,0,00000000,00000000,00ccd8eb,3,00000000,00000000,1
263,263,0,719995f9,00000000,00000000,000f5c32,00000000,00000000,00f5c326,719995f9,0,00000000,00000000,00ccd8eb,3,00000000,00000000,1
264,264,0,719995fa,00000000,00000000,000f5c32,00000000,00000000,00f5c326,719995fa,0,00000000,00000000,00ccd8eb,3,00000000,00000000,1
265,265,0,719995fb,00000000,00000000,000f5c32,00000000,00000000,00f5c326,719995fb,0,00000000,00000000,00ccd8eb,3,00000000,00000000,1
266,266,0,719995fc,00000000,00000000,000f5c32,00000000,00000000,00f5c326,719995fc,0,00000000,00000000,00ccd8eb,3,00000000,00000000,1
267,267,0,719995fd,00000000,00000000,000f5c32,00000000,00000000,00f5c326,719995fd,0,00000000,00000000,00ccd8eb,3,00000000,00000000,1
268,268,0,719995fe,00000000,00000000,000f5c32,00000000,00000000,00f5c326,719995fe,0,00000000,00000000,00ccd8eb,3,00000000,00000000,1
269,269,0,719995ff,00000000,00000000,000f5c32,00000000,00000000,00f5c326,719995ff,0,00000000,00000000,00ccd8eb,3,00000000,00000000,1
270,270,0,71999600,00000000,00000000,000f5c32,00000000,00000000,00f5c326,71999600,0,00000000,00000000,00ccd8eb,3,00000000,00000000,1
271,271,0,71999601,00000000,00000000,000f5c32,00000000,00000000,00f5c326,71999601,0,00000000,00000000,00ccd8eb,3,00000000,00000000,1
272,272,0,71999602,00000000,00000000,000f5c32,00000000,00000000,00f5c326,71999602,0,00000000,00000000,00ccd8eb,3,00000000,00000000,1
273,273,0,71999603,00000000,00000000,000f5c32,00000000,00000000,00f5c326,71999603,0,00000000,00000000,00ccd8eb,3,00000000,00000000,1
274,274,0,71999604,00000000,00000000,000f5c32,00000000,00000000,00f5c326,71999604,0,00000000,00000000,00ccd8eb,3,00000000,00000000,1
275,275,0,71999605,00000000,00000000,000f5c32,00000000,00000000,00f5c326,71999605,0,00000000,00000000,00ccd8eb,3,00000000,00000000,1
276,276,0,71999606,00000000,00000000,000f5c32,00000000,00000000,00f5c326,71999606,0,00000000,00000000,00ccd8eb,3,00000000,00000000,1
277,277,0,71999607,00000000,00000000,000f5c32,00000000,00000000,00f5c326,71999607,0,00000000,00000000,00ccd8eb,3,00000000,00000000,1
278,278,0,71999608,00000000,00000000,000f5c32,00000000,00000000,00f5c326,71999608,0,00000000,00000000,00ccd8eb,3,00000000,00000000,1
279,279,0,71999609,00000000,00000000,000f5c32,00000000,00000000,00f5c326,71999609,0,00000000,00000000,00ccd8eb,3,00000000,00000000,1
280,280,0,7199960a,00000000,00000000,000f5c32,00000000,00000000,00f5c326,7199960a,0,00000000,00000000,00ccd8eb,3,00000000,00000000,1
281,281,0,7199960b,00000000,00000000,000f5c32,00000000,00000000,00f5c326,7199960b,0,00000000,00000000,00ccd8eb,3,00000000,00000000,1
282,282,0,7199960c,00000000,00000000,000f5c32,00000000,00000000,00f5c326,7199960c,0,00000000,00000000,00ccd8eb,3,00000000,00000000,1
283,283,0,7199960d,00000000,00000000,000f5c32,00000000,00000000,00f5c326,7199960d,0,00000000,00000000,00ccd8eb,3,00000000,00000000,1
284,284,0,7199960e,00000000,00000000,000f5c32,00000000,00000000,00f5c326,7199960e,0,00000000,00000000,00ccd8eb,3,00000000,00000000,1
285,285,0,7199960f,00000000,00000000,000f5c32,00000000,00000000,00f5c326,7199960f,0,00000000,00000000,00ccd8eb,3,00000000,00000000,1
286,286,0,71999610,00000000,00000000,000f5c32,00000000,00000000,00f5c326,71999610,0,00000000,00000000,00ccd8eb,3,00000000,00000000,1
287,287,0,71999611,00000000,00000000,000f5c32,00000000,00000000,00f5c326,71999611,0,00000000,00000000,00ccd8eb,3,00000000,00000000,1
288,288,0,71999612,00000000,00000000,000f5c32,00000000,00000000,00f5c326,71999612,0,00000000,00000000,00ccd8eb,3,00000000,00000000,1
289,289,0,71999613,00000000,00000000,000f5c32,00000000,00000000,00f5c326,71999613,0,00000000,00000000,00ccd8eb,3,00000000,00000000,1
290,290,0,71999614,00000000,00000000,000f5c32,00000000,00000000,00f5c326,71999614,0,00000000,00000000,00ccd8eb,3,00000000,00000000,1
291,291,0,71999615,00000000,00000000,000f5c32,00000000,00000000,00f5c326,71999615,0,00000000,00000000,00ccd8eb,3,00000000,00000000,1
292,292,0,71999616,00000000,00000000,000f5c32,00000000,00000000,00f5c326,71999616,0,00000000,00000000,00ccd8eb,3,00000000,00000000,1
293,293,0,71999617,00000000,00000000,000f5c32,00000000,00000000,00f5c326,71999617,0,00000000,00000000,00ccd8eb,3,00000000,00000000,1
294,294,0,71999618,00000000,00000000,000f5c32,00000000,00000000,00f5c326,71999618,0,00000000,00000000,00ccd8eb,3,00000000,00000000,1
295,295,0,71999619,00000000,00000000,000f5c32,00000000,00000000,00f5c326,71999619,0,00000000,00000000,00ccd8eb,3,00000000,00000000,1
296,296,0,7199961a,00000000,00000000,000f5c32,00000000,00000000,00f5c326,7199961a,0,00000000,00000000,00ccd8eb,3,00000000,00000000,1
297,297,0,7199961b,00000000,00000000,000f5c32,00000000,00000000,00f5c326,7199961b,0,00000000,00000000,00ccd8eb,3,00000000,00000000,1
298,298,0,7199961c,00000000,00000000,000f5c32,00000000,00000000,00f5c326,7199961c,0,00000000,00000000,00ccd8eb,3,00000000,00000000,1
299,299,0,7199961d,00000000,00000000,000f5c32,00000000,00000000,00f5c326,7199961d,0,00000000,00000000,00ccd8eb,3,00000000,00000000,1
300,300,0,7199961e,00000000,00000000,000f5c32,00000000,00000000,00f5c326,7199961e,0,00000000,00000000,00ccd8eb,3,00000000,00000000,1
301,301,0,7199961f,00000000,00000000,000f5c32,00000000,00000000,00f5c326,7199961f,0,00000000,00000000,00ccd8eb,3,00000000,00000000,1
302,302,0,71999620,00000000,00000000,000f5c32,00000000,00000000,00f5c326,71999620,0,00000000,00000000,00ccd8eb,3,00000000,00000000,1
303,303,0,71999621,00000000,00000000,000f5c32,00000000,00000000,00f5c326,71999621,0,00000000,00000000,00ccd8eb,3,00000000,00000000,1
304,304,0,71999622,00000000,00000000,000f5c32,00000000,00000000,00f5c326,71999622,0,00000000,00000000,00ccd8eb,3,00000000,00000000,1
305,305,0,71999623,00000000,00000000,000f5c32,00000000,00000000,00f5c326,71999623,0,00000000,00000000,00ccd8eb,3,00000000,00000000,1
306,306,0,71999624,00000000,00000000,000f5c32,00000000,00000000,00f5c326,71999624,0,00000000,00000000,00ccd8eb,3,00000000,00000000,1
307,307,0,71999625,00000000,00000000,000f5c32,00000000,00000000,00f5c326,71999625,0,00000000,00000000,00ccd8eb,3,00000000,00000000,1
308,308,0,71999626,00000000,00000000,000f5c32,00000000,00000000,00f5c326,71999626,0,00000000,00000000,00ccd8eb,3,00000000,00000000,1
309,309,0,71999627,00000000,00000000,000f5c32,00000000,00000000,00f5c326,71999627,0,00000000,00000000,00ccd8eb,3,00000000,00000000,1
310,310,0,71999628,00000000,00000000,000f5c32,00000000,00000000,00f5c326,71999628,0,00000000,00000000,00ccd8eb,3,00000000,00000000,1
311,311,0,71999629,00000000,00000000,000f5c32,00000000,00000000,00f5c326,71999629,0,00000000,00000000,00ccd8eb,3,00000000,00000000,1
312,312,0,7199962a,00000000,00000000,000f5c32,00000000,00000000,00f5c326,7199962a,0,00000000,00000000,00ccd8eb,3,00000000,00000000,1
313,313,0,7199962b,00000000,00000000,000f5c32,00000000,00000000,00f5c326,7199962b,0,00000000,00000000,00ccd8eb,3,00000000,00000000,1
314,314,0,7199962c,00000000,00000000,000f5c32,00000000,00000000,00f5c326,7199962c,0,00000000,00000000,00ccd8eb,3,00000000,00000000,1
315,315,0,7199962d,00000000,00000000,000f5c32,00000000,00000000,00f5c326,7199962d,0,00000000,00000000,00ccd8eb,3,00000000,00000000,1
316,316,0,7199962e,00000000,00000000,000f5c32,00000000,00000000,00f5c326,7199962e,0,00000000,00000000,00ccd8eb,3,00000000,00000000,1
317,317,0,7199962f,00000000,00000000,000f5c32,00000000,00000000,00f5c326,7199962f,0,00000000,00000000,00ccd8eb,3,00000000,00000000,1
318,318,0,71999630,00000000,00000000,000f5c32,00000000,00000000,00f5c326,71999630,0,00000000,00000000,00ccd8eb,3,00000000,00000000,1
319,319,0,71999631,00000000,00000000,000f5c32,00000000,00000000,00f5c326,71999631,0,00000000,00000000,00ccd8eb,3,00000000,00000000,1
320,320,0,71999632,00000000,00000000,000f5c32,00000000,00000000,00f5c326,71999632,0,00000000,00000000,00ccd8eb,3,00000000,00000000,1
321,321,0,71999633,00000000,00000000,000f5c32,00000000,00000000,00f5c326,71999633,0,00000000,00000000,00ccd8eb,3,00000000,00000000,1
322,322,0,71999634,00000000,00000000,000f5c32,00000000,00000000,00f5c326,71999634,0,00000000,00000000,00ccd8eb,3,00000000,00000000,1
323,323,0,71999635,00000000,00000000,000f5c32,00000000,00000000,00f5c326,71999635,0,00000000,00000000,00ccd8eb,3,00000000,00000000,1
324,324,0,71999636,00000000,00000000,000f5c32,00000000,00000000,00f5c326,71999636,0,00000000,00000000,00ccd8eb,3,00000000,00000000,1
325,325,0,71999637,00000000,00000000,000f5c32,00000000,00000000,00f5c326,71999637,0,00000000,00000000,00ccd8eb,3,00000000,00000000,1
326,326,0,71999638,00000000,00000000,000f5c32,00000000,00000000,00f5c326,71999638,0,00000000,00000000,00ccd8eb,3,00000000,00000000,1
327,327,0,71999639,00000000,00000000,000f5c32,00000000,00000000,00f5c326,71999639,0,00000000,00000000,00ccd8eb,3,00000000,00000000,1
328,328,0,7199963a,00000000,00000000,000f5c32,00000000,00000000,00f5c326,7199963a,0,00000000,00000000,00ccd8eb,3,00000000,00000000,1
329,329,0,7199963b,00000000,00000000,000f5c32,00000000,00000000,00f5c326,7199963b,0,00000000,00000000,00ccd8eb,3,00000000,00000000,1
330,330,0,7199963c,00000000,00000000,000f5c32,00000000,00000000,00f5c326,7199963c,0,00000000,00000000,00ccd8eb,3,00000000,00000000,1
331,331,0,7199963d,00000000,00000000,000f5c32,00000000,00000000,00f5c326,7199963d,0,00000000,00000000,00ccd8eb,3,00000000,00000000,1
332,332,0,7199963e,00000000,00000000,000f5c32,00000000,00000000,00f5c326,7199963e,0,00000000,00000000,00ccd8eb,3,00000000,00000000,1
333,333,0,7199963f,00000000,00000000,000f5c32,00000000,00000000,00f5c326,7199963f,0,00000000,00000000,00ccd8eb,3,00000000,00000000,1
334,334,0,71999640,00000000,00000000,000f5c32,00000000,00000000,00f5c326,71999640,0,00000000,00000000,00ccd8eb,3,00000000,00000000,1
335,335,0,71999641,00000000,00000000,000f5c32,00000000,00000000,00f5c326,71999641,0,00000000,00000000,00ccd8eb,3,00000000,00000000,1
336,336,0,71999642,00000000,00000000,000f5c32,00000000,00000000,00f5c326,71999642,0,00000000,00000000,00ccd8eb,3,00000000,00000000,1
337,337,0,71999643,00000000,00000000,000f5c32,00000000,00000000,00f5c326,71999643,0,00000000,00000000,00ccd8eb,3,00000000,00000000,1
338,338,0,71999644,00000000,00000000,000f5c32,00000000,00000000,00f5c326,71999644,0,00000000,00000000,00ccd8eb,3,00000000,00000000,1
339,339,0,71999645,00000000,00000000,000f5c32,00000000,00000000,00f5c326,71999645,0,00000000,00000000,00ccd8eb,3,00000000,00000000,1
340,340,0,71999646,00000000,00000000,000f5c32,00000000,00000000,00f5c326,71999646,0,00000000,00000000,00ccd8eb,3,00000000,00000000,1
341,341,0,71999647,00000000,00000000,000f5c32,00000000,00000000,00f5c326,71999647,0,00000000,00000000,00ccd8eb,3,00000000,00000000,1
342,342,0,71999648,00000000,00000000,000f5c32,00000000,00000000,00f5c326,71999648,0,00000000,00000000,00ccd8eb,3,00000000,00000000,1
343,343,0,71999649,00000000,00000000,000f5c32,00000000,00000000,00f5c326,71999649,0,00000000,00000000,00ccd8eb,3,00000000,00000000,1
344,344,0,7199964a,00000000,00000000,000f5c32,00000000,00000000,00f5c326,7199964a,0,00000000,00000000,00ccd8eb,3,00000000,00000000,1
345,345,0,7199964b,00000000,00000000,000f5c32,00000000,00000000,00f5c326,7199964b,0,00000000,00000000,00ccd8eb,3,00000000,00000000,1
346,346,0,7199964c,00000000,00000000,000f5c32,00000000,00000000,00f5c326,7199964c,0,00000000,00000000,00ccd8eb,3,00000000,00000000,1
347,347,0,7199964d,00000000,00000000,000f5c32,00000000,00000000,00f5c326,7199964d,0,00000000,00000000,00ccd8eb,3,00000000,00000000,1
348,348,0,7199964e,00000000,00000000,000f5c32,00000000,00000000,00f5c326,7199964e,0,00000000,00000000,00ccd8eb,3,00000000,00000000,1
349,349,0,7199964f,00000000,00000000,000f5c32,00000000,00000000,00f5c326,7199964f,0,00000000,00000000,00ccd8eb,3,00000000,00000000,1
350,350,0,71999650,00000000,00000000,000f5c32,00000000,00000000,00f5c326,71999650,0,00000000,00000000,00ccd8eb,3,00000000,00000000,1
351,351,0,71999651,00000000,00000000,000f5c32,00000000,00000000,00f5c326,71999651,0,00000000,00000000,00ccd8eb,3,00000000,00000000,1
352,352,0,71999652,00000000,00000000,000f5c32,00000000,00000000,00f5c326,71999652,0,00000000,00000000,00ccd8eb,3,00000000,00000000,1
353,353,0,71999653,00000000,00000000,000f5c32,00000000,00000000,00f5c326,71999653,0,00000000,00000000,00ccd8eb,3,00000000,00000000,1
354,354,0,71999654,00000000,00000000,000f5c32,00000000,00000000,00f5c326,71999654,0,00000000,00000000,00ccd8eb,3,00000000,00000000,1
355,355,0,71999655,00000000,00000000,000f5c32,00000000,00000000,00f5c326,71999655,0,00000000,00000000,00ccd8eb,3,00000000,00000000,1
356,356,0,71999656,00000000,00000000,000f5c32,00000000,00000000,00f5c326,71999656,0,00000000,00000000,00ccd8eb,3,00000000,00000000,1
357,357,0,71999657,00000000,00000000,000f5c32,00000000,00000000,00f5c326,71999657,0,00000000,00000000,00ccd8eb,3,00000000,00000000,1
358,358,0,71999658,00000000,00000000,000f5c32,00000000,00000000,00f5c326,71999658,0,00000000,00000000,00ccd8eb,3,00000000,00000000,1
359,359,0,71999659,00000000,00000000,000f5c32,00000000,00000000,00f5c326,71999659,0,00000000,00000000,00ccd8eb,3,00000000,00000000,1
360,360,0,7199965a,00000000,00000000,000f5c32,00000000,00000000,00f5c326,7199965a,0,00000000,00000000,00ccd8eb,3,00000000,00000000,1
361,361,0,7199965b,00000000,00000000,000f5c32,00000000,00000000,00f5c326,7199965b,0,00000000,00000000,00ccd8eb,3,00000000,00000000,1
362,362,0,7199965c,00000000,00000000,000f5c32,00000000,00000000,00f5c326,7199965c,0,00000000,00000000,00ccd8eb,3,00000000,00000000,1
363,363,0,7199965d,00000000,00000000,000f5c32,00000000,00000000,00f5c326,7199965d,0,00000000,00000000,00ccd8eb,3,00000000,00000000,1
364,364,0,7199965e,00000000,00000000,000f5c32,00000000,00000000,00f5c326,7199965e,0,00000000,00000000,00ccd8eb,3,00000000,00000000,1
365,365,0,7199965f,00000000,00000000,000f5c32,00000000,00000000,00f5c326,7199965f,0,00000000,00000000,00ccd8eb,3,00000000,00000000,1
366,366,0,71999660,00000000,00000000,000f5c32,00000000,00000000,00f5c326,71999660,0,00000000,00000000,00ccd8eb,3,00000000,00000000,1
367,367,0,71999661,00000000,00000000,000f5c32,00000000,00000000,00f5c326,71999661,0,00000000,00000000,00ccd8eb,3,00000000,00000000,1
368,368,0,71999662,00000000,00000000,000f5c32,00000000,00000000,00f5c326,71999662,0,00000000,00000000,00ccd8eb,3,00000000,00000000,1
369,369,0,71999663,00000000,00000000,000f5c32,00000000,00000000,00f5c326,71999663,0,00000000,00000000,00ccd8eb,3,00000000,00000000,1
370,370,0,71999664,00000000,00000000,000f5c32,00000000,00000000,00f5c326,71999664,0,00000000,00000000,00ccd8eb,3,00000000,00000000,1
371,371,0,71999665,00000000,00000000,000f5c32,00000000,00000000,00f5c326,71999665,0,00000000,00000000,00ccd8eb,3,00000000,00000000,1
372,372,0,71999666,00000000,00000000,000f5c32,00000000,00000000,00f5c326,71999666,0,00000000,00000000,00ccd8eb,3,00000000,00000000,1
373,373,0,71999667,00000000,00000000,000f5c32,00000000,00000000,00f5c326,71999667,0,00000000,00000000,00ccd8eb,3,00000000,00000000,1
374,374,0,71999668,00000000,00000000,000f5c32,00000000,00000000,00f5c326,71999668,0,00000000,00000000,00ccd8eb,3,00000000,00000000,1
375,375,0,71999669,00000000,00000000,000f5c32,00000000,00000000,00f5c326,71999669,0,00000000,00000000,00ccd8eb,3,00000000,00000000,1
376,376,0,7199966a,00000000,00000000,000f5c32,00000000,00000000,00f5c326,7199966a,0,00000000,00000000,00ccd8eb,3,00000000,00000000,1
377,377,0,7199966b,00000000,00000000,000f5c32,00000000,00000000,00f5c326,7199966b,0,00000000,00000000,00ccd8eb,3,00000000,00000000,1
378,378,0,7199966c,00000000,00000000,000f5c32,00000000,00000000,00f5c326,7199966c,0,00000000,00000000,00ccd8eb,3,00000000,00000000,1
379,379,0,7199966d,00000000,00000000,000f5c32,00000000,00000000,00f5c326,7199966d,0,00000000,00000000,00ccd8eb,3,00000000,00000000,1
380,380,0,7199966e,00000000,00000000,000f5c32,00000000,00000000,00f5c326,7199966e,0,00000000,00000000,00ccd8eb,3,00000000,00000000,1
381,381,0,7199966f,00000000,00000000,000f5c32,00000000,00000000,00f5c326,7199966f,0,00000000,00000000,00ccd8eb,3,00000000,00000000,1
382,382,0,71999670,00000000,00000000,000f5c32,00000000,00000000,00f5c326,71999670,0,00000000,00000000,00ccd8eb,3,00000000,00000000,1
383,383,0,71999671,00000000,00000000,000f5c32,00000000,00000000,00f5c326,71999671,0,00000000,00000000,00ccd8eb,3,00000000,00000000,1
384,384,0,71999672,00000000,00000000,000f5c32,00000000,00000000,00f5c326,71999672,0,00000000,00000000,00ccd8eb,3,00000000,00000000,1
385,385,0,71999673,00000000,00000000,000f5c32,00000000,00000000,00f5c326,71999673,0,00000000,00000000,00ccd8eb,3,00000000,00000000,1
386,386,0,71999674,00000000,00000000,000f5c32,00000000,00000000,00f5c326,71999674,0,00000000,00000000,00ccd8eb,3,00000000,00000000,1
387,387,0,71999675,00000000,00000000,000f5c32,00000000,00000000,00f5c326,71999675,0,00000000,00000000,00ccd8eb,3,00000000,00000000,1
388,388,0,71999676,00000000,00000000,000f5c32,00000000,00000000,00f5c326,71999676,0,00000000,00000000,00ccd8eb,3,00000000,00000000,1
389,389,0,71999677,00000000,00000000,000f5c32,00000000,00000000,00f5c326,71999677,0,00000000,00000000,00ccd8eb,3,00000000,00000000,1
390,390,0,71999678,00000000,00000000,000f5c32,00000000,00000000,00f5c326,71999678,0,00000000,00000000,00ccd8eb,3,00000000,00000000,1
391,391,0,71999679,00000000,00000000,000f5c32,00000000,00000000,00f5c326,71999679,0,00000000,00000000,00ccd8eb,3,00000000,00000000,1
392,392,0,7199967a,00000000,00000000,000f5c32,00000000,00000000,00f5c326,7199967a,0,00000000,00000000,00ccd8eb,3,00000000,00000000,1
393,393,0,7199967b,00000000,00000000,000f5c32,00000000,00000000,00f5c326,7199967b,0,00000000,00000000,00ccd8eb,3,00000000,00000000,1
394,394,0,7199967c,00000000,00000000,000f5c32,00000000,00000000,00f5c326,7199967c,0,00000000,00000000,00ccd8eb,3,00000000,00000000,1
395,395,0,7199967d,00000000,00000000,000f5c32,00000000,00000000,00f5c326,7199967d,0,00000000,00000000,00ccd8eb,3,00000000,00000000,1
396,396,0,7199967e,00000000,00000000,000f5c32,00000000,00000000,00f5c326,7199967e,0,00000000,00000000,00ccd8eb,3,00000000,00000000,1
397,397,0,7199967f,00000000,00000000,000f5c32,00000000,00000000,00f5c326,7199967f,0,00000000,00000000,00ccd8eb,3,00000000,00000000,1
398,398,0,71999680,00000000,00000000,000f5c32,00000000,00000000,00f5c326,71999680,0,00000000,00000000,00ccd8eb,3,00000000,00000000,1
399,399,0,71999681,00000000,00000000,000f5c32,00000000,00000000,00f5c326,71999681,0,00000000,00000000,00ccd8eb,3,00000000,00000000,1
400,400,0,71999682,00000000,00000000,000f5c32,00000000,00000000,00f5c326,71999682,0,00000000,00000000,00ccd8eb,3,00000000,00000000,1
401,401,0,71999683,00000000,00000000,000f5c32,00000000,00000000,00f5c326,71999683,0,00000000,00000000,00ccd8eb,3,00000000,00000000,1
402,402,0,71999684,00000000,00000000,000f5c32,00000000,00000000,00f5c326,71999684,0,00000000,00000000,00ccd8eb,3,00000000,00000000,1
403,403,0,71999685,00000000,00000000,000f5c32,00000000,00000000,00f5c326,71999685,0,00000000,00000000,00ccd8eb,3,00000000,00000000,1
404,404,0,71999686,00000000,00000000,000f5c32,00000000,00000000,00f5c326,71999686,0,00000000,00000000,00ccd8eb,3,00000000,00000000,1
405,405,0,71999687,00000000,00000000,000f5c32,00000000,00000000,00f5c326,71999687,0,00000000,00000000,00ccd8eb,3,00000000,00000000,1
406,406,0,71999688,00000000,00000000,000f5c32,00000000,00000000,00f5c326,71999688,0,00000000,00000000,00ccd8eb,3,00000000,00000000,1
407,407,0,71999689,00000000,00000000,000f5c32,00000000,00000000,00f5c326,71999689,0,00000000,00000000,00ccd8eb,3,00000000,00000000,1
408,408,0,7199968a,00000000,00000000,000f5c32,00000000,00000000,00f5c326,7199968a,0,00000000,00000000,00ccd8eb,3,00000000,00000000,1
409,409,0,7199968b,00000000,00000000,000f5c32,00000000,00000000,00f5c326,7199968b,0,00000000,00000000,00ccd8eb,3,00000000,00000000,1
410,410,0,7199968c,00000000,00000000,000f5c32,00000000,00000000,00f5c326,7199968c,0,00000000,00000000,00ccd8eb,3,00000000,00000000,1
411,411,0,7199968d,00000000,00000000,000f5c32,00000000,00000000,00f5c326,7199968d,0,00000000,00000000,00ccd8eb,3,00000000,00000000,1
412,412,0,7199968e,00000000,00000000,000f5c32,00000000,00000000,00f5c326,7199968e,0,00000000,00000000,00ccd8eb,3,00000000,00000000,1
413,413,0,7199968f,00000000,00000000,000f5c32,00000000,00000000,00f5c326,7199968f,0,00000000,00000000,00ccd8eb,3,00000000,00000000,1
414,414,0,71999690,00000000,00000000,000f5c32,00000000,00000000,00f5c326,71999690,0,00000000,00000000,00ccd8eb,3,00000000,00000000,1
415,415,0,71999691,00000000,00000000,000f5c32,00000000,00000000,00f5c326,71999691,0,00000000,00000000,00ccd8eb,3,00000000,00000000,1
416,416,0,71999692,00000000,00000000,000f5c32,00000000,00000000,00f5c326,71999692,0,00000000,00000000,00ccd8eb,3,00000000,00000000,1
417,417,0,71999693,00000000,00000000,000f5c32,00000000,00000000,00f5c326,71999693,0,00000000,00000000,00ccd8eb,3,00000000,00000000,1
418,418,0,71999694,00000000,00000000,000f5c32,00000000,00000000,00f5c326,71999694,0,00000000,00000000,00ccd8eb,3,00000000,00000000,1
419,419,0,71999695,00000000,00000000,000f5c32,00000000,00000000,00f5c326,71999695,0,00000000,00000000,00ccd8eb,3,00000000,00000000,1
420,420,0,71999696,00000000,00000000,000f5c32,00000000,00000000,00f5c326,71999696,0,00000000,00000000,00ccd8eb,3,00000000,00000000,1
421,421,0,71999697,00000000,00000000,000f5c32,00000000,00000000,00f5c326,71999697,0,00000000,00000000,00ccd8eb,3,00000000,00000000,1
422,422,0,71999698,00000000,00000000,000f5c32,00000000,00000000,00f5c326,71999698,0,00000000,00000000,00ccd8eb,3,00000000,00000000,1
423,423,0,71999699,00000000,00000000,000f5c32,00000000,00000000,00f5c326,71999699,0,00000000,00000000,00ccd8eb,3,00000000,00000000,1
424,424,0,7199969a,00000000,00000000,000f5c32,00000000,00000000,00f5c326,7199969a,0,00000000,00000000,00ccd8eb,3,00000000,00000000,1
425,425,0,7199969b,00000000,00000000,000f5c32,00000000,00000000,00f5c326,7199969b,0,00000000,00000000,00ccd8eb,3,00000000,00000000,1
426,426,0,7199969c,00000000,00000000,000f5c32,00000000,00000000,00f5c326,7199969c,0,00000000,00000000,00ccd8eb,3,00000000,00000000,1
427,427,0,7199969d,00000000,00000000,000f5c32,00000000,00000000,00f5c326,7199969d,0,00000000,00000000,00ccd8eb,3,00000000,00000000,1
428,428,0,7199969e,00000000,00000000,000f5c32,00000000,00000000,00f5c326,7199969e,0,00000000,00000000,00ccd8eb,3,00000000,00000000,1
429,429,0,7199969f,00000000,00000000,000f5c32,00000000,00000000,00f5c326,7199969f,0,00000000,00000000,00ccd8eb,3,00000000,00000000,1
430,430,0,719996a0,00000000,00000000,000f5c32,00000000,00000000,00f5c326,719996a0,0,00000000,00000000,00ccd8eb,3,00000000,00000000,1
431,431,0,719996a1,00000000,00000000,000f5c32,00000000,00000000,00f5c326,719996a1,0,00000000,00000000,00ccd8eb,3,00000000,00000000,1
432,432,0,719996a2,00000000,00000000,000f5c32,00000000,00000000,00f5c326,719996a2,0,00000000,00000000,00ccd8eb,3,00000000,00000000,1
433,433,0,719996a3,00000000,00000000,000f5c32,00000000,00000000,00f5c326,719996a3,0,00000000,00000000,00ccd8eb,3,00000000,00000000,1
434,434,0,719996a4,00000000,00000000,000f5c32,00000000,00000000,00f5c326,719996a4,0,00000000,00000000,00ccd8eb,3,00000000,00000000,1
435,435,0,719996a5,00000000,00000000,000f5c32,00000000,00000000,00f5c326,719996a5,0,00000000,00000000,00ccd8eb,3,00000000,00000000,1
436,436,0,719996a6,00000000,00000000,000f5c32,00000000,00000000,00f5c326,719996a6,0,00000000,00000000,00ccd8eb,3,00000000,00000000,1
437,437,0,719996a7,00000000,00000000,000f5c32,00000000,00000000,00f5c326,719996a7,0,00000000,00000000,00ccd8eb,3,00000000,00000000,1
438,438,0,719996a8,00000000,00000000,000f5c32,00000000,00000000,00f5c326,719996a8,0,00000000,00000000,00ccd8eb,3,00000000,00000000,1
439,439,0,719996a9,00000000,00000000,000f5c32,00000000,00000000,00f5c326,719996a9,0,00000000,00000000,00ccd8eb,3,00000000,00000000,1
440,440,0,719996aa,00000000,00000000,000f5c32,00000000,00000000,00f5c326,719996aa,0,00000000,00000000,00ccd8eb,3,00000000,00000000,1
441,441,0,719996ab,00000000,00000000,000f5c32,00000000,00000000,00f5c326,719996ab,0,00000000,00000000,00ccd8eb,3,00000000,00000000,1
442,442,0,719996ac,00000000,00000000,000f5c32,00000000,00000000,00f5c326,719996ac,0,00000000,00000000,00ccd8eb,3,00000000,00000000,1
443,443,0,719996ad,00000000,00000000,000f5c32,00000000,00000000,00f5c326,719996ad,0,00000000,00000000,00ccd8eb,3,00000000,00000000,1
444,444,0,719996ae,00000000,00000000,000f5c32,00000000,00000000,00f5c326,719996ae,0,00000000,00000000,00ccd8eb,3,00000000,00000000,1
445,445,0,719996af,00000000,00000000,000f5c32,00000000,00000000,00f5c326,719996af,0,00000000,00000000,00ccd8eb,3,00000000,00000000,1
446,446,0,719996b0,00000000,00000000,000f5c32,00000000,00000000,00f5c326,719996b0,0,00000000,00000000,00ccd8eb,3,00000000,00000000,1
447,447,0,719996b1,00000000,00000000,000f5c32,00000000,00000000,00f5c326,719996b1,0,00000000,00000000,00ccd8eb,3,00000000,00000000,1
448,448,0,719996b2,00000000,00000000,000f5c32,00000000,00000000,00f5c326,719996b2,0,00000000,00000000,00ccd8eb,3,00000000,00000000,1
449,449,0,719996b3,00000000,00000000,000f5c32,00000000,00000000,00f5c326,719996b3,0,00000000,00000000,00ccd8eb,3,00000000,00000000,1
450,450,0,719996b4,00000000,00000000,000f5c32,00000000,00000000,00f5c326,719996b4,0,00000000,00000000,00ccd8eb,3,00000000,00000000,1
451,451,0,719996b5,00000000,00000000,000f5c32,00000000,00000000,00f5c326,719996b5,0,00000000,00000000,00ccd8eb,3,00000000,00000000,1
452,452,0,719996b6,00000000,00000000,000f5c32,00000000,00000000,00f5c326,719996b6,0,00000000,00000000,00ccd8eb,3,00000000,00000000,1
453,453,0,719996b7,00000000,00000000,000f5c32,00000000,00000000,00f5c326,719996b7,0,00000000,00000000,00ccd8eb,3,00000000,00000000,1
454,454,0,719996b8,00000000,00000000,000f5c32,00000000,00000000,00f5c326,719996b8,0,00000000,00000000,00ccd8eb,3,00000000,00000000,1
455,455,0,719996b9,00000000,00000000,000f5c32,00000000,00000000,00f5c326,719996b9,0,00000000,00000000,00ccd8eb,3,00000000,00000000,1
456,456,0,719996ba,00000000,00000000,000f5c32,00000000,00000000,00f5c326,719996ba,0,00000000,00000000,00ccd8eb,3,00000000,00000000,1
457,457,0,719996bb,00000000,00000000,000f5c32,00000000,00000000,00f5c326,719996bb,0,00000000,00000000,00ccd8eb,3,00000000,00000000,1
458,458,0,719996bc,00000000,00000000,000f5c32,00000000,00000000,00f5c326,719996bc,0,00000000,00000000,00ccd8eb,3,00000000,00000000,1
459,459,0,719996bd,00000000,00000000,000f5c32,00000000,00000000,00f5c326,719996bd,0,00000000,00000000,00ccd8eb,3,00000000,00000000,1
460,460,0,719996be,00000000,00000000,000f5c32,00000000,00000000,00f5c326,719996be,0,00000000,00000000,00ccd8eb,3,00000000,00000000,1
461,461,0,719996bf,00000000,00000000,000f5c32,00000000,00000000,00f5c326,719996bf,0,00000000,00000000,00ccd8eb,3,00000000,00000000,1
462,462,0,719996c0,00000000,00000000,000f5c32,00000000,00000000,00f5c326,719996c0,0,00000000,00000000,00ccd8eb,3,00000000,00000000,1
463,463,0,719996c1,00000000,00000000,000f5c32,00000000,00000000,00f5c326,719996c1,0,00000000,00000000,00ccd8eb,3,00000000,00000000,1
464,464,0,719996c2,00000000,00000000,000f5c32,00000000,00000000,00f5c326,719996c2,0,00000000,00000000,00ccd8eb,3,00000000,00000000,1
465,465,0,719996c3,00000000,00000000,000f5c32,00000000,00000000,00f5c326,719996c3,0,00000000,00000000,00ccd8eb,3,00000000,00000000,1
466,466,0,719996c4,00000000,00000000,000f5c32,00000000,00000000,00f5c326,719996c4,0,00000000,00000000,00ccd8eb,3,00000000,00000000,1
467,467,0,719996c5,00000000,00000000,000f5c32,00000000,00000000,00f5c326,719996c5,0,00000000,00000000,00ccd8eb,3,00000000,00000000,1
468,468,0,719996c6,00000000,00000000,000f5c32,00000000,00000000,00f5c326,719996c6,0,00000000,00000000,00ccd8eb,3,00000000,00000000,1
469,469,0,719996c7,00000000,00000000,000f5c32,00000000,00000000,00f5c326,719996c7,0,00000000,00000000,00ccd8eb,3,00000000,00000000,1
470,470,0,719996c8,00000000,00000000,000f5c32,00000000,00000000,00f5c326,719996c8,0,00000000,00000000,00ccd8eb,3,00000000,00000000,1
471,471,0,719996c9,00000000,00000000,000f5c32,00000000,00000000,00f5c326,719996c9,0,00000000,00000000,00ccd8eb,3,00000000,00000000,1
472,472,0,719996ca,00000000,00000000,000f5c32,00000000,00000000,00f5c326,719996ca,0,00000000,00000000,00ccd8eb,3,00000000,00000000,1
473,473,0,719996cb,00000000,00000000,000f5c32,00000000,00000000,00f5c326,719996cb,0,00000000,00000000,00ccd8eb,3,00000000,00000000,1
474,474,0,719996cc,00000000,00000000,000f5c32,00000000,00000000,00f5c326,719996cc,0,00000000,00000000,00ccd8eb,3,00000000,00000000,1
475,475,0,719996cd,00000000,00000000,000f5c32,00000000,00000000,00f5c326,719996cd,0,00000000,00000000,00ccd8eb,3,00000000,00000000,1
476,476,0,719996ce,00000000,00000000,000f5c32,00000000,00000000,00f5c326,719996ce,0,00000000,00000000,00ccd8eb,3,00000000,00000000,1
477,477,0,719996cf,00000000,00000000,000f5c32,00000000,00000000,00f5c326,719996cf,0,00000000,00000000,00ccd8eb,3,00000000,00000000,1
478,478,0,719996d0,00000000,00000000,000f5c32,00000000,00000000,00f5c326,719996d0,0,00000000,00000000,00ccd8eb,3,00000000,00000000,1
479,479,0,719996d1,00000000,00000000,000f5c32,00000000,00000000,00f5c326,719996d1,0,00000000,00000000,00ccd8eb,3,00000000,00000000,1
480,480,0,719996d2,00000000,00000000,000f5c32,00000000,00000000,00f5c326,719996d2,0,00000000,00000000,00ccd8eb,3,00000000,00000000,1
481,481,0,719996d3,00000000,00000000,000f5c32,00000000,00000000,00f5c326,719996d3,0,00000000,00000000,00ccd8eb,3,00000000,00000000,1
482,482,0,719996d4,00000000,00000000,000f5c32,00000000,00000000,00f5c326,719996d4,0,00000000,00000000,00ccd8eb,3,00000000,00000000,1
483,483,0,719996d5,00000000,00000000,000f5c32,00000000,00000000,00f5c326,719996d5,0,00000000,00000000,00ccd8eb,3,00000000,00000000,1
484,484,0,719996d6,00000000,00000000,000f5c32,00000000,00000000,00f5c326,719996d6,0,00000000,00000000,00ccd8eb,3,00000000,00000000,1
485,485,0,719996d7,00000000,00000000,000f5c32,00000000,00000000,00f5c326,719996d7,0,00000000,00000000,00ccd8eb,3,00000000,00000000,1
486,486,0,719996d8,00000000,00000000,000f5c32,00000000,00000000,00f5c326,719996d8,0,00000000,00000000,00ccd8eb,3,00000000,00000000,1
487,487,0,719996d9,00000000,00000000,000f5c32,00000000,00000000,00f5c326,719996d9,0,00000000,00000000,00ccd8eb,3,00000000,00000000,1
488,488,0,719996da,00000000,00000000,000f5c32,00000000,00000000,00f5c326,719996da,0,00000000,00000000,00ccd8eb,3,00000000,00000000,1
489,489,0,719996db,00000000,00000000,000f5c32,00000000,00000000,00f5c326,719996db,0,00000000,00000000,00ccd8eb,3,00000000,00000000,1
490,490,0,719996dc,00000000,00000000,000f5c32,00000000,00000000,00f5c326,719996dc,0,00000000,00000000,00ccd8eb,3,00000000,00000000,1
491,491,0,719996dd,00000000,00000000,000f5c32,00000000,00000000,00f5c326,719996dd,0,00000000,00000000,00ccd8eb,3,00000000,00000000,1
492,492,0,719996de,00000000,00000000,000f5c32,00000000,00000000,00f5c326,719996de,0,00000000,00000000,00ccd8eb,3,00000000,00000000,1
493,493,0,719996df,00000000,00000000,000f5c32,00000000,00000000,00f5c326,719996df,0,00000000,00000000,00ccd8eb,3,00000000,00000000,1
494,494,0,719996e0,00000000,00000000,000f5c32,00000000,00000000,00f5c326,719996e0,0,00000000,00000000,00ccd8eb,3,00000000,00000000,1
495,495,0,719996e1,00000000,00000000,000f5c32,00000000,00000000,00f5c326,719996e1,0,00000000,00000000,00ccd8eb,3,00000000,00000000,1
496,496,0,719996e2,00000000,00000000,000f5c32,00000000,00000000,00f5c326,719996e2,0,00000000,00000000,00ccd8eb,3,00000000,00000000,1
497,497,0,719996e3,00000000,00000000,000f5c32,00000000,00000000,00f5c326,719996e3,0,00000000,00000000,00ccd8eb,3,00000000,00000000,1
498,498,0,719996e4,00000000,00000000,000f5c32,00000000,00000000,00f5c326,719996e4,0,00000000,00000000,00ccd8eb,3,00000000,00000000,1
499,499,0,719996e5,00000000,00000000,000f5c32,00000000,00000000,00f5c326,719996e5,0,00000000,00000000,00ccd8eb,3,00000000,00000000,1
500,500,0,719996e6,00000000,00000000,000f5c32,00000000,00000000,00f5c326,719996e6,0,00000000,00000000,00ccd8eb,3,00000000,00000000,1
501,501,0,719996e7,00000000,00000000,000f5c32,00000000,00000000,00f5c326,719996e7,0,00000000,00000000,00ccd8eb,3,00000000,00000000,1
502,502,0,719996e8,00000000,00000000,000f5c32,00000000,00000000,00f5c326,719996e8,0,00000000,00000000,00ccd8eb,3,00000000,00000000,1
503,503,0,719996e9,00000000,00000000,000f5c32,00000000,00000000,00f5c326,719996e9,0,00000000,00000000,00ccd8eb,3,00000000,00000000,1
504,504,0,719996ea,00000000,00000000,000f5c32,00000000,00000000,00f5c326,719996ea,0,00000000,00000000,00ccd8eb,3,00000000,00000000,1
505,505,0,719996eb,00000000,00000000,000f5c32,00000000,00000000,00f5c326,719996eb,0,00000000,00000000,00ccd8eb,3,00000000,00000000,1
506,506,0,719996ec,00000000,00000000,000f5c32,00000000,00000000,00f5c326,719996ec,0,00000000,00000000,00ccd8eb,3,00000000,00000000,1
507,507,0,719996ed,00000000,00000000,000f5c32,00000000,00000000,00f5c326,719996ed,0,00000000,00000000,00ccd8eb,3,00000000,00000000,1
508,508,0,719996ee,00000000,00000000,000f5c32,00000000,00000000,00f5c326,719996ee,0,00000000,00000000,00ccd8eb,3,00000000,00000000,1
509,509,0,719996ef,00000000,00000000,000f5c32,00000000,00000000,00f5c326,719996ef,0,00000000,00000000,00ccd8eb,3,00000000,00000000,1
510,510,0,719996f0,00000000,00000000,000f5c32,00000000,00000000,00f5c326,719996f0,0,00000000,00000000,00ccd8eb,3,00000000,00000000,1
511,511,0,719996f1,00000000,00000000,000f5c32,00000000,00000000,00f5c326,719996f1,0,00000000,00000000,00ccd8eb,3,00000000,00000000,1
512,512,1,719996f2,00000000,00000000,000f5c32,00000000,00000000,00f5c326,719996f2,0,00000000,00000000,00ccd8eb,3,00000000,00000000,1
513,513,0,719996f3,00000000,00000000,000f5c32,00000000,00000000,00f5c326,719996f3,0,00000000,00000000,00ccd8eb,3,00000000,00000000,1
514,514,0,719996f4,00000000,00000000,000f5c32,00000000,00000000,00f5c326,719996f4,0,00000000,00000000,00ccd8eb,3,00000000,00000000,1
515,515,0,719996f5,00000000,00000000,000f5c32,00000000,00000000,00f5c326,719996f5,0,00000000,00000000,00ccd8eb,3,00000000,00000000,1
516,516,0,719996f6,00000000,00000000,000f5c32,00000000,00000000,00f5c326,719996f6,0,00000000,00000000,00ccd8eb,3,00000000,00000000,1
517,517,0,719996f7,00000000,00000000,000f5c32,00000000,00000000,00f5c326,719996f7,0,00000000,00000000,00ccd8eb,3,00000000,00000000,1
518,518,0,719996f8,00000000,00000000,000f5c32,00000000,00000000,00f5c326,719996f8,0,00000000,00000000,00ccd8eb,3,00000000,00000000,1
519,519,0,719996f9,00000000,00000000,000f5c32,00000000,00000000,00f5c326,719996f9,0,00000000,00000000,00ccd8eb,3,00000000,00000000,1
520,520,0,719996fa,00000000,00000000,000f5c32,00000000,00000000,00f5c326,719996fa,0,00000000,00000000,00ccd8eb,3,00000000,00000000,1
521,521,0,719996fb,00000000,00000000,000f5c32,00000000,00000000,00f5c326,719996fb,0,00000000,00000000,00ccd8eb,3,00000000,00000000,1
522,522,0,719996fc,00000000,00000000,000f5c32,00000000,00000000,00f5c326,719996fc,0,00000000,00000000,00ccd8eb,3,00000000,00000000,1
523,523,0,719996fd,00000000,00000000,000f5c32,00000000,00000000,00f5c326,719996fd,0,00000000,00000000,00ccd8eb,3,00000000,00000000,1
524,524,0,719996fe,00000000,00000000,000f5c32,00000000,00000000,00f5c326,719996fe,0,00000000,00000000,00ccd8eb,3,00000000,00000000,1
525,525,0,719996ff,00000000,00000000,000f5c32,00000000,00000000,00f5c326,719996ff,0,00000000,00000000,00ccd8eb,3,00000000,00000000,1
526,526,0,71999700,00000000,00000000,000f5c32,00000000,00000000,00f5c326,71999700,0,00000000,00000000,00ccd8eb,3,00000000,00000000,1
527,527,0,71999701,00000000,00000000,000f5c32,00000000,00000000,00f5c326,71999701,0,00000000,00000000,00ccd8eb,3,00000000,00000000,1
528,528,0,71999702,00000000,00000000,000f5c32,00000000,00000000,00f5c326,71999702,0,00000000,00000000,00ccd8eb,3,00000000,00000000,1
529,529,0,71999703,00000000,00000000,000f5c32,00000000,00000000,00f5c326,71999703,0,00000000,00000000,00ccd8eb,3,00000000,00000000,1
530,530,0,71999704,00000000,00000000,000f5c32,00000000,00000000,00f5c326,71999704,0,00000000,00000000,00ccd8eb,3,00000000,00000000,1
531,531,0,71999705,00000000,00000000,000f5c32,00000000,00000000,00f5c326,71999705,0,00000000,00000000,00ccd8eb,3,00000000,00000000,1
532,532,0,71999706,00000000,00000000,000f5c32,00000000,00000000,00f5c326,71999706,0,00000000,00000000,00ccd8eb,3,00000000,00000000,1
533,533,0,71999707,00000000,00000000,000f5c32,00000000,00000000,00f5c326,71999707,0,00000000,00000000,00ccd8eb,3,00000000,00000000,1
534,534,0,71999708,00000000,00000000,000f5c32,00000000,00000000,00f5c326,71999708,0,00000000,00000000,00ccd8eb,3,00000000,00000000,1
535,535,0,71999709,00000000,00000000,000f5c32,00000000,00000000,00f5c326,71999709,0,00000000,00000000,00ccd8eb,3,00000000,00000000,1
536,536,0,7199970a,00000000,00000000,000f5c32,00000000,00000000,00f5c326,7199970a,0,00000000,00000000,00ccd8eb,3,00000000,00000000,1
537,537,0,7199970b,00000000,00000000,000f5c32,00000000,00000000,00f5c326,7199970b,0,00000000,00000000,00ccd8eb,3,00000000,00000000,1
538,538,0,7199970c,00000000,00000000,000f5c32,00000000,00000000,00f5c326,7199970c,0,00000000,00000000,00ccd8eb,3,00000000,00000000,1
539,539,0,7199970d,00000000,00000000,000f5c32,00000000,00000000,00f5c326,7199970d,0,00000000,00000000,00ccd8eb,3,00000000,00000000,1
540,540,0,7199970e,00000000,00000000,000f5c32,00000000,00000000,00f5c326,7199970e,0,00000000,00000000,00ccd8eb,3,00000000,00000000,1
541,541,0,7199970f,00000000,00000000,000f5c32,00000000,00000000,00f5c326,7199970f,0,00000000,00000000,00ccd8eb,3,00000000,00000000,1
542,542,0,71999710,00000000,00000000,000f5c32,00000000,00000000,00f5c326,71999710,0,00000000,00000000,00ccd8eb,3,00000000,00000000,1
543,543,0,71999711,00000000,00000000,000f5c32,00000000,00000000,00f5c326,71999711,0,00000000,00000000,00ccd8eb,3,00000000,00000000,1
544,544,0,71999712,00000000,00000000,000f5c32,00000000,00000000,00f5c326,71999712,0,00000000,00000000,00ccd8eb,3,00000000,00000000,1
545,545,0,71999713,00000000,00000000,000f5c32,00000000,00000000,00f5c326,71999713,0,00000000,00000000,00ccd8eb,3,00000000,00000000,1
546,546,0,71999714,00000000,00000000,000f5c32,00000000,00000000,00f5c326,71999714,0,00000000,00000000,00ccd8eb,3,00000000,00000000,1
547,547,0,71999715,00000000,00000000,000f5c32,00000000,00000000,00f5c326,71999715,0,00000000,00000000,00ccd8eb,3,00000000,00000000,1
548,548,0,71999716,00000000,00000000,000f5c32,00000000,00000000,00f5c326,71999716,0,00000000,00000000,00ccd8eb,3,00000000,00000000,1
549,549,0,71999717,00000000,00000000,000f5c32,00000000,00000000,00f5c326,71999717,0,00000000,00000000,00ccd8eb,3,00000000,00000000,1
550,550,0,71999718,00000000,00000000,000f5c32,00000000,00000000,00f5c326,71999718,0,00000000,00000000,00ccd8eb,3,00000000,00000000,1
551,551,0,71999719,00000000,00000000,000f5c32,00000000,00000000,00f5c326,71999719,0,00000000,00000000,00ccd8eb,3,00000000,00000000,1
552,552,0,7199971a,00000000,00000000,000f5c32,00000000,00000000,00f5c326,7199971a,0,00000000,00000000,00ccd8eb,3,00000000,00000000,1
553,553,0,7199971b,00000000,00000000,000f5c32,00000000,00000000,00f5c326,7199971b,0,00000000,00000000,00ccd8eb,3,00000000,00000000,1
554,554,0,7199971c,00000000,00000000,000f5c32,00000000,00000000,00f5c326,7199971c,0,00000000,00000000,00ccd8eb,3,00000000,00000000,1
555,555,0,7199971d,00000000,00000000,000f5c32,00000000,00000000,00f5c326,7199971d,0,00000000,00000000,00ccd8eb,3,00000000,00000000,1
556,556,0,7199971e,00000000,00000000,000f5c32,00000000,00000000,00f5c326,7199971e,0,00000000,00000000,00ccd8eb,3,00000000,00000000,1
557,557,0,7199971f,00000000,00000000,000f5c32,00000000,00000000,00f5c326,7199971f,0,00000000,00000000,00ccd8eb,3,00000000,00000000,1
558,558,0,71999720,00000000,00000000,000f5c32,00000000,00000000,00f5c326,71999720,0,00000000,00000000,00ccd8eb,3,00000000,00000000,1
559,559,0,71999721,00000000,00000000,000f5c32,00000000,00000000,00f5c326,71999721,0,00000000,00000000,00ccd8eb,3,00000000,00000000,1
560,560,0,71999722,00000000,00000000,000f5c32,00000000,00000000,00f5c326,71999722,0,00000000,00000000,00ccd8eb,3,00000000,00000000,1
561,561,0,71999723,00000000,00000000,000f5c32,00000000,00000000,00f5c326,71999723,0,00000000,00000000,00ccd8eb,3,00000000,00000000,1
562,562,0,71999724,00000000,00000000,000f5c32,00000000,00000000,00f5c326,71999724,0,00000000,00000000,00ccd8eb,3,00000000,00000000,1
563,563,0,71999725,00000000,00000000,000f5c32,00000000,00000000,00f5c326,71999725,0,00000000,00000000,00ccd8eb,3,00000000,00000000,1
564,564,0,71999726,00000000,00000000,000f5c32,00000000,00000000,00f5c326,71999726,0,00000000,00000000,00ccd8eb,3,00000000,00000000,1
565,565,0,71999727,00000000,00000000,000f5c32,00000000,00000000,00f5c326,71999727,0,00000000,00000000,00ccd8eb,3,00000000,00000000,1
566,566,0,71999728,00000000,00000000,000f5c32,00000000,00000000,00f5c326,71999728,0,00000000,00000000,00ccd8eb,3,00000000,00000000,1
567,567,0,71999729,00000000,00000000,000f5c32,00000000,00000000,00f5c326,71999729,0,00000000,00000000,00ccd8eb,3,00000000,00000000,1
568,568,0,7199972a,00000000,00000000,000f5c32,00000000,00000000,00f5c326,7199972a,0,00000000,00000000,00ccd8eb,3,00000000,00000000,1
569,569,0,7199972b,00000000,00000000,000f5c32,00000000,00000000,00f5c326,7199972b,0,00000000,00000000,00ccd8eb,3,00000000,00000000,1
570,570,0,7199972c,00000000,00000000,000f5c32,00000000,00000000,00f5c326,7199972c,0,00000000,00000000,00ccd8eb,3,00000000,00000000,1
571,571,0,7199972d,00000000,00000000,000f5c32,00000000,00000000,00f5c326,7199972d,0,00000000,00000000,00ccd8eb,3,00000000,00000000,1
572,572,0,7199972e,00000000,00000000,000f5c32,00000000,00000000,00f5c326,7199972e,0,00000000,00000000,00ccd8eb,3,00000000,00000000,1
573,573,0,7199972f,00000000,00000000,000f5c32,00000000,00000000,00f5c326,7199972f,0,00000000,00000000,00ccd8eb,3,00000000,00000000,1
574,574,0,71999730,00000000,00000000,000f5c32,00000000,00000000,00f5c326,71999730,0,00000000,00000000,00ccd8eb,3,00000000,00000000,1
575,575,0,71999731,00000000,00000000,000f5c32,00000000,00000000,00f5c326,71999731,0,00000000,00000000,00ccd8eb,3,00000000,00000000,1
576,576,0,71999732,00000000,00000000,000f5c32,00000000,00000000,00f5c326,71999732,0,00000000,00000000,00ccd8eb,3,00000000,00000000,1
577,577,0,71999733,00000000,00000000,000f5c32,00000000,00000000,00f5c326,71999733,0,00000000,00000000,00ccd8eb,3,00000000,00000000,1
578,578,0,71999734,00000000,00000000,000f5c32,00000000,00000000,00f5c326,71999734,0,00000000,00000000,00ccd8eb,3,00000000,00000000,1
579,579,0,71999735,00000000,00000000,000f5c32,00000000,00000000,00f5c326,71999735,0,00000000,00000000,00ccd8eb,3,00000000,00000000,1
580,580,0,71999736,00000000,00000000,000f5c32,00000000,00000000,00f5c326,71999736,0,00000000,00000000,00ccd8eb,3,00000000,00000000,1
581,581,0,71999737,00000000,00000000,000f5c32,00000000,00000000,00f5c326,71999737,0,00000000,00000000,00ccd8eb,3,00000000,00000000,1
582,582,0,71999738,00000000,00000000,000f5c32,00000000,00000000,00f5c326,71999738,0,00000000,00000000,00ccd8eb,3,00000000,00000000,1
583,583,0,71999739,00000000,00000000,000f5c32,00000000,00000000,00f5c326,71999739,0,00000000,00000000,00ccd8eb,3,00000000,00000000,1
584,584,0,7199973a,00000000,00000000,000f5c32,00000000,00000000,00f5c326,7199973a,0,00000000,00000000,00ccd8eb,3,00000000,00000000,1
585,585,0,7199973b,00000000,00000000,000f5c32,00000000,00000000,00f5c326,7199973b,0,00000000,00000000,00ccd8eb,3,00000000,00000000,1
586,586,0,7199973c,00000000,00000000,000f5c32,00000000,00000000,00f5c326,7199973c,0,00000000,00000000,00ccd8eb,3,00000000,00000000,1
587,587,0,7199973d,00000000,00000000,000f5c32,00000000,00000000,00f5c326,7199973d,0,00000000,00000000,00ccd8eb,3,00000000,00000000,1
588,588,0,7199973e,00000000,00000000,000f5c32,00000000,00000000,00f5c326,7199973e,0,00000000,00000000,00ccd8eb,3,00000000,00000000,1
589,589,0,7199973f,00000000,00000000,000f5c32,00000000,00000000,00f5c326,7199973f,0,00000000,00000000,00ccd8eb,3,00000000,00000000,1
590,590,0,71999740,00000000,00000000,000f5c32,00000000,00000000,00f5c326,71999740,0,00000000,00000000,00ccd8eb,3,00000000,00000000,1
591,591,0,71999741,00000000,00000000,000f5c32,00000000,00000000,00f5c326,71999741,0,00000000,00000000,00ccd8eb,3,00000000,00000000,1
592,592,0,71999742,00000000,00000000,000f5c32,00000000,00000000,00f5c326,71999742,0,00000000,00000000,00ccd8eb,3,00000000,00000000,1
593,593,0,71999743,00000000,00000000,000f5c32,00000000,00000000,00f5c326,71999743,0,00000000,00000000,00ccd8eb,3,00000000,00000000,1
594,594,0,71999744,00000000,00000000,000f5c32,00000000,00000000,00f5c326,71999744,0,00000000,00000000,00ccd8eb,3,00000000,00000000,1
595,595,0,71999745,00000000,00000000,000f5c32,00000000,00000000,00f5c326,71999745,0,00000000,00000000,00ccd8eb,3,00000000,00000000,1
596,596,0,71999746,00000000,00000000,000f5c32,00000000,00000000,00f5c326,71999746,0,00000000,00000000,00ccd8eb,3,00000000,00000000,1
597,597,0,71999747,00000000,00000000,000f5c32,00000000,00000000,00f5c326,71999747,0,00000000,00000000,00ccd8eb,3,00000000,00000000,1
598,598,0,71999748,00000000,00000000,000f5c32,00000000,00000000,00f5c326,71999748,0,00000000,00000000,00ccd8eb,3,00000000,00000000,1
599,599,0,71999749,00000000,00000000,000f5c32,00000000,00000000,00f5c326,71999749,0,00000000,00000000,00ccd8eb,3,00000000,00000000,1
600,600,0,7199974a,00000000,00000000,000f5c32,00000000,00000000,00f5c326,7199974a,0,00000000,00000000,00ccd8eb,3,00000000,00000000,1
601,601,0,7199974b,00000000,00000000,000f5c32,00000000,00000000,00f5c326,7199974b,0,00000000,00000000,00ccd8eb,3,00000000,00000000,1
602,602,0,7199974c,00000000,00000000,000f5c32,00000000,00000000,00f5c326,7199974c,0,00000000,00000000,00ccd8eb,3,00000000,00000000,1
603,603,0,7199974d,00000000,00000000,000f5c32,00000000,00000000,00f5c326,7199974d,0,00000000,00000000,00ccd8eb,3,00000000,00000000,1
604,604,0,7199974e,00000000,00000000,000f5c32,00000000,00000000,00f5c326,7199974e,0,00000000,00000000,00ccd8eb,3,00000000,00000000,1
605,605,0,7199974f,00000000,00000000,000f5c32,00000000,00000000,00f5c326,7199974f,0,00000000,00000000,00ccd8eb,3,00000000,00000000,1
606,606,0,71999750,00000000,00000000,000f5c32,00000000,00000000,00f5c326,71999750,0,00000000,00000000,00ccd8eb,3,00000000,00000000,1
607,607,0,71999751,00000000,00000000,000f5c32,00000000,00000000,00f5c326,71999751,0,00000000,00000000,00ccd8eb,3,00000000,00000000,1
608,608,0,71999752,00000000,00000000,000f5c32,00000000,00000000,00f5c326,71999752,0,00000000,00000000,00ccd8eb,3,00000000,00000000,1
609,609,0,71999753,00000000,00000000,000f5c32,00000000,00000000,00f5c326,71999753,0,00000000,00000000,00ccd8eb,3,00000000,00000000,1
610,610,0,71999754,00000000,00000000,000f5c32,00000000,00000000,00f5c326,71999754,0,00000000,00000000,00ccd8eb,3,00000000,00000000,1
611,611,0,71999755,00000000,00000000,000f5c32,00000000,00000000,00f5c326,71999755,0,00000000,00000000,00ccd8eb,3,00000000,00000000,1
612,612,0,71999756,00000000,00000000,000f5c32,00000000,00000000,00f5c326,71999756,0,00000000,00000000,00ccd8eb,3,00000000,00000000,1
613,613,0,71999757,00000000,00000000,000f5c32,00000000,00000000,00f5c326,71999757,0,00000000,00000000,00ccd8eb,3,00000000,00000000,1
614,614,0,71999758,00000000,00000000,000f5c32,00000000,00000000,00f5c326,71999758,0,00000000,00000000,00ccd8eb,3,00000000,00000000,1
615,615,0,71999759,00000000,00000000,000f5c32,00000000,00000000,00f5c326,71999759,0,00000000,00000000,00ccd8eb,3,00000000,00000000,1
616,616,0,7199975a,00000000,00000000,000f5c32,00000000,00000000,00f5c326,7199975a,0,00000000,00000000,00ccd8eb,3,00000000,00000000,1
617,617,0,7199975b,00000000,00000000,000f5c32,00000000,00000000,00f5c326,7199975b,0,00000000,00000000,00ccd8eb,3,00000000,00000000,1
618,618,0,7199975c,00000000,00000000,000f5c32,00000000,00000000,00f5c326,7199975c,0,00000000,00000000,00ccd8eb,3,00000000,00000000,1
619,619,0,7199975d,00000000,00000000,000f5c32,00000000,00000000,00f5c326,7199975d,0,00000000,00000000,00ccd8eb,3,00000000,00000000,1
620,620,0,7199975e,00000000,00000000,000f5c32,00000000,00000000,00f5c326,7199975e,0,00000000,00000000,00ccd8eb,3,00000000,00000000,1
621,621,0,7199975f,00000000,00000000,000f5c32,00000000,00000000,00f5c326,7199975f,0,00000000,00000000,00ccd8eb,3,00000000,00000000,1
622,622,0,71999760,00000000,00000000,000f5c32,00000000,00000000,00f5c326,71999760,0,00000000,00000000,00ccd8eb,3,00000000,00000000,1
623,623,0,71999761,00000000,00000000,000f5c32,00000000,00000000,00f5c326,71999761,0,00000000,00000000,00ccd8eb,3,00000000,00000000,1
624,624,0,71999762,00000000,00000000,000f5c32,00000000,00000000,00f5c326,71999762,0,00000000,00000000,00ccd8eb,3,00000000,00000000,1
625,625,0,71999763,00000000,00000000,000f5c32,00000000,00000000,00f5c326,71999763,0,00000000,00000000,00ccd8eb,3,00000000,00000000,1
626,626,0,71999764,00000000,00000000,000f5c32,00000000,00000000,00f5c326,71999764,0,00000000,00000000,00ccd8eb,3,00000000,00000000,1
627,627,0,71999765,00000000,00000000,000f5c32,00000000,00000000,00f5c326,71999765,0,00000000,00000000,00ccd8eb,3,00000000,00000000,1
628,628,0,71999766,00000000,00000000,000f5c32,00000000,00000000,00f5c326,71999766,0,00000000,00000000,00ccd8eb,3,00000000,00000000,1
629,629,0,71999767,00000000,00000000,000f5c32,00000000,00000000,00f5c326,71999767,0,00000000,00000000,00ccd8eb,3,00000000,00000000,1
630,630,0,71999768,00000000,00000000,000f5c32,00000000,00000000,00f5c326,71999768,0,00000000,00000000,00ccd8eb,3,00000000,00000000,1
631,631,0,71999769,00000000,00000000,000f5c32,00000000,00000000,00f5c326,71999769,0,00000000,00000000,00ccd8eb,3,00000000,00000000,1
632,632,0,7199976a,00000000,00000000,000f5c32,00000000,00000000,00f5c326,7199976a,0,00000000,00000000,00ccd8eb,3,00000000,00000000,1
633,633,0,7199976b,00000000,00000000,000f5c32,00000000,00000000,00f5c326,7199976b,0,00000000,00000000,00ccd8eb,3,00000000,00000000,1
634,634,0,7199976c,00000000,00000000,000f5c32,00000000,00000000,00f5c326,7199976c,0,00000000,00000000,00ccd8eb,3,00000000,00000000,1
635,635,0,7199976d,00000000,00000000,000f5c32,00000000,00000000,00f5c326,7199976d,0,00000000,00000000,00ccd8eb,3,00000000,00000000,1
636,636,0,7199976e,00000000,00000000,000f5c32,00000000,00000000,00f5c326,7199976e,0,00000000,00000000,00ccd8eb,3,00000000,00000000,1
637,637,0,7199976f,00000000,00000000,000f5c32,00000000,00000000,00f5c326,7199976f,0,00000000,00000000,00ccd8eb,3,00000000,00000000,1
638,638,0,71999770,00000000,00000000,000f5c32,00000000,00000000,00f5c326,71999770,0,00000000,00000000,00ccd8eb,3,00000000,00000000,1
639,639,0,71999771,00000000,00000000,000f5c32,00000000,00000000,00f5c326,71999771,0,00000000,00000000,00ccd8eb,3,00000000,00000000,1
640,640,0,71999772,00000000,00000000,000f5c32,00000000,00000000,00f5c326,71999772,0,00000000,00000000,00ccd8eb,3,00000000,00000000,1
641,641,0,71999773,00000000,00000000,000f5c32,00000000,00000000,00f5c326,71999773,0,00000000,00000000,00ccd8eb,3,00000000,00000000,1
642,642,0,71999774,00000000,00000000,000f5c32,00000000,00000000,00f5c326,71999774,0,00000000,00000000,00ccd8eb,3,00000000,00000000,1
643,643,0,71999775,00000000,00000000,000f5c32,00000000,00000000,00f5c326,71999775,0,00000000,00000000,00ccd8eb,3,00000000,00000000,1
644,644,0,71999776,00000000,00000000,000f5c32,00000000,00000000,00f5c326,71999776,0,00000000,00000000,00ccd8eb,3,00000000,00000000,1
645,645,0,71999777,00000000,00000000,000f5c32,00000000,00000000,00f5c326,71999777,0,00000000,00000000,00ccd8eb,3,00000000,00000000,1
646,646,0,71999778,00000000,00000000,000f5c32,00000000,00000000,00f5c326,71999778,0,00000000,00000000,00ccd8eb,3,00000000,00000000,1
647,647,0,71999779,00000000,00000000,000f5c32,00000000,00000000,00f5c326,71999779,0,00000000,00000000,00ccd8eb,3,00000000,00000000,1
648,648,0,7199977a,00000000,00000000,000f5c32,00000000,00000000,00f5c326,7199977a,0,00000000,00000000,00ccd8eb,3,00000000,00000000,1
649,649,0,7199977b,00000000,00000000,000f5c32,00000000,00000000,00f5c326,7199977b,0,00000000,00000000,00ccd8eb,3,00000000,00000000,1
650,650,0,7199977c,00000000,00000000,000f5c32,00000000,00000000,00f5c326,7199977c,0,00000000,00000000,00ccd8eb,3,00000000,00000000,1
651,651,0,7199977d,00000000,00000000,000f5c32,00000000,00000000,00f5c326,7199977d,0,00000000,00000000,00ccd8eb,3,00000000,00000000,1
652,652,0,7199977e,00000000,00000000,000f5c32,00000000,00000000,00f5c326,7199977e,0,00000000,00000000,00ccd8eb,3,00000000,00000000,1
653,653,0,7199977f,00000000,00000000,000f5c32,00000000,00000000,00f5c326,7199977f,0,00000000,00000000,00ccd8eb,3,00000000,00000000,1
654,654,0,71999780,00000000,00000000,000f5c32,00000000,00000000,00f5c326,71999780,0,00000000,00000000,00ccd8eb,3,00000000,00000000,1
655,655,0,71999781,00000000,00000000,000f5c32,00000000,00000000,00f5c326,71999781,0,00000000,00000000,00ccd8eb,3,00000000,00000000,1
656,656,0,71999782,00000000,00000000,000f5c32,00000000,00000000,00f5c326,71999782,0,00000000,00000000,00ccd8eb,3,00000000,00000000,1
657,657,0,71999783,00000000,00000000,000f5c32,00000000,00000000,00f5c326,71999783,0,00000000,00000000,00ccd8eb,3,00000000,00000000,1
658,658,0,71999784,00000000,00000000,000f5c32,00000000,00000000,00f5c326,71999784,0,00000000,00000000,00ccd8eb,3,00000000,00000000,1
659,659,0,71999785,00000000,00000000,000f5c32,00000000,00000000,00f5c326,71999785,0,00000000,00000000,00ccd8eb,3,00000000,00000000,1
660,660,0,71999786,00000000,00000000,000f5c32,00000000,00000000,00f5c326,71999786,0,00000000,00000000,00ccd8eb,3,00000000,00000000,1
661,661,0,71999787,00000000,00000000,000f5c32,00000000,00000000,00f5c326,71999787,0,00000000,00000000,00ccd8eb,3,00000000,00000000,1
662,662,0,71999788,00000000,00000000,000f5c32,00000000,00000000,00f5c326,71999788,0,00000000,00000000,00ccd8eb,3,00000000,00000000,1
663,663,0,71999789,00000000,00000000,000f5c32,00000000,00000000,00f5c326,71999789,0,00000000,00000000,00ccd8eb,3,00000000,00000000,1
664,664,0,7199978a,00000000,00000000,000f5c32,00000000,00000000,00f5c326,7199978a,0,00000000,00000000,00ccd8eb,3,00000000,00000000,1
665,665,0,7199978b,00000000,00000000,000f5c32,00000000,00000000,00f5c326,7199978b,0,00000000,00000000,00ccd8eb,3,00000000,00000000,1
666,666,0,7199978c,00000000,00000000,000f5c32,00000000,00000000,00f5c326,7199978c,0,00000000,00000000,00ccd8eb,3,00000000,00000000,1
667,667,0,7199978d,00000000,00000000,000f5c32,00000000,00000000,00f5c326,7199978d,0,00000000,00000000,00ccd8eb,3,00000000,00000000,1
668,668,0,7199978e,00000000,00000000,000f5c32,00000000,00000000,00f5c326,7199978e,0,00000000,00000000,00ccd8eb,3,00000000,00000000,1
669,669,0,7199978f,00000000,00000000,000f5c32,00000000,00000000,00f5c326,7199978f,0,00000000,00000000,00ccd8eb,3,00000000,00000000,1
670,670,0,71999790,00000000,00000000,000f5c32,00000000,00000000,00f5c326,71999790,0,00000000,00000000,00ccd8eb,3,00000000,00000000,1
671,671,0,71999791,00000000,00000000,000f5c32,00000000,00000000,00f5c326,71999791,0,00000000,00000000,00ccd8eb,3,00000000,00000000,1
672,672,0,71999792,00000000,00000000,000f5c32,00000000,00000000,00f5c326,71999792,0,00000000,00000000,00ccd8eb,3,00000000,00000000,1
673,673,0,71999793,00000000,00000000,000f5c32,00000000,00000000,00f5c326,71999793,0,00000000,00000000,00ccd8eb,3,00000000,00000000,1
674,674,0,71999794,00000000,00000000,000f5c32,00000000,00000000,00f5c326,71999794,0,00000000,00000000,00ccd8eb,3,00000000,00000000,1
675,675,0,71999795,00000000,00000000,000f5c32,00000000,00000000,00f5c326,71999795,0,00000000,00000000,00ccd8eb,3,00000000,00000000,1
676,676,0,71999796,00000000,00000000,000f5c32,00000000,00000000,00f5c326,71999796,0,00000000,00000000,00ccd8eb,3,00000000,00000000,1
677,677,0,71999797,00000000,00000000,000f5c32,00000000,00000000,00f5c326,71999797,0,00000000,00000000,00ccd8eb,3,00000000,00000000,1
678,678,0,71999798,00000000,00000000,000f5c32,00000000,00000000,00f5c326,71999798,0,00000000,00000000,00ccd8eb,3,00000000,00000000,1
679,679,0,71999799,00000000,00000000,000f5c32,00000000,00000000,00f5c326,71999799,0,00000000,00000000,00ccd8eb,3,00000000,00000000,1
680,680,0,7199979a,00000000,00000000,000f5c32,00000000,00000000,00f5c326,7199979a,0,00000000,00000000,00ccd8eb,3,00000000,00000000,1
681,681,0,7199979b,00000000,00000000,000f5c32,00000000,00000000,00f5c326,7199979b,0,00000000,00000000,00ccd8eb,3,00000000,00000000,1
682,682,0,7199979c,00000000,00000000,000f5c32,00000000,00000000,00f5c326,7199979c,0,00000000,00000000,00ccd8eb,3,00000000,00000000,1
683,683,0,7199979d,00000000,00000000,000f5c32,00000000,00000000,00f5c326,7199979d,0,00000000,00000000,00ccd8eb,3,00000000,00000000,1
684,684,0,7199979e,00000000,00000000,000f5c32,00000000,00000000,00f5c326,7199979e,0,00000000,00000000,00ccd8eb,3,00000000,00000000,1
685,685,0,7199979f,00000000,00000000,000f5c32,00000000,00000000,00f5c326,7199979f,0,00000000,00000000,00ccd8eb,3,00000000,00000000,1
686,686,0,719997a0,00000000,00000000,000f5c32,00000000,00000000,00f5c326,719997a0,0,00000000,00000000,00ccd8eb,3,00000000,00000000,1
687,687,0,719997a1,00000000,00000000,000f5c32,00000000,00000000,00f5c326,719997a1,0,00000000,00000000,00ccd8eb,3,00000000,00000000,1
688,688,0,719997a2,00000000,00000000,000f5c32,00000000,00000000,00f5c326,719997a2,0,00000000,00000000,00ccd8eb,3,00000000,00000000,1
689,689,0,719997a3,00000000,00000000,000f5c32,00000000,00000000,00f5c326,719997a3,0,00000000,00000000,00ccd8eb,3,00000000,00000000,1
690,690,0,719997a4,00000000,00000000,000f5c32,00000000,00000000,00f5c326,719997a4,0,00000000,00000000,00ccd8eb,3,00000000,00000000,1
691,691,0,719997a5,00000000,00000000,000f5c32,00000000,00000000,00f5c326,719997a5,0,00000000,00000000,00ccd8eb,3,00000000,00000000,1
692,692,0,719997a6,00000000,00000000,000f5c32,00000000,00000000,00f5c326,719997a6,0,00000000,00000000,00ccd8eb,3,00000000,00000000,1
693,693,0,719997a7,00000000,00000000,000f5c32,00000000,00000000,00f5c326,719997a7,0,00000000,00000000,00ccd8eb,3,00000000,00000000,1
694,694,0,719997a8,00000000,00000000,000f5c32,00000000,00000000,00f5c326,719997a8,0,00000000,00000000,00ccd8eb,3,00000000,00000000,1
695,695,0,719997a9,00000000,00000000,000f5c32,00000000,00000000,00f5c326,719997a9,0,00000000,00000000,00ccd8eb,3,00000000,00000000,1
696,696,0,719997aa,00000000,00000000,000f5c32,00000000,00000000,00f5c326,719997aa,0,00000000,00000000,00ccd8eb,3,00000000,00000000,1
697,697,0,719997ab,00000000,00000000,000f5c32,00000000,00000000,00f5c326,719997ab,0,00000000,00000000,00ccd8eb,3,00000000,00000000,1
698,698,0,719997ac,00000000,00000000,000f5c32,00000000,00000000,00f5c326,719997ac,0,00000000,00000000,00ccd8eb,3,00000000,00000000,1
699,699,0,719997ad,00000000,00000000,000f5c32,00000000,00000000,00f5c326,719997ad,0,00000000,00000000,00ccd8eb,3,00000000,00000000,1
700,700,0,719997ae,00000000,00000000,000f5c32,00000000,00000000,00f5c326,719997ae,0,00000000,00000000,00ccd8eb,3,00000000,00000000,1
701,701,0,719997af,00000000,00000000,000f5c32,00000000,00000000,00f5c326,719997af,0,00000000,00000000,00ccd8eb,3,00000000,00000000,1
702,702,0,719997b0,00000000,00000000,000f5c32,00000000,00000000,00f5c326,719997b0,0,00000000,00000000,00ccd8eb,3,00000000,00000000,1
703,703,0,719997b1,00000000,00000000,000f5c32,00000000,00000000,00f5c326,719997b1,0,00000000,00000000,00ccd8eb,3,00000000,00000000,1
704,704,0,719997b2,00000000,00000000,000f5c32,00000000,00000000,00f5c326,719997b2,0,00000000,00000000,00ccd8eb,3,00000000,00000000,1
705,705,0,719997b3,00000000,00000000,000f5c32,00000000,00000000,00f5c326,719997b3,0,00000000,00000000,00ccd8eb,3,00000000,00000000,1
706,706,0,719997b4,00000000,00000000,000f5c32,00000000,00000000,00f5c326,719997b4,0,00000000,00000000,00ccd8eb,3,00000000,00000000,1
707,707,0,719997b5,00000000,00000000,000f5c32,00000000,00000000,00f5c326,719997b5,0,00000000,00000000,00ccd8eb,3,00000000,00000000,1
708,708,0,719997b6,00000000,00000000,000f5c32,00000000,00000000,00f5c326,719997b6,0,00000000,00000000,00ccd8eb,3,00000000,00000000,1
709,709,0,719997b7,00000000,00000000,000f5c32,00000000,00000000,00f5c326,719997b7,0,00000000,00000000,00ccd8eb,3,00000000,00000000,1
710,710,0,719997b8,00000000,00000000,000f5c32,00000000,00000000,00f5c326,719997b8,0,00000000,00000000,00ccd8eb,3,00000000,00000000,1
711,711,0,719997b9,00000000,00000000,000f5c32,00000000,00000000,00f5c326,719997b9,0,00000000,00000000,00ccd8eb,3,00000000,00000000,1
712,712,0,719997ba,00000000,00000000,000f5c32,00000000,00000000,00f5c326,719997ba,0,00000000,00000000,00ccd8eb,3,00000000,00000000,1
713,713,0,719997bb,00000000,00000000,000f5c32,00000000,00000000,00f5c326,719997bb,0,00000000,00000000,00ccd8eb,3,00000000,00000000,1
714,714,0,719997bc,00000000,00000000,000f5c32,00000000,00000000,00f5c326,719997bc,0,00000000,00000000,00ccd8eb,3,00000000,00000000,1
715,715,0,719997bd,00000000,00000000,000f5c32,00000000,00000000,00f5c326,719997bd,0,00000000,00000000,00ccd8eb,3,00000000,00000000,1
716,716,0,719997be,00000000,00000000,000f5c32,00000000,00000000,00f5c326,719997be,0,00000000,00000000,00ccd8eb,3,00000000,00000000,1
717,717,0,719997bf,00000000,00000000,000f5c32,00000000,00000000,00f5c326,719997bf,0,00000000,00000000,00ccd8eb,3,00000000,00000000,1
718,718,0,719997c0,00000000,00000000,000f5c32,00000000,00000000,00f5c326,719997c0,0,00000000,00000000,00ccd8eb,3,00000000,00000000,1
719,719,0,719997c1,00000000,00000000,000f5c32,00000000,00000000,00f5c326,719997c1,0,00000000,00000000,00ccd8eb,3,00000000,00000000,1
720,720,0,719997c2,00000000,00000000,000f5c32,00000000,00000000,00f5c326,719997c2,0,00000000,00000000,00ccd8eb,3,00000000,00000000,1
721,721,0,719997c3,00000000,00000000,000f5c32,00000000,00000000,00f5c326,719997c3,0,00000000,00000000,00ccd8eb,3,00000000,00000000,1
722,722,0,719997c4,00000000,00000000,000f5c32,00000000,00000000,00f5c326,719997c4,0,00000000,00000000,00ccd8eb,3,00000000,00000000,1
723,723,0,719997c5,00000000,00000000,000f5c32,00000000,00000000,00f5c326,719997c5,0,00000000,00000000,00ccd8eb,3,00000000,00000000,1
724,724,0,719997c6,00000000,00000000,000f5c32,00000000,00000000,00f5c326,719997c6,0,00000000,00000000,00ccd8eb,3,00000000,00000000,1
725,725,0,719997c7,00000000,00000000,000f5c32,00000000,00000000,00f5c326,719997c7,0,00000000,00000000,00ccd8eb,3,00000000,00000000,1
726,726,0,719997c8,00000000,00000000,000f5c32,00000000,00000000,00f5c326,719997c8,0,00000000,00000000,00ccd8eb,3,00000000,00000000,1
727,727,0,719997c9,00000000,00000000,000f5c32,00000000,00000000,00f5c326,719997c9,0,00000000,00000000,00ccd8eb,3,00000000,00000000,1
728,728,0,719997ca,00000000,00000000,000f5c32,00000000,00000000,00f5c326,719997ca,0,00000000,00000000,00ccd8eb,3,00000000,00000000,1
729,729,0,719997cb,00000000,00000000,000f5c32,00000000,00000000,00f5c326,719997cb,0,00000000,00000000,00ccd8eb,3,00000000,00000000,1
730,730,0,719997cc,00000000,00000000,000f5c32,00000000,00000000,00f5c326,719997cc,0,00000000,00000000,00ccd8eb,3,00000000,00000000,1
731,731,0,719997cd,00000000,00000000,000f5c32,00000000,00000000,00f5c326,719997cd,0,00000000,00000000,00ccd8eb,3,00000000,00000000,1
732,732,0,719997ce,00000000,00000000,000f5c32,00000000,00000000,00f5c326,719997ce,0,00000000,00000000,00ccd8eb,3,00000000,00000000,1
733,733,0,719997cf,00000000,00000000,000f5c32,00000000,00000000,00f5c326,719997cf,0,00000000,00000000,00ccd8eb,3,00000000,00000000,1
734,734,0,719997d0,00000000,00000000,000f5c32,00000000,00000000,00f5c326,719997d0,0,00000000,00000000,00ccd8eb,3,00000000,00000000,1
735,735,0,719997d1,00000000,00000000,000f5c32,00000000,00000000,00f5c326,719997d1,0,00000000,00000000,00ccd8eb,3,00000000,00000000,1
736,736,0,719997d2,00000000,00000000,000f5c32,00000000,00000000,00f5c326,719997d2,0,00000000,00000000,00ccd8eb,3,00000000,00000000,1
737,737,0,719997d3,00000000,00000000,000f5c32,00000000,00000000,00f5c326,719997d3,0,00000000,00000000,00ccd8eb,3,00000000,00000000,1
738,738,0,719997d4,00000000,00000000,000f5c32,00000000,00000000,00f5c326,719997d4,0,00000000,00000000,00ccd8eb,3,00000000,00000000,1
739,739,0,719997d5,00000000,00000000,000f5c32,00000000,00000000,00f5c326,719997d5,0,00000000,00000000,00ccd8eb,3,00000000,00000000,1
740,740,0,719997d6,00000000,00000000,000f5c32,00000000,00000000,00f5c326,719997d6,0,00000000,00000000,00ccd8eb,3,00000000,00000000,1
741,741,0,719997d7,00000000,00000000,000f5c32,00000000,00000000,00f5c326,719997d7,0,00000000,00000000,00ccd8eb,3,00000000,00000000,1
742,742,0,719997d8,00000000,00000000,000f5c32,00000000,00000000,00f5c326,719997d8,0,00000000,00000000,00ccd8eb,3,00000000,00000000,1
743,743,0,719997d9,00000000,00000000,000f5c32,00000000,00000000,00f5c326,719997d9,0,00000000,00000000,00ccd8eb,3,00000000,00000000,1
744,744,0,719997da,00000000,00000000,000f5c32,00000000,00000000,00f5c326,719997da,0,00000000,00000000,00ccd8eb,3,00000000,00000000,1
745,745,0,719997db,00000000,00000000,000f5c32,00000000,00000000,00f5c326,719997db,0,00000000,00000000,00ccd8eb,3,00000000,00000000,1
746,746,0,719997dc,00000000,00000000,000f5c32,00000000,00000000,00f5c326,719997dc,0,00000000,00000000,00ccd8eb,3,00000000,00000000,1
747,747,0,719997dd,00000000,00000000,000f5c32,00000000,00000000,00f5c326,719997dd,0,00000000,00000000,00ccd8eb,3,00000000,00000000,1
748,748,0,719997de,00000000,00000000,000f5c32,00000000,00000000,00f5c326,719997de,0,00000000,00000000,00ccd8eb,3,00000000,00000000,1
749,749,0,719997df,00000000,00000000,000f5c32,00000000,00000000,00f5c326,719997df,0,00000000,00000000,00ccd8eb,3,00000000,00000000,1
750,750,0,719997e0,00000000,00000000,000f5c32,00000000,00000000,00f5c326,719997e0,0,00000000,00000000,00ccd8eb,3,00000000,00000000,1
751,751,0,719997e1,00000000,00000000,000f5c32,00000000,00000000,00f5c326,719997e1,0,00000000,00000000,00ccd8eb,3,00000000,00000000,1
752,752,0,719997e2,00000000,00000000,000f5c32,00000000,00000000,00f5c326,719997e2,0,00000000,00000000,00ccd8eb,3,00000000,00000000,1
753,753,0,719997e3,00000000,00000000,000f5c32,00000000,00000000,00f5c326,719997e3,0,00000000,00000000,00ccd8eb,3,00000000,00000000,1
754,754,0,719997e4,00000000,00000000,000f5c32,00000000,00000000,00f5c326,719997e4,0,00000000,00000000,00ccd8eb,3,00000000,00000000,1
755,755,0,719997e5,00000000,00000000,000f5c32,00000000,00000000,00f5c326,719997e5,0,00000000,00000000,00ccd8eb,3,00000000,00000000,1
756,756,0,719997e6,00000000,00000000,000f5c32,00000000,00000000,00f5c326,719997e6,0,00000000,00000000,00ccd8eb,3,00000000,00000000,1
757,757,0,719997e7,00000000,00000000,000f5c32,00000000,00000000,00f5c326,719997e7,0,00000000,00000000,00ccd8eb,3,00000000,00000000,1
758,758,0,719997e8,00000000,00000000,000f5c32,00000000,00000000,00f5c326,719997e8,0,00000000,00000000,00ccd8eb,3,00000000,00000000,1
759,759,0,719997e9,00000000,00000000,000f5c32,00000000,00000000,00f5c326,719997e9,0,00000000,00000000,00ccd8eb,3,00000000,00000000,1
760,760,0,719997ea,00000000,00000000,000f5c32,00000000,00000000,00f5c326,719997ea,0,00000000,00000000,00ccd8eb,3,00000000,00000000,1
761,761,0,719997eb,00000000,00000000,000f5c32,00000000,00000000,00f5c326,719997eb,0,00000000,00000000,00ccd8eb,3,00000000,00000000,1
762,762,0,719997ec,00000000,00000000,000f5c32,00000000,00000000,00f5c326,719997ec,0,00000000,00000000,00ccd8eb,3,00000000,00000000,1
763,763,0,719997ed,00000000,00000000,000f5c32,00000000,00000000,00f5c326,719997ed,0,00000000,00000000,00ccd8eb,3,00000000,00000000,1
764,764,0,719997ee,00000000,00000000,000f5c32,00000000,00000000,00f5c326,719997ee,0,00000000,00000000,00ccd8eb,3,00000000,00000000,1
765,765,0,719997ef,00000000,00000000,000f5c32,00000000,00000000,00f5c326,719997ef,0,00000000,00000000,00ccd8eb,3,00000000,00000000,1
766,766,0,719997f0,00000000,00000000,000f5c32,00000000,00000000,00f5c326,719997f0,0,00000000,00000000,00ccd8eb,3,00000000,00000000,1
767,767,0,719997f1,00000000,00000000,000f5c32,00000000,00000000,00f5c326,719997f1,0,00000000,00000000,00ccd8eb,3,00000000,00000000,1
768,768,0,719997f2,00000000,00000000,000f5c32,00000000,00000000,00f5c326,719997f2,0,00000000,00000000,00ccd8eb,3,00000000,00000000,1
769,769,0,719997f3,00000000,00000000,000f5c32,00000000,00000000,00f5c326,719997f3,0,00000000,00000000,00ccd8eb,3,00000000,00000000,1
770,770,0,719997f4,00000000,00000000,000f5c32,00000000,00000000,00f5c326,719997f4,0,00000000,00000000,00ccd8eb,3,00000000,00000000,1
771,771,0,719997f5,00000000,00000000,000f5c32,00000000,00000000,00f5c326,719997f5,0,00000000,00000000,00ccd8eb,3,00000000,00000000,1
772,772,0,719997f6,00000000,00000000,000f5c32,00000000,00000000,00f5c326,719997f6,0,00000000,00000000,00ccd8eb,3,00000000,00000000,1
773,773,0,719997f7,00000000,00000000,000f5c32,00000000,00000000,00f5c326,719997f7,0,00000000,00000000,00ccd8eb,3,00000000,00000000,1
774,774,0,719997f8,00000000,00000000,000f5c32,00000000,00000000,00f5c326,719997f8,0,00000000,00000000,00ccd8eb,3,00000000,00000000,1
775,775,0,719997f9,00000000,00000000,000f5c32,00000000,00000000,00f5c326,719997f9,0,00000000,00000000,00ccd8eb,3,00000000,00000000,1
776,776,0,719997fa,00000000,00000000,000f5c32,00000000,00000000,00f5c326,719997fa,0,00000000,00000000,00ccd8eb,3,00000000,00000000,1
777,777,0,719997fb,00000000,00000000,000f5c32,00000000,00000000,00f5c326,719997fb,0,00000000,00000000,00ccd8eb,3,00000000,00000000,1
778,778,0,719997fc,00000000,00000000,000f5c32,00000000,00000000,00f5c326,719997fc,0,00000000,00000000,00ccd8eb,3,00000000,00000000,1
779,779,0,719997fd,00000000,00000000,000f5c32,00000000,00000000,00f5c326,719997fd,0,00000000,00000000,00ccd8eb,3,00000000,00000000,1
780,780,0,719997fe,00000000,00000000,000f5c32,00000000,00000000,00f5c326,719997fe,0,00000000,00000000,00ccd8eb,3,00000000,00000000,1
781,781,0,719997ff,00000000,00000000,000f5c32,00000000,00000000,00f5c326,719997ff,0,00000000,00000000,00ccd8eb,3,00000000,00000000,1
782,782,0,71999800,00000000,00000000,000f5c32,00000000,00000000,00f5c326,71999800,0,00000000,00000000,00ccd8eb,3,00000000,00000000,1
783,783,0,71999801,00000000,00000000,000f5c32,00000000,00000000,00f5c326,71999801,0,00000000,00000000,00ccd8eb,3,00000000,00000000,1
784,784,0,71999802,00000000,00000000,000f5c32,00000000,00000000,00f5c326,71999802,0,00000000,00000000,00ccd8eb,3,00000000,00000000,1
785,785,0,71999803,00000000,00000000,000f5c32,00000000,00000000,00f5c326,71999803,0,00000000,00000000,00ccd8eb,3,00000000,00000000,1
786,786,0,71999804,00000000,00000000,000f5c32,00000000,00000000,00f5c326,71999804,0,00000000,00000000,00ccd8eb,3,00000000,00000000,1
787,787,0,71999805,00000000,00000000,000f5c32,00000000,00000000,00f5c326,71999805,0,00000000,00000000,00ccd8eb,3,00000000,00000000,1
788,788,0,71999806,00000000,00000000,000f5c32,00000000,00000000,00f5c326,71999806,0,00000000,00000000,00ccd8eb,3,00000000,00000000,1
789,789,0,71999807,00000000,00000000,000f5c32,00000000,00000000,00f5c326,71999807,0,00000000,00000000,00ccd8eb,3,00000000,00000000,1
790,790,0,71999808,00000000,00000000,000f5c32,00000000,00000000,00f5c326,71999808,0,00000000,00000000,00ccd8eb,3,00000000,00000000,1
791,791,0,71999809,00000000,00000000,000f5c32,00000000,00000000,00f5c326,71999809,0,00000000,00000000,00ccd8eb,3,00000000,00000000,1
792,792,0,7199980a,00000000,00000000,000f5c32,00000000,00000000,00f5c326,7199980a,0,00000000,00000000,00ccd8eb,3,00000000,00000000,1
793,793,0,7199980b,00000000,00000000,000f5c32,00000000,00000000,00f5c326,7199980b,0,00000000,00000000,00ccd8eb,3,00000000,00000000,1
794,794,0,7199980c,00000000,00000000,000f5c32,00000000,00000000,00f5c326,7199980c,0,00000000,00000000,00ccd8eb,3,00000000,00000000,1
795,795,0,7199980d,00000000,00000000,000f5c32,00000000,00000000,00f5c326,7199980d,0,00000000,00000000,00ccd8eb,3,00000000,00000000,1
796,796,0,7199980e,00000000,00000000,000f5c32,00000000,00000000,00f5c326,7199980e,0,00000000,00000000,00ccd8eb,3,00000000,00000000,1
797,797,0,7199980f,00000000,00000000,000f5c32,00000000,00000000,00f5c326,7199980f,0,00000000,00000000,00ccd8eb,3,00000000,00000000,1
798,798,0,71999810,00000000,00000000,000f5c32,00000000,00000000,00f5c326,71999810,0,00000000,00000000,00ccd8eb,3,00000000,00000000,1
799,799,0,71999811,00000000,00000000,000f5c32,00000000,00000000,00f5c326,71999811,0,00000000,00000000,00ccd8eb,3,00000000,00000000,1
800,800,0,71999812,00000000,00000000,000f5c32,00000000,00000000,00f5c326,71999812,0,00000000,00000000,00ccd8eb,3,00000000,00000000,1
801,801,0,71999813,00000000,00000000,000f5c32,00000000,00000000,00f5c326,71999813,0,00000000,00000000,00ccd8eb,3,00000000,00000000,1
802,802,0,71999814,00000000,00000000,000f5c32,00000000,00000000,00f5c326,71999814,0,00000000,00000000,00ccd8eb,3,00000000,00000000,1
803,803,0,71999815,00000000,00000000,000f5c32,00000000,00000000,00f5c326,71999815,0,00000000,00000000,00ccd8eb,3,00000000,00000000,1
804,804,0,71999816,00000000,00000000,000f5c32,00000000,00000000,00f5c326,71999816,0,00000000,00000000,00ccd8eb,3,00000000,00000000,1
805,805,0,71999817,00000000,00000000,000f5c32,00000000,00000000,00f5c326,71999817,0,00000000,00000000,00ccd8eb,3,00000000,00000000,1
806,806,0,71999818,00000000,00000000,000f5c32,00000000,00000000,00f5c326,71999818,0,00000000,00000000,00ccd8eb,3,00000000,00000000,1
807,807,0,71999819,00000000,00000000,000f5c32,00000000,00000000,00f5c326,71999819,0,00000000,00000000,00ccd8eb,3,00000000,00000000,1
808,808,0,7199981a,00000000,00000000,000f5c32,00000000,00000000,00f5c326,7199981a,0,00000000,00000000,00ccd8eb,3,00000000,00000000,1
809,809,0,7199981b,00000000,00000000,000f5c32,00000000,00000000,00f5c326,7199981b,0,00000000,00000000,00ccd8eb,3,00000000,00000000,1
810,810,0,7199981c,00000000,00000000,000f5c32,00000000,00000000,00f5c326,7199981c,0,00000000,00000000,00ccd8eb,3,00000000,00000000,1
811,811,0,7199981d,00000000,00000000,000f5c32,00000000,00000000,00f5c326,7199981d,0,00000000,00000000,00ccd8eb,3,00000000,00000000,1
812,812,0,7199981e,00000000,00000000,000f5c32,00000000,00000000,00f5c326,7199981e,0,00000000,00000000,00ccd8eb,3,00000000,00000000,1
813,813,0,7199981f,00000000,00000000,000f5c32,00000000,00000000,00f5c326,7199981f,0,00000000,00000000,00ccd8eb,3,00000000,00000000,1
814,814,0,71999820,00000000,00000000,000f5c32,00000000,00000000,00f5c326,71999820,0,00000000,00000000,00ccd8eb,3,00000000,00000000,1
815,815,0,71999821,00000000,00000000,000f5c32,00000000,00000000,00f5c326,71999821,0,00000000,00000000,00ccd8eb,3,00000000,00000000,1
816,816,0,71999822,00000000,00000000,000f5c32,00000000,00000000,00f5c326,71999822,0,00000000,00000000,00ccd8eb,3,00000000,00000000,1
817,817,0,71999823,00000000,00000000,000f5c32,00000000,00000000,00f5c326,71999823,0,00000000,00000000,00ccd8eb,3,00000000,00000000,1
818,818,0,71999824,00000000,00000000,000f5c32,00000000,00000000,00f5c326,71999824,0,00000000,00000000,00ccd8eb,3,00000000,00000000,1
819,819,0,71999825,00000000,00000000,000f5c32,00000000,00000000,00f5c326,71999825,0,00000000,00000000,00ccd8eb,3,00000000,00000000,1
820,820,0,71999826,00000000,00000000,000f5c32,00000000,00000000,00f5c326,71999826,0,00000000,00000000,00ccd8eb,3,00000000,00000000,1
821,821,0,71999827,00000000,00000000,000f5c32,00000000,00000000,00f5c326,71999827,0,00000000,00000000,00ccd8eb,3,00000000,00000000,1
822,822,0,71999828,00000000,00000000,000f5c32,00000000,00000000,00f5c326,71999828,0,00000000,00000000,00ccd8eb,3,00000000,00000000,1
823,823,0,71999829,00000000,00000000,000f5c32,00000000,00000000,00f5c326,71999829,0,00000000,00000000,00ccd8eb,3,00000000,00000000,1
824,824,0,7199982a,00000000,00000000,000f5c32,00000000,00000000,00f5c326,7199982a,0,00000000,00000000,00ccd8eb,3,00000000,00000000,1
825,825,0,7199982b,00000000,00000000,000f5c32,00000000,00000000,00f5c326,7199982b,0,00000000,00000000,00ccd8eb,3,00000000,00000000,1
826,826,0,7199982c,00000000,00000000,000f5c32,00000000,00000000,00f5c326,7199982c,0,00000000,00000000,00ccd8eb,3,00000000,00000000,1
827,827,0,7199982d,00000000,00000000,000f5c32,00000000,00000000,00f5c326,7199982d,0,00000000,00000000,00ccd8eb,3,00000000,00000000,1
828,828,0,7199982e,00000000,00000000,000f5c32,00000000,00000000,00f5c326,7199982e,0,00000000,00000000,00ccd8eb,3,00000000,00000000,1
829,829,0,7199982f,00000000,00000000,000f5c32,00000000,00000000,00f5c326,7199982f,0,00000000,00000000,00ccd8eb,3,00000000,00000000,1
830,830,0,71999830,00000000,00000000,000f5c32,00000000,00000000,00f5c326,71999830,0,00000000,00000000,00ccd8eb,3,00000000,00000000,1
831,831,0,71999831,00000000,00000000,000f5c32,00000000,00000000,00f5c326,71999831,0,00000000,00000000,00ccd8eb,3,00000000,00000000,1
832,832,0,71999832,00000000,00000000,000f5c32,00000000,00000000,00f5c326,71999832,0,00000000,00000000,00ccd8eb,3,00000000,00000000,1
833,833,0,71999833,00000000,00000000,000f5c32,00000000,00000000,00f5c326,71999833,0,00000000,00000000,00ccd8eb,3,00000000,00000000,1
834,834,0,71999834,00000000,00000000,000f5c32,00000000,00000000,00f5c326,71999834,0,00000000,00000000,00ccd8eb,3,00000000,00000000,1
835,835,0,71999835,00000000,00000000,000f5c32,00000000,00000000,00f5c326,71999835,0,00000000,00000000,00ccd8eb,3,00000000,00000000,1
836,836,0,71999836,00000000,00000000,000f5c32,00000000,00000000,00f5c326,71999836,0,00000000,00000000,00ccd8eb,3,00000000,00000000,1
837,837,0,71999837,00000000,00000000,000f5c32,00000000,00000000,00f5c326,71999837,0,00000000,00000000,00ccd8eb,3,00000000,00000000,1
838,838,0,71999838,00000000,00000000,000f5c32,00000000,00000000,00f5c326,71999838,0,00000000,00000000,00ccd8eb,3,00000000,00000000,1
839,839,0,71999839,00000000,00000000,000f5c32,00000000,00000000,00f5c326,71999839,0,00000000,00000000,00ccd8eb,3,00000000,00000000,1
840,840,0,7199983a,00000000,00000000,000f5c32,00000000,00000000,00f5c326,7199983a,0,00000000,00000000,00ccd8eb,3,00000000,00000000,1
841,841,0,7199983b,00000000,00000000,000f5c32,00000000,00000000,00f5c326,7199983b,0,00000000,00000000,00ccd8eb,3,00000000,00000000,1
842,842,0,7199983c,00000000,00000000,000f5c32,00000000,00000000,00f5c326,7199983c,0,00000000,00000000,00ccd8eb,3,00000000,00000000,1
843,843,0,7199983d,00000000,00000000,000f5c32,00000000,00000000,00f5c326,7199983d,0,00000000,00000000,00ccd8eb,3,00000000,00000000,1
844,844,0,7199983e,00000000,00000000,000f5c32,00000000,00000000,00f5c326,7199983e,0,00000000,00000000,00ccd8eb,3,00000000,00000000,1
845,845,0,7199983f,00000000,00000000,000f5c32,00000000,00000000,00f5c326,7199983f,0,00000000,00000000,00ccd8eb,3,00000000,00000000,1
846,846,0,71999840,00000000,00000000,000f5c32,00000000,00000000,00f5c326,71999840,0,00000000,00000000,00ccd8eb,3,00000000,00000000,1
847,847,0,71999841,00000000,00000000,000f5c32,00000000,00000000,00f5c326,71999841,0,00000000,00000000,00ccd8eb,3,00000000,00000000,1
848,848,0,71999842,00000000,00000000,000f5c32,00000000,00000000,00f5c326,71999842,0,00000000,00000000,00ccd8eb,3,00000000,00000000,1
849,849,0,71999843,00000000,00000000,000f5c32,00000000,00000000,00f5c326,71999843,0,00000000,00000000,00ccd8eb,3,00000000,00000000,1
850,850,0,71999844,00000000,00000000,000f5c32,00000000,00000000,00f5c326,71999844,0,00000000,00000000,00ccd8eb,3,00000000,00000000,1
851,851,0,71999845,00000000,00000000,000f5c32,00000000,00000000,00f5c326,71999845,0,00000000,00000000,00ccd8eb,3,00000000,00000000,1
852,852,0,71999846,00000000,00000000,000f5c32,00000000,00000000,00f5c326,71999846,0,00000000,00000000,00ccd8eb,3,00000000,00000000,1
853,853,0,71999847,00000000,00000000,000f5c32,00000000,00000000,00f5c326,71999847,0,00000000,00000000,00ccd8eb,3,00000000,00000000,1
854,854,0,71999848,00000000,00000000,000f5c32,00000000,00000000,00f5c326,71999848,0,00000000,00000000,00ccd8eb,3,00000000,00000000,1
855,855,0,71999849,00000000,00000000,000f5c32,00000000,00000000,00f5c326,71999849,0,00000000,00000000,00ccd8eb,3,00000000,00000000,1
856,856,0,7199984a,00000000,00000000,000f5c32,00000000,00000000,00f5c326,7199984a,0,00000000,00000000,00ccd8eb,3,00000000,00000000,1
857,857,0,7199984b,00000000,00000000,000f5c32,00000000,00000000,00f5c326,7199984b,0,00000000,00000000,00ccd8eb,3,00000000,00000000,1
858,858,0,7199984c,00000000,00000000,000f5c32,00000000,00000000,00f5c326,7199984c,0,00000000,00000000,00ccd8eb,3,00000000,00000000,1
859,859,0,7199984d,00000000,00000000,000f5c32,00000000,00000000,00f5c326,7199984d,0,00000000,00000000,00ccd8eb,3,00000000,00000000,1
860,860,0,7199984e,00000000,00000000,000f5c32,00000000,00000000,00f5c326,7199984e,0,00000000,00000000,00ccd8eb,3,00000000,00000000,1
861,861,0,7199984f,00000000,00000000,000f5c32,00000000,00000000,00f5c326,7199984f,0,00000000,00000000,00ccd8eb,3,00000000,00000000,1
862,862,0,71999850,00000000,00000000,000f5c32,00000000,00000000,00f5c326,71999850,0,00000000,00000000,00ccd8eb,3,00000000,00000000,1
863,863,0,71999851,00000000,00000000,000f5c32,00000000,00000000,00f5c326,71999851,0,00000000,00000000,00ccd8eb,3,00000000,00000000,1
864,864,0,71999852,00000000,00000000,000f5c32,00000000,00000000,00f5c326,71999852,0,00000000,00000000,00ccd8eb,3,00000000,00000000,1
865,865,0,71999853,00000000,00000000,000f5c32,00000000,00000000,00f5c326,71999853,0,00000000,00000000,00ccd8eb,3,00000000,00000000,1
866,866,0,71999854,00000000,00000000,000f5c32,00000000,00000000,00f5c326,71999854,0,00000000,00000000,00ccd8eb,3,00000000,00000000,1
867,867,0,71999855,00000000,00000000,000f5c32,00000000,00000000,00f5c326,71999855,0,00000000,00000000,00ccd8eb,3,00000000,00000000,1
868,868,0,71999856,00000000,00000000,000f5c32,00000000,00000000,00f5c326,71999856,0,00000000,00000000,00ccd8eb,3,00000000,00000000,1
869,869,0,71999857,00000000,00000000,000f5c32,00000000,00000000,00f5c326,71999857,0,00000000,00000000,00ccd8eb,3,00000000,00000000,1
870,870,0,71999858,00000000,00000000,000f5c32,00000000,00000000,00f5c326,71999858,0,00000000,00000000,00ccd8eb,3,00000000,00000000,1
871,871,0,71999859,00000000,00000000,000f5c32,00000000,00000000,00f5c326,71999859,0,00000000,00000000,00ccd8eb,3,00000000,00000000,1
872,872,0,7199985a,00000000,00000000,000f5c32,00000000,00000000,00f5c326,7199985a,0,00000000,00000000,00ccd8eb,3,00000000,00000000,1
873,873,0,7199985b,00000000,00000000,000f5c32,00000000,00000000,00f5c326,7199985b,0,00000000,00000000,00ccd8eb,3,00000000,00000000,1
874,874,0,7199985c,00000000,00000000,000f5c32,00000000,00000000,00f5c326,7199985c,0,00000000,00000000,00ccd8eb,3,00000000,00000000,1
875,875,0,7199985d,00000000,00000000,000f5c32,00000000,00000000,00f5c326,7199985d,0,00000000,00000000,00ccd8eb,3,00000000,00000000,1
876,876,0,7199985e,00000000,00000000,000f5c32,00000000,00000000,00f5c326,7199985e,0,00000000,00000000,00ccd8eb,3,00000000,00000000,1
877,877,0,7199985f,00000000,00000000,000f5c32,00000000,00000000,00f5c326,7199985f,0,00000000,00000000,00ccd8eb,3,00000000,00000000,1
878,878,0,71999860,00000000,00000000,000f5c32,00000000,00000000,00f5c326,71999860,0,00000000,00000000,00ccd8eb,3,00000000,00000000,1
879,879,0,71999861,00000000,00000000,000f5c32,00000000,00000000,00f5c326,71999861,0,00000000,00000000,00ccd8eb,3,00000000,00000000,1
880,880,0,71999862,00000000,00000000,000f5c32,00000000,00000000,00f5c326,71999862,0,00000000,00000000,00ccd8eb,3,00000000,00000000,1
881,881,0,71999863,00000000,00000000,000f5c32,00000000,00000000,00f5c326,71999863,0,00000000,00000000,00ccd8eb,3,00000000,00000000,1
882,882,0,71999864,00000000,00000000,000f5c32,00000000,00000000,00f5c326,71999864,0,00000000,00000000,00ccd8eb,3,00000000,00000000,1
883,883,0,71999865,00000000,00000000,000f5c32,00000000,00000000,00f5c326,71999865,0,00000000,00000000,00ccd8eb,3,00000000,00000000,1
884,884,0,71999866,00000000,00000000,000f5c32,00000000,00000000,00f5c326,71999866,0,00000000,00000000,00ccd8eb,3,00000000,00000000,1
885,885,0,71999867,00000000,00000000,000f5c32,00000000,00000000,00f5c326,71999867,0,00000000,00000000,00ccd8eb,3,00000000,00000000,1
886,886,0,71999868,00000000,00000000,000f5c32,00000000,00000000,00f5c326,71999868,0,00000000,00000000,00ccd8eb,3,00000000,00000000,1
887,887,0,71999869,00000000,00000000,000f5c32,00000000,00000000,00f5c326,71999869,0,00000000,00000000,00ccd8eb,3,00000000,00000000,1
888,888,0,7199986a,00000000,00000000,000f5c32,00000000,00000000,00f5c326,7199986a,0,00000000,00000000,00ccd8eb,3,00000000,00000000,1
889,889,0,7199986b,00000000,00000000,000f5c32,00000000,00000000,00f5c326,7199986b,0,00000000,00000000,00ccd8eb,3,00000000,00000000,1
890,890,0,7199986c,00000000,00000000,000f5c32,00000000,00000000,00f5c326,7199986c,0,00000000,00000000,00ccd8eb,3,00000000,00000000,1
891,891,0,7199986d,00000000,00000000,000f5c32,00000000,00000000,00f5c326,7199986d,0,00000000,00000000,00ccd8eb,3,00000000,00000000,1
892,892,0,7199986e,00000000,00000000,000f5c32,00000000,00000000,00f5c326,7199986e,0,00000000,00000000,00ccd8eb,3,00000000,00000000,1
893,893,0,7199986f,00000000,00000000,000f5c32,00000000,00000000,00f5c326,7199986f,0,00000000,00000000,00ccd8eb,3,00000000,00000000,1
894,894,0,71999870,00000000,00000000,000f5c32,00000000,00000000,00f5c326,71999870,0,00000000,00000000,00ccd8eb,3,00000000,00000000,1
895,895,0,71999871,00000000,00000000,000f5c32,00000000,00000000,00f5c326,71999871,0,00000000,00000000,00ccd8eb,3,00000000,00000000,1
896,896,0,71999872,00000000,00000000,000f5c32,00000000,00000000,00f5c326,71999872,0,00000000,00000000,00ccd8eb,3,00000000,00000000,1
897,897,0,71999873,00000000,00000000,000f5c32,00000000,00000000,00f5c326,71999873,0,00000000,00000000,00ccd8eb,3,00000000,00000000,1
898,898,0,71999874,00000000,00000000,000f5c32,00000000,00000000,00f5c326,71999874,0,00000000,00000000,00ccd8eb,3,00000000,00000000,1
899,899,0,71999875,00000000,00000000,000f5c32,00000000,00000000,00f5c326,71999875,0,00000000,00000000,00ccd8eb,3,00000000,00000000,1
900,900,0,71999876,00000000,00000000,000f5c32,00000000,00000000,00f5c326,71999876,0,00000000,00000000,00ccd8eb,3,00000000,00000000,1
901,901,0,71999877,00000000,00000000,000f5c32,00000000,00000000,00f5c326,71999877,0,00000000,00000000,00ccd8eb,3,00000000,00000000,1
902,902,0,71999878,00000000,00000000,000f5c32,00000000,00000000,00f5c326,71999878,0,00000000,00000000,00ccd8eb,3,00000000,00000000,1
903,903,0,71999879,00000000,00000000,000f5c32,00000000,00000000,00f5c326,71999879,0,00000000,00000000,00ccd8eb,3,00000000,00000000,1
904,904,0,7199987a,00000000,00000000,000f5c32,00000000,00000000,00f5c326,7199987a,0,00000000,00000000,00ccd8eb,3,00000000,00000000,1
905,905,0,7199987b,00000000,00000000,000f5c32,00000000,00000000,00f5c326,7199987b,0,00000000,00000000,00ccd8eb,3,00000000,00000000,1
906,906,0,7199987c,00000000,00000000,000f5c32,00000000,00000000,00f5c326,7199987c,0,00000000,00000000,00ccd8eb,3,00000000,00000000,1
907,907,0,7199987d,00000000,00000000,000f5c32,00000000,00000000,00f5c326,7199987d,0,00000000,00000000,00ccd8eb,3,00000000,00000000,1
908,908,0,7199987e,00000000,00000000,000f5c32,00000000,00000000,00f5c326,7199987e,0,00000000,00000000,00ccd8eb,3,00000000,00000000,1
909,909,0,7199987f,00000000,00000000,000f5c32,00000000,00000000,00f5c326,7199987f,0,00000000,00000000,00ccd8eb,3,00000000,00000000,1
910,910,0,71999880,00000000,00000000,000f5c32,00000000,00000000,00f5c326,71999880,0,00000000,00000000,00ccd8eb,3,00000000,00000000,1
911,911,0,71999881,00000000,00000000,000f5c32,00000000,00000000,00f5c326,71999881,0,00000000,00000000,00ccd8eb,3,00000000,00000000,1
912,912,0,71999882,00000000,00000000,000f5c32,00000000,00000000,00f5c326,71999882,0,00000000,00000000,00ccd8eb,3,00000000,00000000,1
913,913,0,71999883,00000000,00000000,000f5c32,00000000,00000000,00f5c326,71999883,0,00000000,00000000,00ccd8eb,3,00000000,00000000,1
914,914,0,71999884,00000000,00000000,000f5c32,00000000,00000000,00f5c326,71999884,0,00000000,00000000,00ccd8eb,3,00000000,00000000,1
915,915,0,71999885,00000000,00000000,000f5c32,00000000,00000000,00f5c326,71999885,0,00000000,00000000,00ccd8eb,3,00000000,00000000,1
916,916,0,71999886,00000000,00000000,000f5c32,00000000,00000000,00f5c326,71999886,0,00000000,00000000,00ccd8eb,3,00000000,00000000,1
917,917,0,71999887,00000000,00000000,000f5c32,00000000,00000000,00f5c326,71999887,0,00000000,00000000,00ccd8eb,3,00000000,00000000,1
918,918,0,71999888,00000000,00000000,000f5c32,00000000,00000000,00f5c326,71999888,0,00000000,00000000,00ccd8eb,3,00000000,00000000,1
919,919,0,71999889,00000000,00000000,000f5c32,00000000,00000000,00f5c326,71999889,0,00000000,00000000,00ccd8eb,3,00000000,00000000,1
920,920,0,7199988a,00000000,00000000,000f5c32,00000000,00000000,00f5c326,7199988a,0,00000000,00000000,00ccd8eb,3,00000000,00000000,1
921,921,0,7199988b,00000000,00000000,000f5c32,00000000,00000000,00f5c326,7199988b,0,00000000,00000000,00ccd8eb,3,00000000,00000000,1
922,922,0,7199988c,00000000,00000000,000f5c32,00000000,00000000,00f5c326,7199988c,0,00000000,00000000,00ccd8eb,3,00000000,00000000,1
923,923,0,7199988d,00000000,00000000,000f5c32,00000000,00000000,00f5c326,7199988d,0,00000000,00000000,00ccd8eb,3,00000000,00000000,1
924,924,0,7199988e,00000000,00000000,000f5c32,00000000,00000000,00f5c326,7199988e,0,00000000,00000000,00ccd8eb,3,00000000,00000000,1
925,925,0,7199988f,00000000,00000000,000f5c32,00000000,00000000,00f5c326,7199988f,0,00000000,00000000,00ccd8eb,3,00000000,00000000,1
926,926,0,71999890,00000000,00000000,000f5c32,00000000,00000000,00f5c326,71999890,0,00000000,00000000,00ccd8eb,3,00000000,00000000,1
927,927,0,71999891,00000000,00000000,000f5c32,00000000,00000000,00f5c326,71999891,0,00000000,00000000,00ccd8eb,3,00000000,00000000,1
928,928,0,71999892,00000000,00000000,000f5c32,00000000,00000000,00f5c326,71999892,0,00000000,00000000,00ccd8eb,3,00000000,00000000,1
929,929,0,71999893,00000000,00000000,000f5c32,00000000,00000000,00f5c326,71999893,0,00000000,00000000,00ccd8eb,3,00000000,00000000,1
930,930,0,71999894,00000000,00000000,000f5c32,00000000,00000000,00f5c326,71999894,0,00000000,00000000,00ccd8eb,3,00000000,00000000,1
931,931,0,71999895,00000000,00000000,000f5c32,00000000,00000000,00f5c326,71999895,0,00000000,00000000,00ccd8eb,3,00000000,00000000,1
932,932,0,71999896,00000000,00000000,000f5c32,00000000,00000000,00f5c326,71999896,0,00000000,00000000,00ccd8eb,3,00000000,00000000,1
933,933,0,71999897,00000000,00000000,000f5c32,00000000,00000000,00f5c326,71999897,0,00000000,00000000,00ccd8eb,3,00000000,00000000,1
934,934,0,71999898,00000000,00000000,000f5c32,00000000,00000000,00f5c326,71999898,0,00000000,00000000,00ccd8eb,3,00000000,00000000,1
935,935,0,71999899,00000000,00000000,000f5c32,00000000,00000000,00f5c326,71999899,0,00000000,00000000,00ccd8eb,3,00000000,00000000,1
936,936,0,7199989a,00000000,00000000,000f5c32,00000000,00000000,00f5c326,7199989a,0,00000000,00000000,00ccd8eb,3,00000000,00000000,1
937,937,0,7199989b,00000000,00000000,000f5c32,00000000,00000000,00f5c326,7199989b,0,00000000,00000000,00ccd8eb,3,00000000,00000000,1
938,938,0,7199989c,00000000,00000000,000f5c32,00000000,00000000,00f5c326,7199989c,0,00000000,00000000,00ccd8eb,3,00000000,00000000,1
939,939,0,7199989d,00000000,00000000,000f5c32,00000000,00000000,00f5c326,7199989d,0,00000000,00000000,00ccd8eb,3,00000000,00000000,1
940,940,0,7199989e,00000000,00000000,000f5c32,00000000,00000000,00f5c326,7199989e,0,00000000,00000000,00ccd8eb,3,00000000,00000000,1
941,941,0,7199989f,00000000,00000000,000f5c32,00000000,00000000,00f5c326,7199989f,0,00000000,00000000,00ccd8eb,3,00000000,00000000,1
942,942,0,719998a0,00000000,00000000,000f5c32,00000000,00000000,00f5c326,719998a0,0,00000000,00000000,00ccd8eb,3,00000000,00000000,1
943,943,0,719998a1,00000000,00000000,000f5c32,00000000,00000000,00f5c326,719998a1,0,00000000,00000000,00ccd8eb,3,00000000,00000000,1
944,944,0,719998a2,00000000,00000000,000f5c32,00000000,00000000,00f5c326,719998a2,0,00000000,00000000,00ccd8eb,3,00000000,00000000,1
945,945,0,719998a3,00000000,00000000,000f5c32,00000000,00000000,00f5c326,719998a3,0,00000000,00000000,00ccd8eb,3,00000000,00000000,1
946,946,0,719998a4,00000000,00000000,000f5c32,00000000,00000000,00f5c326,719998a4,0,00000000,00000000,00ccd8eb,3,00000000,00000000,1
947,947,0,719998a5,00000000,00000000,000f5c32,00000000,00000000,00f5c326,719998a5,0,00000000,00000000,00ccd8eb,3,00000000,00000000,1
948,948,0,719998a6,00000000,00000000,000f5c32,00000000,00000000,00f5c326,719998a6,0,00000000,00000000,00ccd8eb,3,00000000,00000000,1
949,949,0,719998a7,00000000,00000000,000f5c32,00000000,00000000,00f5c326,719998a7,0,00000000,00000000,00ccd8eb,3,00000000,00000000,1
950,950,0,719998a8,00000000,00000000,000f5c32,00000000,00000000,00f5c326,719998a8,0,00000000,00000000,00ccd8eb,3,00000000,00000000,1
951,951,0,719998a9,00000000,00000000,000f5c32,00000000,00000000,00f5c326,719998a9,0,00000000,00000000,00ccd8eb,3,00000000,00000000,1
952,952,0,719998aa,00000000,00000000,000f5c32,00000000,00000000,00f5c326,719998aa,0,00000000,00000000,00ccd8eb,3,00000000,00000000,1
953,953,0,719998ab,00000000,00000000,000f5c32,00000000,00000000,00f5c326,719998ab,0,00000000,00000000,00ccd8eb,3,00000000,00000000,1
954,954,0,719998ac,00000000,00000000,000f5c32,00000000,00000000,00f5c326,719998ac,0,00000000,00000000,00ccd8eb,3,00000000,00000000,1
955,955,0,719998ad,00000000,00000000,000f5c32,00000000,00000000,00f5c326,719998ad,0,00000000,00000000,00ccd8eb,3,00000000,00000000,1
956,956,0,719998ae,00000000,00000000,000f5c32,00000000,00000000,00f5c326,719998ae,0,00000000,00000000,00ccd8eb,3,00000000,00000000,1
957,957,0,719998af,00000000,00000000,000f5c32,00000000,00000000,00f5c326,719998af,0,00000000,00000000,00ccd8eb,3,00000000,00000000,1
958,958,0,719998b0,00000000,00000000,000f5c32,00000000,00000000,00f5c326,719998b0,0,00000000,00000000,00ccd8eb,3,00000000,00000000,1
959,959,0,719998b1,00000000,00000000,000f5c32,00000000,00000000,00f5c326,719998b1,0,00000000,00000000,00ccd8eb,3,00000000,00000000,1
960,960,0,719998b2,00000000,00000000,000f5c32,00000000,00000000,00f5c326,719998b2,0,00000000,00000000,00ccd8eb,3,00000000,00000000,1
961,961,0,719998b3,00000000,00000000,000f5c32,00000000,00000000,00f5c326,719998b3,0,00000000,00000000,00ccd8eb,3,00000000,00000000,1
962,962,0,719998b4,00000000,00000000,000f5c32,00000000,00000000,00f5c326,719998b4,0,00000000,00000000,00ccd8eb,3,00000000,00000000,1
963,963,0,719998b5,00000000,00000000,000f5c32,00000000,00000000,00f5c326,719998b5,0,00000000,00000000,00ccd8eb,3,00000000,00000000,1
964,964,0,719998b6,00000000,00000000,000f5c32,00000000,00000000,00f5c326,719998b6,0,00000000,00000000,00ccd8eb,3,00000000,00000000,1
965,965,0,719998b7,00000000,00000000,000f5c32,00000000,00000000,00f5c326,719998b7,0,00000000,00000000,00ccd8eb,3,00000000,00000000,1
966,966,0,719998b8,00000000,00000000,000f5c32,00000000,00000000,00f5c326,719998b8,0,00000000,00000000,00ccd8eb,3,00000000,00000000,1
967,967,0,719998b9,00000000,00000000,000f5c32,00000000,00000000,00f5c326,719998b9,0,00000000,00000000,00ccd8eb,3,00000000,00000000,1
968,968,0,719998ba,00000000,00000000,000f5c32,00000000,00000000,00f5c326,719998ba,0,00000000,00000000,00ccd8eb,3,00000000,00000000,1
969,969,0,719998bb,00000000,00000000,000f5c32,00000000,00000000,00f5c326,719998bb,0,00000000,00000000,00ccd8eb,3,00000000,00000000,1
970,970,0,719998bc,00000000,00000000,000f5c32,00000000,00000000,00f5c326,719998bc,0,00000000,00000000,00ccd8eb,3,00000000,00000000,1
971,971,0,719998bd,00000000,00000000,000f5c32,00000000,00000000,00f5c326,719998bd,0,00000000,00000000,00ccd8eb,3,00000000,00000000,1
972,972,0,719998be,00000000,00000000,000f5c32,00000000,00000000,00f5c326,719998be,0,00000000,00000000,00ccd8eb,3,00000000,00000000,1
973,973,0,719998bf,00000000,00000000,000f5c32,00000000,00000000,00f5c326,719998bf,0,00000000,00000000,00ccd8eb,3,00000000,00000000,1
974,974,0,719998c0,00000000,00000000,000f5c32,00000000,00000000,00f5c326,719998c0,0,00000000,00000000,00ccd8eb,3,00000000,00000000,1
975,975,0,719998c1,00000000,00000000,000f5c32,00000000,00000000,00f5c326,719998c1,0,00000000,00000000,00ccd8eb,3,00000000,00000000,1
976,976,0,719998c2,00000000,00000000,000f5c32,00000000,00000000,00f5c326,719998c2,0,00000000,00000000,00ccd8eb,3,00000000,00000000,1
977,977,0,719998c3,00000000,00000000,000f5c32,00000000,00000000,00f5c326,719998c3,0,00000000,00000000,00ccd8eb,3,00000000,00000000,1
978,978,0,719998c4,00000000,00000000,000f5c32,00000000,00000000,00f5c326,719998c4,0,00000000,00000000,00ccd8eb,3,00000000,00000000,1
979,979,0,719998c5,00000000,00000000,000f5c32,00000000,00000000,00f5c326,719998c5,0,00000000,00000000,00ccd8eb,3,00000000,00000000,1
980,980,0,719998c6,00000000,00000000,000f5c32,00000000,00000000,00f5c326,719998c6,0,00000000,00000000,00ccd8eb,3,00000000,00000000,1
981,981,0,719998c7,00000000,00000000,000f5c32,00000000,00000000,00f5c326,719998c7,0,00000000,00000000,00ccd8eb,3,00000000,00000000,1
982,982,0,719998c8,00000000,00000000,000f5c32,00000000,00000000,00f5c326,719998c8,0,00000000,00000000,00ccd8eb,3,00000000,00000000,1
983,983,0,719998c9,00000000,00000000,000f5c32,00000000,00000000,00f5c326,719998c9,0,00000000,00000000,00ccd8eb,3,00000000,00000000,1
984,984,0,719998ca,00000000,00000000,000f5c32,00000000,00000000,00f5c326,719998ca,0,00000000,00000000,00ccd8eb,3,00000000,00000000,1
985,985,0,719998cb,00000000,00000000,000f5c32,00000000,00000000,00f5c326,719998cb,0,00000000,00000000,00ccd8eb,3,00000000,00000000,1
986,986,0,719998cc,00000000,00000000,000f5c32,00000000,00000000,00f5c326,719998cc,0,00000000,00000000,00ccd8eb,3,00000000,00000000,1
987,987,0,719998cd,00000000,00000000,000f5c32,00000000,00000000,00f5c326,719998cd,0,00000000,00000000,00ccd8eb,3,00000000,00000000,1
988,988,0,719998ce,00000000,00000000,000f5c32,00000000,00000000,00f5c326,719998ce,0,00000000,00000000,00ccd8eb,3,00000000,00000000,1
989,989,0,719998cf,00000000,00000000,000f5c32,00000000,00000000,00f5c326,719998cf,0,00000000,00000000,00ccd8eb,3,00000000,00000000,1
990,990,0,719998d0,00000000,00000000,000f5c32,00000000,00000000,00f5c326,719998d0,0,00000000,00000000,00ccd8eb,3,00000000,00000000,1
991,991,0,719998d1,00000000,00000000,000f5c32,00000000,00000000,00f5c326,719998d1,0,00000000,00000000,00ccd8eb,3,00000000,00000000,1
992,992,0,719998d2,00000000,00000000,000f5c32,00000000,00000000,00f5c326,719998d2,0,00000000,00000000,00ccd8eb,3,00000000,00000000,1
993,993,0,719998d3,00000000,00000000,000f5c32,00000000,00000000,00f5c326,719998d3,0,00000000,00000000,00ccd8eb,3,00000000,00000000,1
994,994,0,719998d4,00000000,00000000,000f5c32,00000000,00000000,00f5c326,719998d4,0,00000000,00000000,00ccd8eb,3,00000000,00000000,1
995,995,0,719998d5,00000000,00000000,000f5c32,00000000,00000000,00f5c326,719998d5,0,00000000,00000000,00ccd8eb,3,00000000,00000000,1
996,996,0,719998d6,00000000,00000000,000f5c32,00000000,00000000,00f5c326,719998d6,0,00000000,00000000,00ccd8eb,3,00000000,00000000,1
997,997,0,719998d7,00000000,00000000,000f5c32,00000000,00000000,00f5c326,719998d7,0,00000000,00000000,00ccd8eb,3,00000000,00000000,1
998,998,0,719998d8,00000000,00000000,000f5c32,00000000,00000000,00f5c326,719998d8,0,00000000,00000000,00ccd8eb,3,00000000,00000000,1
999,999,0,719998d9,00000000,00000000,000f5c32,00000000,00000000,00f5c326,719998d9,0,00000000,00000000,00ccd8eb,3,00000000,00000000,1
1000,1000,0,719998da,00000000,00000000,000f5c32,00000000,00000000,00f5c326,719998da,0,00000000,00000000,00ccd8eb,3,00000000,00000000,1
1001,1001,0,719998db,00000000,00000000,000f5c32,00000000,00000000,00f5c326,719998db,0,00000000,00000000,00ccd8eb,3,00000000,00000000,1
1002,1002,0,719998dc,00000000,00000000,000f5c32,00000000,00000000,00f5c326,719998dc,0,00000000,00000000,00ccd8eb,3,00000000,00000000,1
1003,1003,0,719998dd,00000000,00000000,000f5c32,00000000,00000000,00f5c326,719998dd,0,00000000,00000000,00ccd8eb,3,00000000,00000000,1
1004,1004,0,719998de,00000000,00000000,000f5c32,00000000,00000000,00f5c326,719998de,0,00000000,00000000,00ccd8eb,3,00000000,00000000,1
1005,1005,0,719998df,00000000,00000000,000f5c32,00000000,00000000,00f5c326,719998df,0,00000000,00000000,00ccd8eb,3,00000000,00000000,1
1006,1006,0,719998e0,00000000,00000000,000f5c32,00000000,00000000,00f5c326,719998e0,0,00000000,00000000,00ccd8eb,3,00000000,00000000,1
1007,1007,0,719998e1,00000000,00000000,000f5c32,00000000,00000000,00f5c326,719998e1,0,00000000,00000000,00ccd8eb,3,00000000,00000000,1
1008,1008,0,719998e2,00000000,00000000,000f5c32,00000000,00000000,00f5c326,719998e2,0,00000000,00000000,00ccd8eb,3,00000000,00000000,1
1009,1009,0,719998e3,00000000,00000000,000f5c32,00000000,00000000,00f5c326,719998e3,0,00000000,00000000,00ccd8eb,3,00000000,00000000,1
1010,1010,0,719998e4,00000000,00000000,000f5c32,00000000,00000000,00f5c326,719998e4,0,00000000,00000000,00ccd8eb,3,00000000,00000000,1
1011,1011,0,719998e5,00000000,00000000,000f5c32,00000000,00000000,00f5c326,719998e5,0,00000000,00000000,00ccd8eb,3,00000000,00000000,1
1012,1012,0,719998e6,00000000,00000000,000f5c32,00000000,00000000,00f5c326,719998e6,0,00000000,00000000,00ccd8eb,3,00000000,00000000,1
1013,1013,0,719998e7,00000000,00000000,000f5c32,00000000,00000000,00f5c326,719998e7,0,00000000,00000000,00ccd8eb,3,00000000,00000000,1
1014,1014,0,719998e8,00000000,00000000,000f5c32,00000000,00000000,00f5c326,719998e8,0,00000000,00000000,00ccd8eb,3,00000000,00000000,1
1015,1015,0,719998e9,00000000,00000000,000f5c32,00000000,00000000,00f5c326,719998e9,0,00000000,00000000,00ccd8eb,3,00000000,00000000,1
1016,1016,0,719998ea,00000000,00000000,000f5c32,00000000,00000000,00f5c326,719998ea,0,00000000,00000000,00ccd8eb,3,00000000,00000000,1
1017,1017,0,719998eb,00000000,00000000,000f5c32,00000000,00000000,00f5c326,719998eb,0,00000000,00000000,00ccd8eb,3,00000000,00000000,1
1018,1018,0,719998ec,00000000,00000000,000f5c32,00000000,00000000,00f5c326,719998ec,0,00000000,00000000,00ccd8eb,3,00000000,00000000,1
1019,1019,0,719998ed,00000000,00000000,000f5c32,00000000,00000000,00f5c326,719998ed,0,00000000,00000000,00ccd8eb,3,00000000,00000000,1
1020,1020,0,719998ee,00000000,00000000,000f5c32,00000000,00000000,00f5c326,719998ee,0,00000000,00000000,00ccd8eb,3,00000000,00000000,1
1021,1021,0,719998ef,00000000,00000000,000f5c32,00000000,00000000,00f5c326,719998ef,0,00000000,00000000,00ccd8eb,3,00000000,00000000,1
1022,1022,0,719998f0,00000000,00000000,000f5c32,00000000,00000000,00f5c326,719998f0,0,00000000,00000000,00ccd8eb,3,00000000,00000000,1
1023,1023,0,719998f1,00000000,00000000,000f5c32,00000000,00000000,00f5c326,719998f1,0,00000000,00000000,00ccd8eb,3,00000000,00000000,1
