Sample in Buffer,Sample in Window,TRIGGER,uut_noc_top/mon_active_cnt[31:0],uut_noc_top/mon_stall_cnt[31:0],uut_noc_top/mon_flit_cnt[31:0],uut_noc_top/mon_rx_pkt_cnt[31:0],uut_noc_top/mon_rx_stall_cnt[31:0],uut_noc_top/mon_rx_flit_cnt[31:0],uut_noc_top/mon_pkt_cnt[31:0],uut_noc_top/mon_rx_active_cnt[31:0],u_stress/agent_00/rx_vc1_cnt[31:0],u_stress/agent_00/rx_err_cnt[31:0],u_stress/agent_00/rx_vc0_cnt[31:0],u_stress/agent_00/state_dbg[1:0],u_stress/agent_00/tx_flit_cnt[31:0],u_stress/agent_00/tx_stall_cnt[31:0],u_stress/agent_00/rx_tdest_dbg[3:0],u_stress/agent_00/test_done
Radix - UNSIGNED,UNSIGNED,UNSIGNED,HEX,HEX,HEX,HEX,HEX,HEX,HEX,HEX,HEX,HEX,HEX,HEX,HEX,HEX,HEX,HEX
0,0,0,238a44ea,00000000,00000000,0008d5b7,00000000,008d5b76,00000000,238a44ea,003ae94d,00000000,003ae8d0,3,00000000,00000000,0,1
1,1,0,238a44eb,00000000,00000000,0008d5b7,00000000,008d5b76,00000000,238a44eb,003ae94d,00000000,003ae8d0,3,00000000,00000000,0,1
2,2,0,238a44ec,00000000,00000000,0008d5b7,00000000,008d5b76,00000000,238a44ec,003ae94d,00000000,003ae8d0,3,00000000,00000000,0,1
3,3,0,238a44ed,00000000,00000000,0008d5b7,00000000,008d5b76,00000000,238a44ed,003ae94d,00000000,003ae8d0,3,00000000,00000000,0,1
4,4,0,238a44ee,00000000,00000000,0008d5b7,00000000,008d5b76,00000000,238a44ee,003ae94d,00000000,003ae8d0,3,00000000,00000000,0,1
5,5,0,238a44ef,00000000,00000000,0008d5b7,00000000,008d5b76,00000000,238a44ef,003ae94d,00000000,003ae8d0,3,00000000,00000000,0,1
6,6,0,238a44f0,00000000,00000000,0008d5b7,00000000,008d5b76,00000000,238a44f0,003ae94d,00000000,003ae8d0,3,00000000,00000000,0,1
7,7,0,238a44f1,00000000,00000000,0008d5b7,00000000,008d5b76,00000000,238a44f1,003ae94d,00000000,003ae8d0,3,00000000,00000000,0,1
8,8,0,238a44f2,00000000,00000000,0008d5b7,00000000,008d5b76,00000000,238a44f2,003ae94d,00000000,003ae8d0,3,00000000,00000000,0,1
9,9,0,238a44f3,00000000,00000000,0008d5b7,00000000,008d5b76,00000000,238a44f3,003ae94d,00000000,003ae8d0,3,00000000,00000000,0,1
10,10,0,238a44f4,00000000,00000000,0008d5b7,00000000,008d5b76,00000000,238a44f4,003ae94d,00000000,003ae8d0,3,00000000,00000000,0,1
11,11,0,238a44f5,00000000,00000000,0008d5b7,00000000,008d5b76,00000000,238a44f5,003ae94d,00000000,003ae8d0,3,00000000,00000000,0,1
12,12,0,238a44f6,00000000,00000000,0008d5b7,00000000,008d5b76,00000000,238a44f6,003ae94d,00000000,003ae8d0,3,00000000,00000000,0,1
13,13,0,238a44f7,00000000,00000000,0008d5b7,00000000,008d5b76,00000000,238a44f7,003ae94d,00000000,003ae8d0,3,00000000,00000000,0,1
14,14,0,238a44f8,00000000,00000000,0008d5b7,00000000,008d5b76,00000000,238a44f8,003ae94d,00000000,003ae8d0,3,00000000,00000000,0,1
15,15,0,238a44f9,00000000,00000000,0008d5b7,00000000,008d5b76,00000000,238a44f9,003ae94d,00000000,003ae8d0,3,00000000,00000000,0,1
16,16,0,238a44fa,00000000,00000000,0008d5b7,00000000,008d5b76,00000000,238a44fa,003ae94d,00000000,003ae8d0,3,00000000,00000000,0,1
17,17,0,238a44fb,00000000,00000000,0008d5b7,00000000,008d5b76,00000000,238a44fb,003ae94d,00000000,003ae8d0,3,00000000,00000000,0,1
18,18,0,238a44fc,00000000,00000000,0008d5b7,00000000,008d5b76,00000000,238a44fc,003ae94d,00000000,003ae8d0,3,00000000,00000000,0,1
19,19,0,238a44fd,00000000,00000000,0008d5b7,00000000,008d5b76,00000000,238a44fd,003ae94d,00000000,003ae8d0,3,00000000,00000000,0,1
20,20,0,238a44fe,00000000,00000000,0008d5b7,00000000,008d5b76,00000000,238a44fe,003ae94d,00000000,003ae8d0,3,00000000,00000000,0,1
21,21,0,238a44ff,00000000,00000000,0008d5b7,00000000,008d5b76,00000000,238a44ff,003ae94d,00000000,003ae8d0,3,00000000,00000000,0,1
22,22,0,238a4500,00000000,00000000,0008d5b7,00000000,008d5b76,00000000,238a4500,003ae94d,00000000,003ae8d0,3,00000000,00000000,0,1
23,23,0,238a4501,00000000,00000000,0008d5b7,00000000,008d5b76,00000000,238a4501,003ae94d,00000000,003ae8d0,3,00000000,00000000,0,1
24,24,0,238a4502,00000000,00000000,0008d5b7,00000000,008d5b76,00000000,238a4502,003ae94d,00000000,003ae8d0,3,00000000,00000000,0,1
25,25,0,238a4503,00000000,00000000,0008d5b7,00000000,008d5b76,00000000,238a4503,003ae94d,00000000,003ae8d0,3,00000000,00000000,0,1
26,26,0,238a4504,00000000,00000000,0008d5b7,00000000,008d5b76,00000000,238a4504,003ae94d,00000000,003ae8d0,3,00000000,00000000,0,1
27,27,0,238a4505,00000000,00000000,0008d5b7,00000000,008d5b76,00000000,238a4505,003ae94d,00000000,003ae8d0,3,00000000,00000000,0,1
28,28,0,238a4506,00000000,00000000,0008d5b7,00000000,008d5b76,00000000,238a4506,003ae94d,00000000,003ae8d0,3,00000000,00000000,0,1
29,29,0,238a4507,00000000,00000000,0008d5b7,00000000,008d5b76,00000000,238a4507,003ae94d,00000000,003ae8d0,3,00000000,00000000,0,1
30,30,0,238a4508,00000000,00000000,0008d5b7,00000000,008d5b76,00000000,238a4508,003ae94d,00000000,003ae8d0,3,00000000,00000000,0,1
31,31,0,238a4509,00000000,00000000,0008d5b7,00000000,008d5b76,00000000,238a4509,003ae94d,00000000,003ae8d0,3,00000000,00000000,0,1
32,32,0,238a450a,00000000,00000000,0008d5b7,00000000,008d5b76,00000000,238a450a,003ae94d,00000000,003ae8d0,3,00000000,00000000,0,1
33,33,0,238a450b,00000000,00000000,0008d5b7,00000000,008d5b76,00000000,238a450b,003ae94d,00000000,003ae8d0,3,00000000,00000000,0,1
34,34,0,238a450c,00000000,00000000,0008d5b7,00000000,008d5b76,00000000,238a450c,003ae94d,00000000,003ae8d0,3,00000000,00000000,0,1
35,35,0,238a450d,00000000,00000000,0008d5b7,00000000,008d5b76,00000000,238a450d,003ae94d,00000000,003ae8d0,3,00000000,00000000,0,1
36,36,0,238a450e,00000000,00000000,0008d5b7,00000000,008d5b76,00000000,238a450e,003ae94d,00000000,003ae8d0,3,00000000,00000000,0,1
37,37,0,238a450f,00000000,00000000,0008d5b7,00000000,008d5b76,00000000,238a450f,003ae94d,00000000,003ae8d0,3,00000000,00000000,0,1
38,38,0,238a4510,00000000,00000000,0008d5b7,00000000,008d5b76,00000000,238a4510,003ae94d,00000000,003ae8d0,3,00000000,00000000,0,1
39,39,0,238a4511,00000000,00000000,0008d5b7,00000000,008d5b76,00000000,238a4511,003ae94d,00000000,003ae8d0,3,00000000,00000000,0,1
40,40,0,238a4512,00000000,00000000,0008d5b7,00000000,008d5b76,00000000,238a4512,003ae94d,00000000,003ae8d0,3,00000000,00000000,0,1
41,41,0,238a4513,00000000,00000000,0008d5b7,00000000,008d5b76,00000000,238a4513,003ae94d,00000000,003ae8d0,3,00000000,00000000,0,1
42,42,0,238a4514,00000000,00000000,0008d5b7,00000000,008d5b76,00000000,238a4514,003ae94d,00000000,003ae8d0,3,00000000,00000000,0,1
43,43,0,238a4515,00000000,00000000,0008d5b7,00000000,008d5b76,00000000,238a4515,003ae94d,00000000,003ae8d0,3,00000000,00000000,0,1
44,44,0,238a4516,00000000,00000000,0008d5b7,00000000,008d5b76,00000000,238a4516,003ae94d,00000000,003ae8d0,3,00000000,00000000,0,1
45,45,0,238a4517,00000000,00000000,0008d5b7,00000000,008d5b76,00000000,238a4517,003ae94d,00000000,003ae8d0,3,00000000,00000000,0,1
46,46,0,238a4518,00000000,00000000,0008d5b7,00000000,008d5b76,00000000,238a4518,003ae94d,00000000,003ae8d0,3,00000000,00000000,0,1
47,47,0,238a4519,00000000,00000000,0008d5b7,00000000,008d5b76,00000000,238a4519,003ae94d,00000000,003ae8d0,3,00000000,00000000,0,1
48,48,0,238a451a,00000000,00000000,0008d5b7,00000000,008d5b76,00000000,238a451a,003ae94d,00000000,003ae8d0,3,00000000,00000000,0,1
49,49,0,238a451b,00000000,00000000,0008d5b7,00000000,008d5b76,00000000,238a451b,003ae94d,00000000,003ae8d0,3,00000000,00000000,0,1
50,50,0,238a451c,00000000,00000000,0008d5b7,00000000,008d5b76,00000000,238a451c,003ae94d,00000000,003ae8d0,3,00000000,00000000,0,1
51,51,0,238a451d,00000000,00000000,0008d5b7,00000000,008d5b76,00000000,238a451d,003ae94d,00000000,003ae8d0,3,00000000,00000000,0,1
52,52,0,238a451e,00000000,00000000,0008d5b7,00000000,008d5b76,00000000,238a451e,003ae94d,00000000,003ae8d0,3,00000000,00000000,0,1
53,53,0,238a451f,00000000,00000000,0008d5b7,00000000,008d5b76,00000000,238a451f,003ae94d,00000000,003ae8d0,3,00000000,00000000,0,1
54,54,0,238a4520,00000000,00000000,0008d5b7,00000000,008d5b76,00000000,238a4520,003ae94d,00000000,003ae8d0,3,00000000,00000000,0,1
55,55,0,238a4521,00000000,00000000,0008d5b7,00000000,008d5b76,00000000,238a4521,003ae94d,00000000,003ae8d0,3,00000000,00000000,0,1
56,56,0,238a4522,00000000,00000000,0008d5b7,00000000,008d5b76,00000000,238a4522,003ae94d,00000000,003ae8d0,3,00000000,00000000,0,1
57,57,0,238a4523,00000000,00000000,0008d5b7,00000000,008d5b76,00000000,238a4523,003ae94d,00000000,003ae8d0,3,00000000,00000000,0,1
58,58,0,238a4524,00000000,00000000,0008d5b7,00000000,008d5b76,00000000,238a4524,003ae94d,00000000,003ae8d0,3,00000000,00000000,0,1
59,59,0,238a4525,00000000,00000000,0008d5b7,00000000,008d5b76,00000000,238a4525,003ae94d,00000000,003ae8d0,3,00000000,00000000,0,1
60,60,0,238a4526,00000000,00000000,0008d5b7,00000000,008d5b76,00000000,238a4526,003ae94d,00000000,003ae8d0,3,00000000,00000000,0,1
61,61,0,238a4527,00000000,00000000,0008d5b7,00000000,008d5b76,00000000,238a4527,003ae94d,00000000,003ae8d0,3,00000000,00000000,0,1
62,62,0,238a4528,00000000,00000000,0008d5b7,00000000,008d5b76,00000000,238a4528,003ae94d,00000000,003ae8d0,3,00000000,00000000,0,1
63,63,0,238a4529,00000000,00000000,0008d5b7,00000000,008d5b76,00000000,238a4529,003ae94d,00000000,003ae8d0,3,00000000,00000000,0,1
64,64,0,238a452a,00000000,00000000,0008d5b7,00000000,008d5b76,00000000,238a452a,003ae94d,00000000,003ae8d0,3,00000000,00000000,0,1
65,65,0,238a452b,00000000,00000000,0008d5b7,00000000,008d5b76,00000000,238a452b,003ae94d,00000000,003ae8d0,3,00000000,00000000,0,1
66,66,0,238a452c,00000000,00000000,0008d5b7,00000000,008d5b76,00000000,238a452c,003ae94d,00000000,003ae8d0,3,00000000,00000000,0,1
67,67,0,238a452d,00000000,00000000,0008d5b7,00000000,008d5b76,00000000,238a452d,003ae94d,00000000,003ae8d0,3,00000000,00000000,0,1
68,68,0,238a452e,00000000,00000000,0008d5b7,00000000,008d5b76,00000000,238a452e,003ae94d,00000000,003ae8d0,3,00000000,00000000,0,1
69,69,0,238a452f,00000000,00000000,0008d5b7,00000000,008d5b76,00000000,238a452f,003ae94d,00000000,003ae8d0,3,00000000,00000000,0,1
70,70,0,238a4530,00000000,00000000,0008d5b7,00000000,008d5b76,00000000,238a4530,003ae94d,00000000,003ae8d0,3,00000000,00000000,0,1
71,71,0,238a4531,00000000,00000000,0008d5b7,00000000,008d5b76,00000000,238a4531,003ae94d,00000000,003ae8d0,3,00000000,00000000,0,1
72,72,0,238a4532,00000000,00000000,0008d5b7,00000000,008d5b76,00000000,238a4532,003ae94d,00000000,003ae8d0,3,00000000,00000000,0,1
73,73,0,238a4533,00000000,00000000,0008d5b7,00000000,008d5b76,00000000,238a4533,003ae94d,00000000,003ae8d0,3,00000000,00000000,0,1
74,74,0,238a4534,00000000,00000000,0008d5b7,00000000,008d5b76,00000000,238a4534,003ae94d,00000000,003ae8d0,3,00000000,00000000,0,1
75,75,0,238a4535,00000000,00000000,0008d5b7,00000000,008d5b76,00000000,238a4535,003ae94d,00000000,003ae8d0,3,00000000,00000000,0,1
76,76,0,238a4536,00000000,00000000,0008d5b7,00000000,008d5b76,00000000,238a4536,003ae94d,00000000,003ae8d0,3,00000000,00000000,0,1
77,77,0,238a4537,00000000,00000000,0008d5b7,00000000,008d5b76,00000000,238a4537,003ae94d,00000000,003ae8d0,3,00000000,00000000,0,1
78,78,0,238a4538,00000000,00000000,0008d5b7,00000000,008d5b76,00000000,238a4538,003ae94d,00000000,003ae8d0,3,00000000,00000000,0,1
79,79,0,238a4539,00000000,00000000,0008d5b7,00000000,008d5b76,00000000,238a4539,003ae94d,00000000,003ae8d0,3,00000000,00000000,0,1
80,80,0,238a453a,00000000,00000000,0008d5b7,00000000,008d5b76,00000000,238a453a,003ae94d,00000000,003ae8d0,3,00000000,00000000,0,1
81,81,0,238a453b,00000000,00000000,0008d5b7,00000000,008d5b76,00000000,238a453b,003ae94d,00000000,003ae8d0,3,00000000,00000000,0,1
82,82,0,238a453c,00000000,00000000,0008d5b7,00000000,008d5b76,00000000,238a453c,003ae94d,00000000,003ae8d0,3,00000000,00000000,0,1
83,83,0,238a453d,00000000,00000000,0008d5b7,00000000,008d5b76,00000000,238a453d,003ae94d,00000000,003ae8d0,3,00000000,00000000,0,1
84,84,0,238a453e,00000000,00000000,0008d5b7,00000000,008d5b76,00000000,238a453e,003ae94d,00000000,003ae8d0,3,00000000,00000000,0,1
85,85,0,238a453f,00000000,00000000,0008d5b7,00000000,008d5b76,00000000,238a453f,003ae94d,00000000,003ae8d0,3,00000000,00000000,0,1
86,86,0,238a4540,00000000,00000000,0008d5b7,00000000,008d5b76,00000000,238a4540,003ae94d,00000000,003ae8d0,3,00000000,00000000,0,1
87,87,0,238a4541,00000000,00000000,0008d5b7,00000000,008d5b76,00000000,238a4541,003ae94d,00000000,003ae8d0,3,00000000,00000000,0,1
88,88,0,238a4542,00000000,00000000,0008d5b7,00000000,008d5b76,00000000,238a4542,003ae94d,00000000,003ae8d0,3,00000000,00000000,0,1
89,89,0,238a4543,00000000,00000000,0008d5b7,00000000,008d5b76,00000000,238a4543,003ae94d,00000000,003ae8d0,3,00000000,00000000,0,1
90,90,0,238a4544,00000000,00000000,0008d5b7,00000000,008d5b76,00000000,238a4544,003ae94d,00000000,003ae8d0,3,00000000,00000000,0,1
91,91,0,238a4545,00000000,00000000,0008d5b7,00000000,008d5b76,00000000,238a4545,003ae94d,00000000,003ae8d0,3,00000000,00000000,0,1
92,92,0,238a4546,00000000,00000000,0008d5b7,00000000,008d5b76,00000000,238a4546,003ae94d,00000000,003ae8d0,3,00000000,00000000,0,1
93,93,0,238a4547,00000000,00000000,0008d5b7,00000000,008d5b76,00000000,238a4547,003ae94d,00000000,003ae8d0,3,00000000,00000000,0,1
94,94,0,238a4548,00000000,00000000,0008d5b7,00000000,008d5b76,00000000,238a4548,003ae94d,00000000,003ae8d0,3,00000000,00000000,0,1
95,95,0,238a4549,00000000,00000000,0008d5b7,00000000,008d5b76,00000000,238a4549,003ae94d,00000000,003ae8d0,3,00000000,00000000,0,1
96,96,0,238a454a,00000000,00000000,0008d5b7,00000000,008d5b76,00000000,238a454a,003ae94d,00000000,003ae8d0,3,00000000,00000000,0,1
97,97,0,238a454b,00000000,00000000,0008d5b7,00000000,008d5b76,00000000,238a454b,003ae94d,00000000,003ae8d0,3,00000000,00000000,0,1
98,98,0,238a454c,00000000,00000000,0008d5b7,00000000,008d5b76,00000000,238a454c,003ae94d,00000000,003ae8d0,3,00000000,00000000,0,1
99,99,0,238a454d,00000000,00000000,0008d5b7,00000000,008d5b76,00000000,238a454d,003ae94d,00000000,003ae8d0,3,00000000,00000000,0,1
100,100,0,238a454e,00000000,00000000,0008d5b7,00000000,008d5b76,00000000,238a454e,003ae94d,00000000,003ae8d0,3,00000000,00000000,0,1
101,101,0,238a454f,00000000,00000000,0008d5b7,00000000,008d5b76,00000000,238a454f,003ae94d,00000000,003ae8d0,3,00000000,00000000,0,1
102,102,0,238a4550,00000000,00000000,0008d5b7,00000000,008d5b76,00000000,238a4550,003ae94d,00000000,003ae8d0,3,00000000,00000000,0,1
103,103,0,238a4551,00000000,00000000,0008d5b7,00000000,008d5b76,00000000,238a4551,003ae94d,00000000,003ae8d0,3,00000000,00000000,0,1
104,104,0,238a4552,00000000,00000000,0008d5b7,00000000,008d5b76,00000000,238a4552,003ae94d,00000000,003ae8d0,3,00000000,00000000,0,1
105,105,0,238a4553,00000000,00000000,0008d5b7,00000000,008d5b76,00000000,238a4553,003ae94d,00000000,003ae8d0,3,00000000,00000000,0,1
106,106,0,238a4554,00000000,00000000,0008d5b7,00000000,008d5b76,00000000,238a4554,003ae94d,00000000,003ae8d0,3,00000000,00000000,0,1
107,107,0,238a4555,00000000,00000000,0008d5b7,00000000,008d5b76,00000000,238a4555,003ae94d,00000000,003ae8d0,3,00000000,00000000,0,1
108,108,0,238a4556,00000000,00000000,0008d5b7,00000000,008d5b76,00000000,238a4556,003ae94d,00000000,003ae8d0,3,00000000,00000000,0,1
109,109,0,238a4557,00000000,00000000,0008d5b7,00000000,008d5b76,00000000,238a4557,003ae94d,00000000,003ae8d0,3,00000000,00000000,0,1
110,110,0,238a4558,00000000,00000000,0008d5b7,00000000,008d5b76,00000000,238a4558,003ae94d,00000000,003ae8d0,3,00000000,00000000,0,1
111,111,0,238a4559,00000000,00000000,0008d5b7,00000000,008d5b76,00000000,238a4559,003ae94d,00000000,003ae8d0,3,00000000,00000000,0,1
112,112,0,238a455a,00000000,00000000,0008d5b7,00000000,008d5b76,00000000,238a455a,003ae94d,00000000,003ae8d0,3,00000000,00000000,0,1
113,113,0,238a455b,00000000,00000000,0008d5b7,00000000,008d5b76,00000000,238a455b,003ae94d,00000000,003ae8d0,3,00000000,00000000,0,1
114,114,0,238a455c,00000000,00000000,0008d5b7,00000000,008d5b76,00000000,238a455c,003ae94d,00000000,003ae8d0,3,00000000,00000000,0,1
115,115,0,238a455d,00000000,00000000,0008d5b7,00000000,008d5b76,00000000,238a455d,003ae94d,00000000,003ae8d0,3,00000000,00000000,0,1
116,116,0,238a455e,00000000,00000000,0008d5b7,00000000,008d5b76,00000000,238a455e,003ae94d,00000000,003ae8d0,3,00000000,00000000,0,1
117,117,0,238a455f,00000000,00000000,0008d5b7,00000000,008d5b76,00000000,238a455f,003ae94d,00000000,003ae8d0,3,00000000,00000000,0,1
118,118,0,238a4560,00000000,00000000,0008d5b7,00000000,008d5b76,00000000,238a4560,003ae94d,00000000,003ae8d0,3,00000000,00000000,0,1
119,119,0,238a4561,00000000,00000000,0008d5b7,00000000,008d5b76,00000000,238a4561,003ae94d,00000000,003ae8d0,3,00000000,00000000,0,1
120,120,0,238a4562,00000000,00000000,0008d5b7,00000000,008d5b76,00000000,238a4562,003ae94d,00000000,003ae8d0,3,00000000,00000000,0,1
121,121,0,238a4563,00000000,00000000,0008d5b7,00000000,008d5b76,00000000,238a4563,003ae94d,00000000,003ae8d0,3,00000000,00000000,0,1
122,122,0,238a4564,00000000,00000000,0008d5b7,00000000,008d5b76,00000000,238a4564,003ae94d,00000000,003ae8d0,3,00000000,00000000,0,1
123,123,0,238a4565,00000000,00000000,0008d5b7,00000000,008d5b76,00000000,238a4565,003ae94d,00000000,003ae8d0,3,00000000,00000000,0,1
124,124,0,238a4566,00000000,00000000,0008d5b7,00000000,008d5b76,00000000,238a4566,003ae94d,00000000,003ae8d0,3,00000000,00000000,0,1
125,125,0,238a4567,00000000,00000000,0008d5b7,00000000,008d5b76,00000000,238a4567,003ae94d,00000000,003ae8d0,3,00000000,00000000,0,1
126,126,0,238a4568,00000000,00000000,0008d5b7,00000000,008d5b76,00000000,238a4568,003ae94d,00000000,003ae8d0,3,00000000,00000000,0,1
127,127,0,238a4569,00000000,00000000,0008d5b7,00000000,008d5b76,00000000,238a4569,003ae94d,00000000,003ae8d0,3,00000000,00000000,0,1
128,128,0,238a456a,00000000,00000000,0008d5b7,00000000,008d5b76,00000000,238a456a,003ae94d,00000000,003ae8d0,3,00000000,00000000,0,1
129,129,0,238a456b,00000000,00000000,0008d5b7,00000000,008d5b76,00000000,238a456b,003ae94d,00000000,003ae8d0,3,00000000,00000000,0,1
130,130,0,238a456c,00000000,00000000,0008d5b7,00000000,008d5b76,00000000,238a456c,003ae94d,00000000,003ae8d0,3,00000000,00000000,0,1
131,131,0,238a456d,00000000,00000000,0008d5b7,00000000,008d5b76,00000000,238a456d,003ae94d,00000000,003ae8d0,3,00000000,00000000,0,1
132,132,0,238a456e,00000000,00000000,0008d5b7,00000000,008d5b76,00000000,238a456e,003ae94d,00000000,003ae8d0,3,00000000,00000000,0,1
133,133,0,238a456f,00000000,00000000,0008d5b7,00000000,008d5b76,00000000,238a456f,003ae94d,00000000,003ae8d0,3,00000000,00000000,0,1
134,134,0,238a4570,00000000,00000000,0008d5b7,00000000,008d5b76,00000000,238a4570,003ae94d,00000000,003ae8d0,3,00000000,00000000,0,1
135,135,0,238a4571,00000000,00000000,0008d5b7,00000000,008d5b76,00000000,238a4571,003ae94d,00000000,003ae8d0,3,00000000,00000000,0,1
136,136,0,238a4572,00000000,00000000,0008d5b7,00000000,008d5b76,00000000,238a4572,003ae94d,00000000,003ae8d0,3,00000000,00000000,0,1
137,137,0,238a4573,00000000,00000000,0008d5b7,00000000,008d5b76,00000000,238a4573,003ae94d,00000000,003ae8d0,3,00000000,00000000,0,1
138,138,0,238a4574,00000000,00000000,0008d5b7,00000000,008d5b76,00000000,238a4574,003ae94d,00000000,003ae8d0,3,00000000,00000000,0,1
139,139,0,238a4575,00000000,00000000,0008d5b7,00000000,008d5b76,00000000,238a4575,003ae94d,00000000,003ae8d0,3,00000000,00000000,0,1
140,140,0,238a4576,00000000,00000000,0008d5b7,00000000,008d5b76,00000000,238a4576,003ae94d,00000000,003ae8d0,3,00000000,00000000,0,1
141,141,0,238a4577,00000000,00000000,0008d5b7,00000000,008d5b76,00000000,238a4577,003ae94d,00000000,003ae8d0,3,00000000,00000000,0,1
142,142,0,238a4578,00000000,00000000,0008d5b7,00000000,008d5b76,00000000,238a4578,003ae94d,00000000,003ae8d0,3,00000000,00000000,0,1
143,143,0,238a4579,00000000,00000000,0008d5b7,00000000,008d5b76,00000000,238a4579,003ae94d,00000000,003ae8d0,3,00000000,00000000,0,1
144,144,0,238a457a,00000000,00000000,0008d5b7,00000000,008d5b76,00000000,238a457a,003ae94d,00000000,003ae8d0,3,00000000,00000000,0,1
145,145,0,238a457b,00000000,00000000,0008d5b7,00000000,008d5b76,00000000,238a457b,003ae94d,00000000,003ae8d0,3,00000000,00000000,0,1
146,146,0,238a457c,00000000,00000000,0008d5b7,00000000,008d5b76,00000000,238a457c,003ae94d,00000000,003ae8d0,3,00000000,00000000,0,1
147,147,0,238a457d,00000000,00000000,0008d5b7,00000000,008d5b76,00000000,238a457d,003ae94d,00000000,003ae8d0,3,00000000,00000000,0,1
148,148,0,238a457e,00000000,00000000,0008d5b7,00000000,008d5b76,00000000,238a457e,003ae94d,00000000,003ae8d0,3,00000000,00000000,0,1
149,149,0,238a457f,00000000,00000000,0008d5b7,00000000,008d5b76,00000000,238a457f,003ae94d,00000000,003ae8d0,3,00000000,00000000,0,1
150,150,0,238a4580,00000000,00000000,0008d5b7,00000000,008d5b76,00000000,238a4580,003ae94d,00000000,003ae8d0,3,00000000,00000000,0,1
151,151,0,238a4581,00000000,00000000,0008d5b7,00000000,008d5b76,00000000,238a4581,003ae94d,00000000,003ae8d0,3,00000000,00000000,0,1
152,152,0,238a4582,00000000,00000000,0008d5b7,00000000,008d5b76,00000000,238a4582,003ae94d,00000000,003ae8d0,3,00000000,00000000,0,1
153,153,0,238a4583,00000000,00000000,0008d5b7,00000000,008d5b76,00000000,238a4583,003ae94d,00000000,003ae8d0,3,00000000,00000000,0,1
154,154,0,238a4584,00000000,00000000,0008d5b7,00000000,008d5b76,00000000,238a4584,003ae94d,00000000,003ae8d0,3,00000000,00000000,0,1
155,155,0,238a4585,00000000,00000000,0008d5b7,00000000,008d5b76,00000000,238a4585,003ae94d,00000000,003ae8d0,3,00000000,00000000,0,1
156,156,0,238a4586,00000000,00000000,0008d5b7,00000000,008d5b76,00000000,238a4586,003ae94d,00000000,003ae8d0,3,00000000,00000000,0,1
157,157,0,238a4587,00000000,00000000,0008d5b7,00000000,008d5b76,00000000,238a4587,003ae94d,00000000,003ae8d0,3,00000000,00000000,0,1
158,158,0,238a4588,00000000,00000000,0008d5b7,00000000,008d5b76,00000000,238a4588,003ae94d,00000000,003ae8d0,3,00000000,00000000,0,1
159,159,0,238a4589,00000000,00000000,0008d5b7,00000000,008d5b76,00000000,238a4589,003ae94d,00000000,003ae8d0,3,00000000,00000000,0,1
160,160,0,238a458a,00000000,00000000,0008d5b7,00000000,008d5b76,00000000,238a458a,003ae94d,00000000,003ae8d0,3,00000000,00000000,0,1
161,161,0,238a458b,00000000,00000000,0008d5b7,00000000,008d5b76,00000000,238a458b,003ae94d,00000000,003ae8d0,3,00000000,00000000,0,1
162,162,0,238a458c,00000000,00000000,0008d5b7,00000000,008d5b76,00000000,238a458c,003ae94d,00000000,003ae8d0,3,00000000,00000000,0,1
163,163,0,238a458d,00000000,00000000,0008d5b7,00000000,008d5b76,00000000,238a458d,003ae94d,00000000,003ae8d0,3,00000000,00000000,0,1
164,164,0,238a458e,00000000,00000000,0008d5b7,00000000,008d5b76,00000000,238a458e,003ae94d,00000000,003ae8d0,3,00000000,00000000,0,1
165,165,0,238a458f,00000000,00000000,0008d5b7,00000000,008d5b76,00000000,238a458f,003ae94d,00000000,003ae8d0,3,00000000,00000000,0,1
166,166,0,238a4590,00000000,00000000,0008d5b7,00000000,008d5b76,00000000,238a4590,003ae94d,00000000,003ae8d0,3,00000000,00000000,0,1
167,167,0,238a4591,00000000,00000000,0008d5b7,00000000,008d5b76,00000000,238a4591,003ae94d,00000000,003ae8d0,3,00000000,00000000,0,1
168,168,0,238a4592,00000000,00000000,0008d5b7,00000000,008d5b76,00000000,238a4592,003ae94d,00000000,003ae8d0,3,00000000,00000000,0,1
169,169,0,238a4593,00000000,00000000,0008d5b7,00000000,008d5b76,00000000,238a4593,003ae94d,00000000,003ae8d0,3,00000000,00000000,0,1
170,170,0,238a4594,00000000,00000000,0008d5b7,00000000,008d5b76,00000000,238a4594,003ae94d,00000000,003ae8d0,3,00000000,00000000,0,1
171,171,0,238a4595,00000000,00000000,0008d5b7,00000000,008d5b76,00000000,238a4595,003ae94d,00000000,003ae8d0,3,00000000,00000000,0,1
172,172,0,238a4596,00000000,00000000,0008d5b7,00000000,008d5b76,00000000,238a4596,003ae94d,00000000,003ae8d0,3,00000000,00000000,0,1
173,173,0,238a4597,00000000,00000000,0008d5b7,00000000,008d5b76,00000000,238a4597,003ae94d,00000000,003ae8d0,3,00000000,00000000,0,1
174,174,0,238a4598,00000000,00000000,0008d5b7,00000000,008d5b76,00000000,238a4598,003ae94d,00000000,003ae8d0,3,00000000,00000000,0,1
175,175,0,238a4599,00000000,00000000,0008d5b7,00000000,008d5b76,00000000,238a4599,003ae94d,00000000,003ae8d0,3,00000000,00000000,0,1
176,176,0,238a459a,00000000,00000000,0008d5b7,00000000,008d5b76,00000000,238a459a,003ae94d,00000000,003ae8d0,3,00000000,00000000,0,1
177,177,0,238a459b,00000000,00000000,0008d5b7,00000000,008d5b76,00000000,238a459b,003ae94d,00000000,003ae8d0,3,00000000,00000000,0,1
178,178,0,238a459c,00000000,00000000,0008d5b7,00000000,008d5b76,00000000,238a459c,003ae94d,00000000,003ae8d0,3,00000000,00000000,0,1
179,179,0,238a459d,00000000,00000000,0008d5b7,00000000,008d5b76,00000000,238a459d,003ae94d,00000000,003ae8d0,3,00000000,00000000,0,1
180,180,0,238a459e,00000000,00000000,0008d5b7,00000000,008d5b76,00000000,238a459e,003ae94d,00000000,003ae8d0,3,00000000,00000000,0,1
181,181,0,238a459f,00000000,00000000,0008d5b7,00000000,008d5b76,00000000,238a459f,003ae94d,00000000,003ae8d0,3,00000000,00000000,0,1
182,182,0,238a45a0,00000000,00000000,0008d5b7,00000000,008d5b76,00000000,238a45a0,003ae94d,00000000,003ae8d0,3,00000000,00000000,0,1
183,183,0,238a45a1,00000000,00000000,0008d5b7,00000000,008d5b76,00000000,238a45a1,003ae94d,00000000,003ae8d0,3,00000000,00000000,0,1
184,184,0,238a45a2,00000000,00000000,0008d5b7,00000000,008d5b76,00000000,238a45a2,003ae94d,00000000,003ae8d0,3,00000000,00000000,0,1
185,185,0,238a45a3,00000000,00000000,0008d5b7,00000000,008d5b76,00000000,238a45a3,003ae94d,00000000,003ae8d0,3,00000000,00000000,0,1
186,186,0,238a45a4,00000000,00000000,0008d5b7,00000000,008d5b76,00000000,238a45a4,003ae94d,00000000,003ae8d0,3,00000000,00000000,0,1
187,187,0,238a45a5,00000000,00000000,0008d5b7,00000000,008d5b76,00000000,238a45a5,003ae94d,00000000,003ae8d0,3,00000000,00000000,0,1
188,188,0,238a45a6,00000000,00000000,0008d5b7,00000000,008d5b76,00000000,238a45a6,003ae94d,00000000,003ae8d0,3,00000000,00000000,0,1
189,189,0,238a45a7,00000000,00000000,0008d5b7,00000000,008d5b76,00000000,238a45a7,003ae94d,00000000,003ae8d0,3,00000000,00000000,0,1
190,190,0,238a45a8,00000000,00000000,0008d5b7,00000000,008d5b76,00000000,238a45a8,003ae94d,00000000,003ae8d0,3,00000000,00000000,0,1
191,191,0,238a45a9,00000000,00000000,0008d5b7,00000000,008d5b76,00000000,238a45a9,003ae94d,00000000,003ae8d0,3,00000000,00000000,0,1
192,192,0,238a45aa,00000000,00000000,0008d5b7,00000000,008d5b76,00000000,238a45aa,003ae94d,00000000,003ae8d0,3,00000000,00000000,0,1
193,193,0,238a45ab,00000000,00000000,0008d5b7,00000000,008d5b76,00000000,238a45ab,003ae94d,00000000,003ae8d0,3,00000000,00000000,0,1
194,194,0,238a45ac,00000000,00000000,0008d5b7,00000000,008d5b76,00000000,238a45ac,003ae94d,00000000,003ae8d0,3,00000000,00000000,0,1
195,195,0,238a45ad,00000000,00000000,0008d5b7,00000000,008d5b76,00000000,238a45ad,003ae94d,00000000,003ae8d0,3,00000000,00000000,0,1
196,196,0,238a45ae,00000000,00000000,0008d5b7,00000000,008d5b76,00000000,238a45ae,003ae94d,00000000,003ae8d0,3,00000000,00000000,0,1
197,197,0,238a45af,00000000,00000000,0008d5b7,00000000,008d5b76,00000000,238a45af,003ae94d,00000000,003ae8d0,3,00000000,00000000,0,1
198,198,0,238a45b0,00000000,00000000,0008d5b7,00000000,008d5b76,00000000,238a45b0,003ae94d,00000000,003ae8d0,3,00000000,00000000,0,1
199,199,0,238a45b1,00000000,00000000,0008d5b7,00000000,008d5b76,00000000,238a45b1,003ae94d,00000000,003ae8d0,3,00000000,00000000,0,1
200,200,0,238a45b2,00000000,00000000,0008d5b7,00000000,008d5b76,00000000,238a45b2,003ae94d,00000000,003ae8d0,3,00000000,00000000,0,1
201,201,0,238a45b3,00000000,00000000,0008d5b7,00000000,008d5b76,00000000,238a45b3,003ae94d,00000000,003ae8d0,3,00000000,00000000,0,1
202,202,0,238a45b4,00000000,00000000,0008d5b7,00000000,008d5b76,00000000,238a45b4,003ae94d,00000000,003ae8d0,3,00000000,00000000,0,1
203,203,0,238a45b5,00000000,00000000,0008d5b7,00000000,008d5b76,00000000,238a45b5,003ae94d,00000000,003ae8d0,3,00000000,00000000,0,1
204,204,0,238a45b6,00000000,00000000,0008d5b7,00000000,008d5b76,00000000,238a45b6,003ae94d,00000000,003ae8d0,3,00000000,00000000,0,1
205,205,0,238a45b7,00000000,00000000,0008d5b7,00000000,008d5b76,00000000,238a45b7,003ae94d,00000000,003ae8d0,3,00000000,00000000,0,1
206,206,0,238a45b8,00000000,00000000,0008d5b7,00000000,008d5b76,00000000,238a45b8,003ae94d,00000000,003ae8d0,3,00000000,00000000,0,1
207,207,0,238a45b9,00000000,00000000,0008d5b7,00000000,008d5b76,00000000,238a45b9,003ae94d,00000000,003ae8d0,3,00000000,00000000,0,1
208,208,0,238a45ba,00000000,00000000,0008d5b7,00000000,008d5b76,00000000,238a45ba,003ae94d,00000000,003ae8d0,3,00000000,00000000,0,1
209,209,0,238a45bb,00000000,00000000,0008d5b7,00000000,008d5b76,00000000,238a45bb,003ae94d,00000000,003ae8d0,3,00000000,00000000,0,1
210,210,0,238a45bc,00000000,00000000,0008d5b7,00000000,008d5b76,00000000,238a45bc,003ae94d,00000000,003ae8d0,3,00000000,00000000,0,1
211,211,0,238a45bd,00000000,00000000,0008d5b7,00000000,008d5b76,00000000,238a45bd,003ae94d,00000000,003ae8d0,3,00000000,00000000,0,1
212,212,0,238a45be,00000000,00000000,0008d5b7,00000000,008d5b76,00000000,238a45be,003ae94d,00000000,003ae8d0,3,00000000,00000000,0,1
213,213,0,238a45bf,00000000,00000000,0008d5b7,00000000,008d5b76,00000000,238a45bf,003ae94d,00000000,003ae8d0,3,00000000,00000000,0,1
214,214,0,238a45c0,00000000,00000000,0008d5b7,00000000,008d5b76,00000000,238a45c0,003ae94d,00000000,003ae8d0,3,00000000,00000000,0,1
215,215,0,238a45c1,00000000,00000000,0008d5b7,00000000,008d5b76,00000000,238a45c1,003ae94d,00000000,003ae8d0,3,00000000,00000000,0,1
216,216,0,238a45c2,00000000,00000000,0008d5b7,00000000,008d5b76,00000000,238a45c2,003ae94d,00000000,003ae8d0,3,00000000,00000000,0,1
217,217,0,238a45c3,00000000,00000000,0008d5b7,00000000,008d5b76,00000000,238a45c3,003ae94d,00000000,003ae8d0,3,00000000,00000000,0,1
218,218,0,238a45c4,00000000,00000000,0008d5b7,00000000,008d5b76,00000000,238a45c4,003ae94d,00000000,003ae8d0,3,00000000,00000000,0,1
219,219,0,238a45c5,00000000,00000000,0008d5b7,00000000,008d5b76,00000000,238a45c5,003ae94d,00000000,003ae8d0,3,00000000,00000000,0,1
220,220,0,238a45c6,00000000,00000000,0008d5b7,00000000,008d5b76,00000000,238a45c6,003ae94d,00000000,003ae8d0,3,00000000,00000000,0,1
221,221,0,238a45c7,00000000,00000000,0008d5b7,00000000,008d5b76,00000000,238a45c7,003ae94d,00000000,003ae8d0,3,00000000,00000000,0,1
222,222,0,238a45c8,00000000,00000000,0008d5b7,00000000,008d5b76,00000000,238a45c8,003ae94d,00000000,003ae8d0,3,00000000,00000000,0,1
223,223,0,238a45c9,00000000,00000000,0008d5b7,00000000,008d5b76,00000000,238a45c9,003ae94d,00000000,003ae8d0,3,00000000,00000000,0,1
224,224,0,238a45ca,00000000,00000000,0008d5b7,00000000,008d5b76,00000000,238a45ca,003ae94d,00000000,003ae8d0,3,00000000,00000000,0,1
225,225,0,238a45cb,00000000,00000000,0008d5b7,00000000,008d5b76,00000000,238a45cb,003ae94d,00000000,003ae8d0,3,00000000,00000000,0,1
226,226,0,238a45cc,00000000,00000000,0008d5b7,00000000,008d5b76,00000000,238a45cc,003ae94d,00000000,003ae8d0,3,00000000,00000000,0,1
227,227,0,238a45cd,00000000,00000000,0008d5b7,00000000,008d5b76,00000000,238a45cd,003ae94d,00000000,003ae8d0,3,00000000,00000000,0,1
228,228,0,238a45ce,00000000,00000000,0008d5b7,00000000,008d5b76,00000000,238a45ce,003ae94d,00000000,003ae8d0,3,00000000,00000000,0,1
229,229,0,238a45cf,00000000,00000000,0008d5b7,00000000,008d5b76,00000000,238a45cf,003ae94d,00000000,003ae8d0,3,00000000,00000000,0,1
230,230,0,238a45d0,00000000,00000000,0008d5b7,00000000,008d5b76,00000000,238a45d0,003ae94d,00000000,003ae8d0,3,00000000,00000000,0,1
231,231,0,238a45d1,00000000,00000000,0008d5b7,00000000,008d5b76,00000000,238a45d1,003ae94d,00000000,003ae8d0,3,00000000,00000000,0,1
232,232,0,238a45d2,00000000,00000000,0008d5b7,00000000,008d5b76,00000000,238a45d2,003ae94d,00000000,003ae8d0,3,00000000,00000000,0,1
233,233,0,238a45d3,00000000,00000000,0008d5b7,00000000,008d5b76,00000000,238a45d3,003ae94d,00000000,003ae8d0,3,00000000,00000000,0,1
234,234,0,238a45d4,00000000,00000000,0008d5b7,00000000,008d5b76,00000000,238a45d4,003ae94d,00000000,003ae8d0,3,00000000,00000000,0,1
235,235,0,238a45d5,00000000,00000000,0008d5b7,00000000,008d5b76,00000000,238a45d5,003ae94d,00000000,003ae8d0,3,00000000,00000000,0,1
236,236,0,238a45d6,00000000,00000000,0008d5b7,00000000,008d5b76,00000000,238a45d6,003ae94d,00000000,003ae8d0,3,00000000,00000000,0,1
237,237,0,238a45d7,00000000,00000000,0008d5b7,00000000,008d5b76,00000000,238a45d7,003ae94d,00000000,003ae8d0,3,00000000,00000000,0,1
238,238,0,238a45d8,00000000,00000000,0008d5b7,00000000,008d5b76,00000000,238a45d8,003ae94d,00000000,003ae8d0,3,00000000,00000000,0,1
239,239,0,238a45d9,00000000,00000000,0008d5b7,00000000,008d5b76,00000000,238a45d9,003ae94d,00000000,003ae8d0,3,00000000,00000000,0,1
240,240,0,238a45da,00000000,00000000,0008d5b7,00000000,008d5b76,00000000,238a45da,003ae94d,00000000,003ae8d0,3,00000000,00000000,0,1
241,241,0,238a45db,00000000,00000000,0008d5b7,00000000,008d5b76,00000000,238a45db,003ae94d,00000000,003ae8d0,3,00000000,00000000,0,1
242,242,0,238a45dc,00000000,00000000,0008d5b7,00000000,008d5b76,00000000,238a45dc,003ae94d,00000000,003ae8d0,3,00000000,00000000,0,1
243,243,0,238a45dd,00000000,00000000,0008d5b7,00000000,008d5b76,00000000,238a45dd,003ae94d,00000000,003ae8d0,3,00000000,00000000,0,1
244,244,0,238a45de,00000000,00000000,0008d5b7,00000000,008d5b76,00000000,238a45de,003ae94d,00000000,003ae8d0,3,00000000,00000000,0,1
245,245,0,238a45df,00000000,00000000,0008d5b7,00000000,008d5b76,00000000,238a45df,003ae94d,00000000,003ae8d0,3,00000000,00000000,0,1
246,246,0,238a45e0,00000000,00000000,0008d5b7,00000000,008d5b76,00000000,238a45e0,003ae94d,00000000,003ae8d0,3,00000000,00000000,0,1
247,247,0,238a45e1,00000000,00000000,0008d5b7,00000000,008d5b76,00000000,238a45e1,003ae94d,00000000,003ae8d0,3,00000000,00000000,0,1
248,248,0,238a45e2,00000000,00000000,0008d5b7,00000000,008d5b76,00000000,238a45e2,003ae94d,00000000,003ae8d0,3,00000000,00000000,0,1
249,249,0,238a45e3,00000000,00000000,0008d5b7,00000000,008d5b76,00000000,238a45e3,003ae94d,00000000,003ae8d0,3,00000000,00000000,0,1
250,250,0,238a45e4,00000000,00000000,0008d5b7,00000000,008d5b76,00000000,238a45e4,003ae94d,00000000,003ae8d0,3,00000000,00000000,0,1
251,251,0,238a45e5,00000000,00000000,0008d5b7,00000000,008d5b76,00000000,238a45e5,003ae94d,00000000,003ae8d0,3,00000000,00000000,0,1
252,252,0,238a45e6,00000000,00000000,0008d5b7,00000000,008d5b76,00000000,238a45e6,003ae94d,00000000,003ae8d0,3,00000000,00000000,0,1
253,253,0,238a45e7,00000000,00000000,0008d5b7,00000000,008d5b76,00000000,238a45e7,003ae94d,00000000,003ae8d0,3,00000000,00000000,0,1
254,254,0,238a45e8,00000000,00000000,0008d5b7,00000000,008d5b76,00000000,238a45e8,003ae94d,00000000,003ae8d0,3,00000000,00000000,0,1
255,255,0,238a45e9,00000000,00000000,0008d5b7,00000000,008d5b76,00000000,238a45e9,003ae94d,00000000,003ae8d0,3,00000000,00000000,0,1
256,256,0,238a45ea,00000000,00000000,0008d5b7,00000000,008d5b76,00000000,238a45ea,003ae94d,00000000,003ae8d0,3,00000000,00000000,0,1
257,257,0,238a45eb,00000000,00000000,0008d5b7,00000000,008d5b76,00000000,238a45eb,003ae94d,00000000,003ae8d0,3,00000000,00000000,0,1
258,258,0,238a45ec,00000000,00000000,0008d5b7,00000000,008d5b76,00000000,238a45ec,003ae94d,00000000,003ae8d0,3,00000000,00000000,0,1
259,259,0,238a45ed,00000000,00000000,0008d5b7,00000000,008d5b76,00000000,238a45ed,003ae94d,00000000,003ae8d0,3,00000000,00000000,0,1
260,260,0,238a45ee,00000000,00000000,0008d5b7,00000000,008d5b76,00000000,238a45ee,003ae94d,00000000,003ae8d0,3,00000000,00000000,0,1
261,261,0,238a45ef,00000000,00000000,0008d5b7,00000000,008d5b76,00000000,238a45ef,003ae94d,00000000,003ae8d0,3,00000000,00000000,0,1
262,262,0,238a45f0,00000000,00000000,0008d5b7,00000000,008d5b76,00000000,238a45f0,003ae94d,00000000,003ae8d0,3,00000000,00000000,0,1
263,263,0,238a45f1,00000000,00000000,0008d5b7,00000000,008d5b76,00000000,238a45f1,003ae94d,00000000,003ae8d0,3,00000000,00000000,0,1
264,264,0,238a45f2,00000000,00000000,0008d5b7,00000000,008d5b76,00000000,238a45f2,003ae94d,00000000,003ae8d0,3,00000000,00000000,0,1
265,265,0,238a45f3,00000000,00000000,0008d5b7,00000000,008d5b76,00000000,238a45f3,003ae94d,00000000,003ae8d0,3,00000000,00000000,0,1
266,266,0,238a45f4,00000000,00000000,0008d5b7,00000000,008d5b76,00000000,238a45f4,003ae94d,00000000,003ae8d0,3,00000000,00000000,0,1
267,267,0,238a45f5,00000000,00000000,0008d5b7,00000000,008d5b76,00000000,238a45f5,003ae94d,00000000,003ae8d0,3,00000000,00000000,0,1
268,268,0,238a45f6,00000000,00000000,0008d5b7,00000000,008d5b76,00000000,238a45f6,003ae94d,00000000,003ae8d0,3,00000000,00000000,0,1
269,269,0,238a45f7,00000000,00000000,0008d5b7,00000000,008d5b76,00000000,238a45f7,003ae94d,00000000,003ae8d0,3,00000000,00000000,0,1
270,270,0,238a45f8,00000000,00000000,0008d5b7,00000000,008d5b76,00000000,238a45f8,003ae94d,00000000,003ae8d0,3,00000000,00000000,0,1
271,271,0,238a45f9,00000000,00000000,0008d5b7,00000000,008d5b76,00000000,238a45f9,003ae94d,00000000,003ae8d0,3,00000000,00000000,0,1
272,272,0,238a45fa,00000000,00000000,0008d5b7,00000000,008d5b76,00000000,238a45fa,003ae94d,00000000,003ae8d0,3,00000000,00000000,0,1
273,273,0,238a45fb,00000000,00000000,0008d5b7,00000000,008d5b76,00000000,238a45fb,003ae94d,00000000,003ae8d0,3,00000000,00000000,0,1
274,274,0,238a45fc,00000000,00000000,0008d5b7,00000000,008d5b76,00000000,238a45fc,003ae94d,00000000,003ae8d0,3,00000000,00000000,0,1
275,275,0,238a45fd,00000000,00000000,0008d5b7,00000000,008d5b76,00000000,238a45fd,003ae94d,00000000,003ae8d0,3,00000000,00000000,0,1
276,276,0,238a45fe,00000000,00000000,0008d5b7,00000000,008d5b76,00000000,238a45fe,003ae94d,00000000,003ae8d0,3,00000000,00000000,0,1
277,277,0,238a45ff,00000000,00000000,0008d5b7,00000000,008d5b76,00000000,238a45ff,003ae94d,00000000,003ae8d0,3,00000000,00000000,0,1
278,278,0,238a4600,00000000,00000000,0008d5b7,00000000,008d5b76,00000000,238a4600,003ae94d,00000000,003ae8d0,3,00000000,00000000,0,1
279,279,0,238a4601,00000000,00000000,0008d5b7,00000000,008d5b76,00000000,238a4601,003ae94d,00000000,003ae8d0,3,00000000,00000000,0,1
280,280,0,238a4602,00000000,00000000,0008d5b7,00000000,008d5b76,00000000,238a4602,003ae94d,00000000,003ae8d0,3,00000000,00000000,0,1
281,281,0,238a4603,00000000,00000000,0008d5b7,00000000,008d5b76,00000000,238a4603,003ae94d,00000000,003ae8d0,3,00000000,00000000,0,1
282,282,0,238a4604,00000000,00000000,0008d5b7,00000000,008d5b76,00000000,238a4604,003ae94d,00000000,003ae8d0,3,00000000,00000000,0,1
283,283,0,238a4605,00000000,00000000,0008d5b7,00000000,008d5b76,00000000,238a4605,003ae94d,00000000,003ae8d0,3,00000000,00000000,0,1
284,284,0,238a4606,00000000,00000000,0008d5b7,00000000,008d5b76,00000000,238a4606,003ae94d,00000000,003ae8d0,3,00000000,00000000,0,1
285,285,0,238a4607,00000000,00000000,0008d5b7,00000000,008d5b76,00000000,238a4607,003ae94d,00000000,003ae8d0,3,00000000,00000000,0,1
286,286,0,238a4608,00000000,00000000,0008d5b7,00000000,008d5b76,00000000,238a4608,003ae94d,00000000,003ae8d0,3,00000000,00000000,0,1
287,287,0,238a4609,00000000,00000000,0008d5b7,00000000,008d5b76,00000000,238a4609,003ae94d,00000000,003ae8d0,3,00000000,00000000,0,1
288,288,0,238a460a,00000000,00000000,0008d5b7,00000000,008d5b76,00000000,238a460a,003ae94d,00000000,003ae8d0,3,00000000,00000000,0,1
289,289,0,238a460b,00000000,00000000,0008d5b7,00000000,008d5b76,00000000,238a460b,003ae94d,00000000,003ae8d0,3,00000000,00000000,0,1
290,290,0,238a460c,00000000,00000000,0008d5b7,00000000,008d5b76,00000000,238a460c,003ae94d,00000000,003ae8d0,3,00000000,00000000,0,1
291,291,0,238a460d,00000000,00000000,0008d5b7,00000000,008d5b76,00000000,238a460d,003ae94d,00000000,003ae8d0,3,00000000,00000000,0,1
292,292,0,238a460e,00000000,00000000,0008d5b7,00000000,008d5b76,00000000,238a460e,003ae94d,00000000,003ae8d0,3,00000000,00000000,0,1
293,293,0,238a460f,00000000,00000000,0008d5b7,00000000,008d5b76,00000000,238a460f,003ae94d,00000000,003ae8d0,3,00000000,00000000,0,1
294,294,0,238a4610,00000000,00000000,0008d5b7,00000000,008d5b76,00000000,238a4610,003ae94d,00000000,003ae8d0,3,00000000,00000000,0,1
295,295,0,238a4611,00000000,00000000,0008d5b7,00000000,008d5b76,00000000,238a4611,003ae94d,00000000,003ae8d0,3,00000000,00000000,0,1
296,296,0,238a4612,00000000,00000000,0008d5b7,00000000,008d5b76,00000000,238a4612,003ae94d,00000000,003ae8d0,3,00000000,00000000,0,1
297,297,0,238a4613,00000000,00000000,0008d5b7,00000000,008d5b76,00000000,238a4613,003ae94d,00000000,003ae8d0,3,00000000,00000000,0,1
298,298,0,238a4614,00000000,00000000,0008d5b7,00000000,008d5b76,00000000,238a4614,003ae94d,00000000,003ae8d0,3,00000000,00000000,0,1
299,299,0,238a4615,00000000,00000000,0008d5b7,00000000,008d5b76,00000000,238a4615,003ae94d,00000000,003ae8d0,3,00000000,00000000,0,1
300,300,0,238a4616,00000000,00000000,0008d5b7,00000000,008d5b76,00000000,238a4616,003ae94d,00000000,003ae8d0,3,00000000,00000000,0,1
301,301,0,238a4617,00000000,00000000,0008d5b7,00000000,008d5b76,00000000,238a4617,003ae94d,00000000,003ae8d0,3,00000000,00000000,0,1
302,302,0,238a4618,00000000,00000000,0008d5b7,00000000,008d5b76,00000000,238a4618,003ae94d,00000000,003ae8d0,3,00000000,00000000,0,1
303,303,0,238a4619,00000000,00000000,0008d5b7,00000000,008d5b76,00000000,238a4619,003ae94d,00000000,003ae8d0,3,00000000,00000000,0,1
304,304,0,238a461a,00000000,00000000,0008d5b7,00000000,008d5b76,00000000,238a461a,003ae94d,00000000,003ae8d0,3,00000000,00000000,0,1
305,305,0,238a461b,00000000,00000000,0008d5b7,00000000,008d5b76,00000000,238a461b,003ae94d,00000000,003ae8d0,3,00000000,00000000,0,1
306,306,0,238a461c,00000000,00000000,0008d5b7,00000000,008d5b76,00000000,238a461c,003ae94d,00000000,003ae8d0,3,00000000,00000000,0,1
307,307,0,238a461d,00000000,00000000,0008d5b7,00000000,008d5b76,00000000,238a461d,003ae94d,00000000,003ae8d0,3,00000000,00000000,0,1
308,308,0,238a461e,00000000,00000000,0008d5b7,00000000,008d5b76,00000000,238a461e,003ae94d,00000000,003ae8d0,3,00000000,00000000,0,1
309,309,0,238a461f,00000000,00000000,0008d5b7,00000000,008d5b76,00000000,238a461f,003ae94d,00000000,003ae8d0,3,00000000,00000000,0,1
310,310,0,238a4620,00000000,00000000,0008d5b7,00000000,008d5b76,00000000,238a4620,003ae94d,00000000,003ae8d0,3,00000000,00000000,0,1
311,311,0,238a4621,00000000,00000000,0008d5b7,00000000,008d5b76,00000000,238a4621,003ae94d,00000000,003ae8d0,3,00000000,00000000,0,1
312,312,0,238a4622,00000000,00000000,0008d5b7,00000000,008d5b76,00000000,238a4622,003ae94d,00000000,003ae8d0,3,00000000,00000000,0,1
313,313,0,238a4623,00000000,00000000,0008d5b7,00000000,008d5b76,00000000,238a4623,003ae94d,00000000,003ae8d0,3,00000000,00000000,0,1
314,314,0,238a4624,00000000,00000000,0008d5b7,00000000,008d5b76,00000000,238a4624,003ae94d,00000000,003ae8d0,3,00000000,00000000,0,1
315,315,0,238a4625,00000000,00000000,0008d5b7,00000000,008d5b76,00000000,238a4625,003ae94d,00000000,003ae8d0,3,00000000,00000000,0,1
316,316,0,238a4626,00000000,00000000,0008d5b7,00000000,008d5b76,00000000,238a4626,003ae94d,00000000,003ae8d0,3,00000000,00000000,0,1
317,317,0,238a4627,00000000,00000000,0008d5b7,00000000,008d5b76,00000000,238a4627,003ae94d,00000000,003ae8d0,3,00000000,00000000,0,1
318,318,0,238a4628,00000000,00000000,0008d5b7,00000000,008d5b76,00000000,238a4628,003ae94d,00000000,003ae8d0,3,00000000,00000000,0,1
319,319,0,238a4629,00000000,00000000,0008d5b7,00000000,008d5b76,00000000,238a4629,003ae94d,00000000,003ae8d0,3,00000000,00000000,0,1
320,320,0,238a462a,00000000,00000000,0008d5b7,00000000,008d5b76,00000000,238a462a,003ae94d,00000000,003ae8d0,3,00000000,00000000,0,1
321,321,0,238a462b,00000000,00000000,0008d5b7,00000000,008d5b76,00000000,238a462b,003ae94d,00000000,003ae8d0,3,00000000,00000000,0,1
322,322,0,238a462c,00000000,00000000,0008d5b7,00000000,008d5b76,00000000,238a462c,003ae94d,00000000,003ae8d0,3,00000000,00000000,0,1
323,323,0,238a462d,00000000,00000000,0008d5b7,00000000,008d5b76,00000000,238a462d,003ae94d,00000000,003ae8d0,3,00000000,00000000,0,1
324,324,0,238a462e,00000000,00000000,0008d5b7,00000000,008d5b76,00000000,238a462e,003ae94d,00000000,003ae8d0,3,00000000,00000000,0,1
325,325,0,238a462f,00000000,00000000,0008d5b7,00000000,008d5b76,00000000,238a462f,003ae94d,00000000,003ae8d0,3,00000000,00000000,0,1
326,326,0,238a4630,00000000,00000000,0008d5b7,00000000,008d5b76,00000000,238a4630,003ae94d,00000000,003ae8d0,3,00000000,00000000,0,1
327,327,0,238a4631,00000000,00000000,0008d5b7,00000000,008d5b76,00000000,238a4631,003ae94d,00000000,003ae8d0,3,00000000,00000000,0,1
328,328,0,238a4632,00000000,00000000,0008d5b7,00000000,008d5b76,00000000,238a4632,003ae94d,00000000,003ae8d0,3,00000000,00000000,0,1
329,329,0,238a4633,00000000,00000000,0008d5b7,00000000,008d5b76,00000000,238a4633,003ae94d,00000000,003ae8d0,3,00000000,00000000,0,1
330,330,0,238a4634,00000000,00000000,0008d5b7,00000000,008d5b76,00000000,238a4634,003ae94d,00000000,003ae8d0,3,00000000,00000000,0,1
331,331,0,238a4635,00000000,00000000,0008d5b7,00000000,008d5b76,00000000,238a4635,003ae94d,00000000,003ae8d0,3,00000000,00000000,0,1
332,332,0,238a4636,00000000,00000000,0008d5b7,00000000,008d5b76,00000000,238a4636,003ae94d,00000000,003ae8d0,3,00000000,00000000,0,1
333,333,0,238a4637,00000000,00000000,0008d5b7,00000000,008d5b76,00000000,238a4637,003ae94d,00000000,003ae8d0,3,00000000,00000000,0,1
334,334,0,238a4638,00000000,00000000,0008d5b7,00000000,008d5b76,00000000,238a4638,003ae94d,00000000,003ae8d0,3,00000000,00000000,0,1
335,335,0,238a4639,00000000,00000000,0008d5b7,00000000,008d5b76,00000000,238a4639,003ae94d,00000000,003ae8d0,3,00000000,00000000,0,1
336,336,0,238a463a,00000000,00000000,0008d5b7,00000000,008d5b76,00000000,238a463a,003ae94d,00000000,003ae8d0,3,00000000,00000000,0,1
337,337,0,238a463b,00000000,00000000,0008d5b7,00000000,008d5b76,00000000,238a463b,003ae94d,00000000,003ae8d0,3,00000000,00000000,0,1
338,338,0,238a463c,00000000,00000000,0008d5b7,00000000,008d5b76,00000000,238a463c,003ae94d,00000000,003ae8d0,3,00000000,00000000,0,1
339,339,0,238a463d,00000000,00000000,0008d5b7,00000000,008d5b76,00000000,238a463d,003ae94d,00000000,003ae8d0,3,00000000,00000000,0,1
340,340,0,238a463e,00000000,00000000,0008d5b7,00000000,008d5b76,00000000,238a463e,003ae94d,00000000,003ae8d0,3,00000000,00000000,0,1
341,341,0,238a463f,00000000,00000000,0008d5b7,00000000,008d5b76,00000000,238a463f,003ae94d,00000000,003ae8d0,3,00000000,00000000,0,1
342,342,0,238a4640,00000000,00000000,0008d5b7,00000000,008d5b76,00000000,238a4640,003ae94d,00000000,003ae8d0,3,00000000,00000000,0,1
343,343,0,238a4641,00000000,00000000,0008d5b7,00000000,008d5b76,00000000,238a4641,003ae94d,00000000,003ae8d0,3,00000000,00000000,0,1
344,344,0,238a4642,00000000,00000000,0008d5b7,00000000,008d5b76,00000000,238a4642,003ae94d,00000000,003ae8d0,3,00000000,00000000,0,1
345,345,0,238a4643,00000000,00000000,0008d5b7,00000000,008d5b76,00000000,238a4643,003ae94d,00000000,003ae8d0,3,00000000,00000000,0,1
346,346,0,238a4644,00000000,00000000,0008d5b7,00000000,008d5b76,00000000,238a4644,003ae94d,00000000,003ae8d0,3,00000000,00000000,0,1
347,347,0,238a4645,00000000,00000000,0008d5b7,00000000,008d5b76,00000000,238a4645,003ae94d,00000000,003ae8d0,3,00000000,00000000,0,1
348,348,0,238a4646,00000000,00000000,0008d5b7,00000000,008d5b76,00000000,238a4646,003ae94d,00000000,003ae8d0,3,00000000,00000000,0,1
349,349,0,238a4647,00000000,00000000,0008d5b7,00000000,008d5b76,00000000,238a4647,003ae94d,00000000,003ae8d0,3,00000000,00000000,0,1
350,350,0,238a4648,00000000,00000000,0008d5b7,00000000,008d5b76,00000000,238a4648,003ae94d,00000000,003ae8d0,3,00000000,00000000,0,1
351,351,0,238a4649,00000000,00000000,0008d5b7,00000000,008d5b76,00000000,238a4649,003ae94d,00000000,003ae8d0,3,00000000,00000000,0,1
352,352,0,238a464a,00000000,00000000,0008d5b7,00000000,008d5b76,00000000,238a464a,003ae94d,00000000,003ae8d0,3,00000000,00000000,0,1
353,353,0,238a464b,00000000,00000000,0008d5b7,00000000,008d5b76,00000000,238a464b,003ae94d,00000000,003ae8d0,3,00000000,00000000,0,1
354,354,0,238a464c,00000000,00000000,0008d5b7,00000000,008d5b76,00000000,238a464c,003ae94d,00000000,003ae8d0,3,00000000,00000000,0,1
355,355,0,238a464d,00000000,00000000,0008d5b7,00000000,008d5b76,00000000,238a464d,003ae94d,00000000,003ae8d0,3,00000000,00000000,0,1
356,356,0,238a464e,00000000,00000000,0008d5b7,00000000,008d5b76,00000000,238a464e,003ae94d,00000000,003ae8d0,3,00000000,00000000,0,1
357,357,0,238a464f,00000000,00000000,0008d5b7,00000000,008d5b76,00000000,238a464f,003ae94d,00000000,003ae8d0,3,00000000,00000000,0,1
358,358,0,238a4650,00000000,00000000,0008d5b7,00000000,008d5b76,00000000,238a4650,003ae94d,00000000,003ae8d0,3,00000000,00000000,0,1
359,359,0,238a4651,00000000,00000000,0008d5b7,00000000,008d5b76,00000000,238a4651,003ae94d,00000000,003ae8d0,3,00000000,00000000,0,1
360,360,0,238a4652,00000000,00000000,0008d5b7,00000000,008d5b76,00000000,238a4652,003ae94d,00000000,003ae8d0,3,00000000,00000000,0,1
361,361,0,238a4653,00000000,00000000,0008d5b7,00000000,008d5b76,00000000,238a4653,003ae94d,00000000,003ae8d0,3,00000000,00000000,0,1
362,362,0,238a4654,00000000,00000000,0008d5b7,00000000,008d5b76,00000000,238a4654,003ae94d,00000000,003ae8d0,3,00000000,00000000,0,1
363,363,0,238a4655,00000000,00000000,0008d5b7,00000000,008d5b76,00000000,238a4655,003ae94d,00000000,003ae8d0,3,00000000,00000000,0,1
364,364,0,238a4656,00000000,00000000,0008d5b7,00000000,008d5b76,00000000,238a4656,003ae94d,00000000,003ae8d0,3,00000000,00000000,0,1
365,365,0,238a4657,00000000,00000000,0008d5b7,00000000,008d5b76,00000000,238a4657,003ae94d,00000000,003ae8d0,3,00000000,00000000,0,1
366,366,0,238a4658,00000000,00000000,0008d5b7,00000000,008d5b76,00000000,238a4658,003ae94d,00000000,003ae8d0,3,00000000,00000000,0,1
367,367,0,238a4659,00000000,00000000,0008d5b7,00000000,008d5b76,00000000,238a4659,003ae94d,00000000,003ae8d0,3,00000000,00000000,0,1
368,368,0,238a465a,00000000,00000000,0008d5b7,00000000,008d5b76,00000000,238a465a,003ae94d,00000000,003ae8d0,3,00000000,00000000,0,1
369,369,0,238a465b,00000000,00000000,0008d5b7,00000000,008d5b76,00000000,238a465b,003ae94d,00000000,003ae8d0,3,00000000,00000000,0,1
370,370,0,238a465c,00000000,00000000,0008d5b7,00000000,008d5b76,00000000,238a465c,003ae94d,00000000,003ae8d0,3,00000000,00000000,0,1
371,371,0,238a465d,00000000,00000000,0008d5b7,00000000,008d5b76,00000000,238a465d,003ae94d,00000000,003ae8d0,3,00000000,00000000,0,1
372,372,0,238a465e,00000000,00000000,0008d5b7,00000000,008d5b76,00000000,238a465e,003ae94d,00000000,003ae8d0,3,00000000,00000000,0,1
373,373,0,238a465f,00000000,00000000,0008d5b7,00000000,008d5b76,00000000,238a465f,003ae94d,00000000,003ae8d0,3,00000000,00000000,0,1
374,374,0,238a4660,00000000,00000000,0008d5b7,00000000,008d5b76,00000000,238a4660,003ae94d,00000000,003ae8d0,3,00000000,00000000,0,1
375,375,0,238a4661,00000000,00000000,0008d5b7,00000000,008d5b76,00000000,238a4661,003ae94d,00000000,003ae8d0,3,00000000,00000000,0,1
376,376,0,238a4662,00000000,00000000,0008d5b7,00000000,008d5b76,00000000,238a4662,003ae94d,00000000,003ae8d0,3,00000000,00000000,0,1
377,377,0,238a4663,00000000,00000000,0008d5b7,00000000,008d5b76,00000000,238a4663,003ae94d,00000000,003ae8d0,3,00000000,00000000,0,1
378,378,0,238a4664,00000000,00000000,0008d5b7,00000000,008d5b76,00000000,238a4664,003ae94d,00000000,003ae8d0,3,00000000,00000000,0,1
379,379,0,238a4665,00000000,00000000,0008d5b7,00000000,008d5b76,00000000,238a4665,003ae94d,00000000,003ae8d0,3,00000000,00000000,0,1
380,380,0,238a4666,00000000,00000000,0008d5b7,00000000,008d5b76,00000000,238a4666,003ae94d,00000000,003ae8d0,3,00000000,00000000,0,1
381,381,0,238a4667,00000000,00000000,0008d5b7,00000000,008d5b76,00000000,238a4667,003ae94d,00000000,003ae8d0,3,00000000,00000000,0,1
382,382,0,238a4668,00000000,00000000,0008d5b7,00000000,008d5b76,00000000,238a4668,003ae94d,00000000,003ae8d0,3,00000000,00000000,0,1
383,383,0,238a4669,00000000,00000000,0008d5b7,00000000,008d5b76,00000000,238a4669,003ae94d,00000000,003ae8d0,3,00000000,00000000,0,1
384,384,0,238a466a,00000000,00000000,0008d5b7,00000000,008d5b76,00000000,238a466a,003ae94d,00000000,003ae8d0,3,00000000,00000000,0,1
385,385,0,238a466b,00000000,00000000,0008d5b7,00000000,008d5b76,00000000,238a466b,003ae94d,00000000,003ae8d0,3,00000000,00000000,0,1
386,386,0,238a466c,00000000,00000000,0008d5b7,00000000,008d5b76,00000000,238a466c,003ae94d,00000000,003ae8d0,3,00000000,00000000,0,1
387,387,0,238a466d,00000000,00000000,0008d5b7,00000000,008d5b76,00000000,238a466d,003ae94d,00000000,003ae8d0,3,00000000,00000000,0,1
388,388,0,238a466e,00000000,00000000,0008d5b7,00000000,008d5b76,00000000,238a466e,003ae94d,00000000,003ae8d0,3,00000000,00000000,0,1
389,389,0,238a466f,00000000,00000000,0008d5b7,00000000,008d5b76,00000000,238a466f,003ae94d,00000000,003ae8d0,3,00000000,00000000,0,1
390,390,0,238a4670,00000000,00000000,0008d5b7,00000000,008d5b76,00000000,238a4670,003ae94d,00000000,003ae8d0,3,00000000,00000000,0,1
391,391,0,238a4671,00000000,00000000,0008d5b7,00000000,008d5b76,00000000,238a4671,003ae94d,00000000,003ae8d0,3,00000000,00000000,0,1
392,392,0,238a4672,00000000,00000000,0008d5b7,00000000,008d5b76,00000000,238a4672,003ae94d,00000000,003ae8d0,3,00000000,00000000,0,1
393,393,0,238a4673,00000000,00000000,0008d5b7,00000000,008d5b76,00000000,238a4673,003ae94d,00000000,003ae8d0,3,00000000,00000000,0,1
394,394,0,238a4674,00000000,00000000,0008d5b7,00000000,008d5b76,00000000,238a4674,003ae94d,00000000,003ae8d0,3,00000000,00000000,0,1
395,395,0,238a4675,00000000,00000000,0008d5b7,00000000,008d5b76,00000000,238a4675,003ae94d,00000000,003ae8d0,3,00000000,00000000,0,1
396,396,0,238a4676,00000000,00000000,0008d5b7,00000000,008d5b76,00000000,238a4676,003ae94d,00000000,003ae8d0,3,00000000,00000000,0,1
397,397,0,238a4677,00000000,00000000,0008d5b7,00000000,008d5b76,00000000,238a4677,003ae94d,00000000,003ae8d0,3,00000000,00000000,0,1
398,398,0,238a4678,00000000,00000000,0008d5b7,00000000,008d5b76,00000000,238a4678,003ae94d,00000000,003ae8d0,3,00000000,00000000,0,1
399,399,0,238a4679,00000000,00000000,0008d5b7,00000000,008d5b76,00000000,238a4679,003ae94d,00000000,003ae8d0,3,00000000,00000000,0,1
400,400,0,238a467a,00000000,00000000,0008d5b7,00000000,008d5b76,00000000,238a467a,003ae94d,00000000,003ae8d0,3,00000000,00000000,0,1
401,401,0,238a467b,00000000,00000000,0008d5b7,00000000,008d5b76,00000000,238a467b,003ae94d,00000000,003ae8d0,3,00000000,00000000,0,1
402,402,0,238a467c,00000000,00000000,0008d5b7,00000000,008d5b76,00000000,238a467c,003ae94d,00000000,003ae8d0,3,00000000,00000000,0,1
403,403,0,238a467d,00000000,00000000,0008d5b7,00000000,008d5b76,00000000,238a467d,003ae94d,00000000,003ae8d0,3,00000000,00000000,0,1
404,404,0,238a467e,00000000,00000000,0008d5b7,00000000,008d5b76,00000000,238a467e,003ae94d,00000000,003ae8d0,3,00000000,00000000,0,1
405,405,0,238a467f,00000000,00000000,0008d5b7,00000000,008d5b76,00000000,238a467f,003ae94d,00000000,003ae8d0,3,00000000,00000000,0,1
406,406,0,238a4680,00000000,00000000,0008d5b7,00000000,008d5b76,00000000,238a4680,003ae94d,00000000,003ae8d0,3,00000000,00000000,0,1
407,407,0,238a4681,00000000,00000000,0008d5b7,00000000,008d5b76,00000000,238a4681,003ae94d,00000000,003ae8d0,3,00000000,00000000,0,1
408,408,0,238a4682,00000000,00000000,0008d5b7,00000000,008d5b76,00000000,238a4682,003ae94d,00000000,003ae8d0,3,00000000,00000000,0,1
409,409,0,238a4683,00000000,00000000,0008d5b7,00000000,008d5b76,00000000,238a4683,003ae94d,00000000,003ae8d0,3,00000000,00000000,0,1
410,410,0,238a4684,00000000,00000000,0008d5b7,00000000,008d5b76,00000000,238a4684,003ae94d,00000000,003ae8d0,3,00000000,00000000,0,1
411,411,0,238a4685,00000000,00000000,0008d5b7,00000000,008d5b76,00000000,238a4685,003ae94d,00000000,003ae8d0,3,00000000,00000000,0,1
412,412,0,238a4686,00000000,00000000,0008d5b7,00000000,008d5b76,00000000,238a4686,003ae94d,00000000,003ae8d0,3,00000000,00000000,0,1
413,413,0,238a4687,00000000,00000000,0008d5b7,00000000,008d5b76,00000000,238a4687,003ae94d,00000000,003ae8d0,3,00000000,00000000,0,1
414,414,0,238a4688,00000000,00000000,0008d5b7,00000000,008d5b76,00000000,238a4688,003ae94d,00000000,003ae8d0,3,00000000,00000000,0,1
415,415,0,238a4689,00000000,00000000,0008d5b7,00000000,008d5b76,00000000,238a4689,003ae94d,00000000,003ae8d0,3,00000000,00000000,0,1
416,416,0,238a468a,00000000,00000000,0008d5b7,00000000,008d5b76,00000000,238a468a,003ae94d,00000000,003ae8d0,3,00000000,00000000,0,1
417,417,0,238a468b,00000000,00000000,0008d5b7,00000000,008d5b76,00000000,238a468b,003ae94d,00000000,003ae8d0,3,00000000,00000000,0,1
418,418,0,238a468c,00000000,00000000,0008d5b7,00000000,008d5b76,00000000,238a468c,003ae94d,00000000,003ae8d0,3,00000000,00000000,0,1
419,419,0,238a468d,00000000,00000000,0008d5b7,00000000,008d5b76,00000000,238a468d,003ae94d,00000000,003ae8d0,3,00000000,00000000,0,1
420,420,0,238a468e,00000000,00000000,0008d5b7,00000000,008d5b76,00000000,238a468e,003ae94d,00000000,003ae8d0,3,00000000,00000000,0,1
421,421,0,238a468f,00000000,00000000,0008d5b7,00000000,008d5b76,00000000,238a468f,003ae94d,00000000,003ae8d0,3,00000000,00000000,0,1
422,422,0,238a4690,00000000,00000000,0008d5b7,00000000,008d5b76,00000000,238a4690,003ae94d,00000000,003ae8d0,3,00000000,00000000,0,1
423,423,0,238a4691,00000000,00000000,0008d5b7,00000000,008d5b76,00000000,238a4691,003ae94d,00000000,003ae8d0,3,00000000,00000000,0,1
424,424,0,238a4692,00000000,00000000,0008d5b7,00000000,008d5b76,00000000,238a4692,003ae94d,00000000,003ae8d0,3,00000000,00000000,0,1
425,425,0,238a4693,00000000,00000000,0008d5b7,00000000,008d5b76,00000000,238a4693,003ae94d,00000000,003ae8d0,3,00000000,00000000,0,1
426,426,0,238a4694,00000000,00000000,0008d5b7,00000000,008d5b76,00000000,238a4694,003ae94d,00000000,003ae8d0,3,00000000,00000000,0,1
427,427,0,238a4695,00000000,00000000,0008d5b7,00000000,008d5b76,00000000,238a4695,003ae94d,00000000,003ae8d0,3,00000000,00000000,0,1
428,428,0,238a4696,00000000,00000000,0008d5b7,00000000,008d5b76,00000000,238a4696,003ae94d,00000000,003ae8d0,3,00000000,00000000,0,1
429,429,0,238a4697,00000000,00000000,0008d5b7,00000000,008d5b76,00000000,238a4697,003ae94d,00000000,003ae8d0,3,00000000,00000000,0,1
430,430,0,238a4698,00000000,00000000,0008d5b7,00000000,008d5b76,00000000,238a4698,003ae94d,00000000,003ae8d0,3,00000000,00000000,0,1
431,431,0,238a4699,00000000,00000000,0008d5b7,00000000,008d5b76,00000000,238a4699,003ae94d,00000000,003ae8d0,3,00000000,00000000,0,1
432,432,0,238a469a,00000000,00000000,0008d5b7,00000000,008d5b76,00000000,238a469a,003ae94d,00000000,003ae8d0,3,00000000,00000000,0,1
433,433,0,238a469b,00000000,00000000,0008d5b7,00000000,008d5b76,00000000,238a469b,003ae94d,00000000,003ae8d0,3,00000000,00000000,0,1
434,434,0,238a469c,00000000,00000000,0008d5b7,00000000,008d5b76,00000000,238a469c,003ae94d,00000000,003ae8d0,3,00000000,00000000,0,1
435,435,0,238a469d,00000000,00000000,0008d5b7,00000000,008d5b76,00000000,238a469d,003ae94d,00000000,003ae8d0,3,00000000,00000000,0,1
436,436,0,238a469e,00000000,00000000,0008d5b7,00000000,008d5b76,00000000,238a469e,003ae94d,00000000,003ae8d0,3,00000000,00000000,0,1
437,437,0,238a469f,00000000,00000000,0008d5b7,00000000,008d5b76,00000000,238a469f,003ae94d,00000000,003ae8d0,3,00000000,00000000,0,1
438,438,0,238a46a0,00000000,00000000,0008d5b7,00000000,008d5b76,00000000,238a46a0,003ae94d,00000000,003ae8d0,3,00000000,00000000,0,1
439,439,0,238a46a1,00000000,00000000,0008d5b7,00000000,008d5b76,00000000,238a46a1,003ae94d,00000000,003ae8d0,3,00000000,00000000,0,1
440,440,0,238a46a2,00000000,00000000,0008d5b7,00000000,008d5b76,00000000,238a46a2,003ae94d,00000000,003ae8d0,3,00000000,00000000,0,1
441,441,0,238a46a3,00000000,00000000,0008d5b7,00000000,008d5b76,00000000,238a46a3,003ae94d,00000000,003ae8d0,3,00000000,00000000,0,1
442,442,0,238a46a4,00000000,00000000,0008d5b7,00000000,008d5b76,00000000,238a46a4,003ae94d,00000000,003ae8d0,3,00000000,00000000,0,1
443,443,0,238a46a5,00000000,00000000,0008d5b7,00000000,008d5b76,00000000,238a46a5,003ae94d,00000000,003ae8d0,3,00000000,00000000,0,1
444,444,0,238a46a6,00000000,00000000,0008d5b7,00000000,008d5b76,00000000,238a46a6,003ae94d,00000000,003ae8d0,3,00000000,00000000,0,1
445,445,0,238a46a7,00000000,00000000,0008d5b7,00000000,008d5b76,00000000,238a46a7,003ae94d,00000000,003ae8d0,3,00000000,00000000,0,1
446,446,0,238a46a8,00000000,00000000,0008d5b7,00000000,008d5b76,00000000,238a46a8,003ae94d,00000000,003ae8d0,3,00000000,00000000,0,1
447,447,0,238a46a9,00000000,00000000,0008d5b7,00000000,008d5b76,00000000,238a46a9,003ae94d,00000000,003ae8d0,3,00000000,00000000,0,1
448,448,0,238a46aa,00000000,00000000,0008d5b7,00000000,008d5b76,00000000,238a46aa,003ae94d,00000000,003ae8d0,3,00000000,00000000,0,1
449,449,0,238a46ab,00000000,00000000,0008d5b7,00000000,008d5b76,00000000,238a46ab,003ae94d,00000000,003ae8d0,3,00000000,00000000,0,1
450,450,0,238a46ac,00000000,00000000,0008d5b7,00000000,008d5b76,00000000,238a46ac,003ae94d,00000000,003ae8d0,3,00000000,00000000,0,1
451,451,0,238a46ad,00000000,00000000,0008d5b7,00000000,008d5b76,00000000,238a46ad,003ae94d,00000000,003ae8d0,3,00000000,00000000,0,1
452,452,0,238a46ae,00000000,00000000,0008d5b7,00000000,008d5b76,00000000,238a46ae,003ae94d,00000000,003ae8d0,3,00000000,00000000,0,1
453,453,0,238a46af,00000000,00000000,0008d5b7,00000000,008d5b76,00000000,238a46af,003ae94d,00000000,003ae8d0,3,00000000,00000000,0,1
454,454,0,238a46b0,00000000,00000000,0008d5b7,00000000,008d5b76,00000000,238a46b0,003ae94d,00000000,003ae8d0,3,00000000,00000000,0,1
455,455,0,238a46b1,00000000,00000000,0008d5b7,00000000,008d5b76,00000000,238a46b1,003ae94d,00000000,003ae8d0,3,00000000,00000000,0,1
456,456,0,238a46b2,00000000,00000000,0008d5b7,00000000,008d5b76,00000000,238a46b2,003ae94d,00000000,003ae8d0,3,00000000,00000000,0,1
457,457,0,238a46b3,00000000,00000000,0008d5b7,00000000,008d5b76,00000000,238a46b3,003ae94d,00000000,003ae8d0,3,00000000,00000000,0,1
458,458,0,238a46b4,00000000,00000000,0008d5b7,00000000,008d5b76,00000000,238a46b4,003ae94d,00000000,003ae8d0,3,00000000,00000000,0,1
459,459,0,238a46b5,00000000,00000000,0008d5b7,00000000,008d5b76,00000000,238a46b5,003ae94d,00000000,003ae8d0,3,00000000,00000000,0,1
460,460,0,238a46b6,00000000,00000000,0008d5b7,00000000,008d5b76,00000000,238a46b6,003ae94d,00000000,003ae8d0,3,00000000,00000000,0,1
461,461,0,238a46b7,00000000,00000000,0008d5b7,00000000,008d5b76,00000000,238a46b7,003ae94d,00000000,003ae8d0,3,00000000,00000000,0,1
462,462,0,238a46b8,00000000,00000000,0008d5b7,00000000,008d5b76,00000000,238a46b8,003ae94d,00000000,003ae8d0,3,00000000,00000000,0,1
463,463,0,238a46b9,00000000,00000000,0008d5b7,00000000,008d5b76,00000000,238a46b9,003ae94d,00000000,003ae8d0,3,00000000,00000000,0,1
464,464,0,238a46ba,00000000,00000000,0008d5b7,00000000,008d5b76,00000000,238a46ba,003ae94d,00000000,003ae8d0,3,00000000,00000000,0,1
465,465,0,238a46bb,00000000,00000000,0008d5b7,00000000,008d5b76,00000000,238a46bb,003ae94d,00000000,003ae8d0,3,00000000,00000000,0,1
466,466,0,238a46bc,00000000,00000000,0008d5b7,00000000,008d5b76,00000000,238a46bc,003ae94d,00000000,003ae8d0,3,00000000,00000000,0,1
467,467,0,238a46bd,00000000,00000000,0008d5b7,00000000,008d5b76,00000000,238a46bd,003ae94d,00000000,003ae8d0,3,00000000,00000000,0,1
468,468,0,238a46be,00000000,00000000,0008d5b7,00000000,008d5b76,00000000,238a46be,003ae94d,00000000,003ae8d0,3,00000000,00000000,0,1
469,469,0,238a46bf,00000000,00000000,0008d5b7,00000000,008d5b76,00000000,238a46bf,003ae94d,00000000,003ae8d0,3,00000000,00000000,0,1
470,470,0,238a46c0,00000000,00000000,0008d5b7,00000000,008d5b76,00000000,238a46c0,003ae94d,00000000,003ae8d0,3,00000000,00000000,0,1
471,471,0,238a46c1,00000000,00000000,0008d5b7,00000000,008d5b76,00000000,238a46c1,003ae94d,00000000,003ae8d0,3,00000000,00000000,0,1
472,472,0,238a46c2,00000000,00000000,0008d5b7,00000000,008d5b76,00000000,238a46c2,003ae94d,00000000,003ae8d0,3,00000000,00000000,0,1
473,473,0,238a46c3,00000000,00000000,0008d5b7,00000000,008d5b76,00000000,238a46c3,003ae94d,00000000,003ae8d0,3,00000000,00000000,0,1
474,474,0,238a46c4,00000000,00000000,0008d5b7,00000000,008d5b76,00000000,238a46c4,003ae94d,00000000,003ae8d0,3,00000000,00000000,0,1
475,475,0,238a46c5,00000000,00000000,0008d5b7,00000000,008d5b76,00000000,238a46c5,003ae94d,00000000,003ae8d0,3,00000000,00000000,0,1
476,476,0,238a46c6,00000000,00000000,0008d5b7,00000000,008d5b76,00000000,238a46c6,003ae94d,00000000,003ae8d0,3,00000000,00000000,0,1
477,477,0,238a46c7,00000000,00000000,0008d5b7,00000000,008d5b76,00000000,238a46c7,003ae94d,00000000,003ae8d0,3,00000000,00000000,0,1
478,478,0,238a46c8,00000000,00000000,0008d5b7,00000000,008d5b76,00000000,238a46c8,003ae94d,00000000,003ae8d0,3,00000000,00000000,0,1
479,479,0,238a46c9,00000000,00000000,0008d5b7,00000000,008d5b76,00000000,238a46c9,003ae94d,00000000,003ae8d0,3,00000000,00000000,0,1
480,480,0,238a46ca,00000000,00000000,0008d5b7,00000000,008d5b76,00000000,238a46ca,003ae94d,00000000,003ae8d0,3,00000000,00000000,0,1
481,481,0,238a46cb,00000000,00000000,0008d5b7,00000000,008d5b76,00000000,238a46cb,003ae94d,00000000,003ae8d0,3,00000000,00000000,0,1
482,482,0,238a46cc,00000000,00000000,0008d5b7,00000000,008d5b76,00000000,238a46cc,003ae94d,00000000,003ae8d0,3,00000000,00000000,0,1
483,483,0,238a46cd,00000000,00000000,0008d5b7,00000000,008d5b76,00000000,238a46cd,003ae94d,00000000,003ae8d0,3,00000000,00000000,0,1
484,484,0,238a46ce,00000000,00000000,0008d5b7,00000000,008d5b76,00000000,238a46ce,003ae94d,00000000,003ae8d0,3,00000000,00000000,0,1
485,485,0,238a46cf,00000000,00000000,0008d5b7,00000000,008d5b76,00000000,238a46cf,003ae94d,00000000,003ae8d0,3,00000000,00000000,0,1
486,486,0,238a46d0,00000000,00000000,0008d5b7,00000000,008d5b76,00000000,238a46d0,003ae94d,00000000,003ae8d0,3,00000000,00000000,0,1
487,487,0,238a46d1,00000000,00000000,0008d5b7,00000000,008d5b76,00000000,238a46d1,003ae94d,00000000,003ae8d0,3,00000000,00000000,0,1
488,488,0,238a46d2,00000000,00000000,0008d5b7,00000000,008d5b76,00000000,238a46d2,003ae94d,00000000,003ae8d0,3,00000000,00000000,0,1
489,489,0,238a46d3,00000000,00000000,0008d5b7,00000000,008d5b76,00000000,238a46d3,003ae94d,00000000,003ae8d0,3,00000000,00000000,0,1
490,490,0,238a46d4,00000000,00000000,0008d5b7,00000000,008d5b76,00000000,238a46d4,003ae94d,00000000,003ae8d0,3,00000000,00000000,0,1
491,491,0,238a46d5,00000000,00000000,0008d5b7,00000000,008d5b76,00000000,238a46d5,003ae94d,00000000,003ae8d0,3,00000000,00000000,0,1
492,492,0,238a46d6,00000000,00000000,0008d5b7,00000000,008d5b76,00000000,238a46d6,003ae94d,00000000,003ae8d0,3,00000000,00000000,0,1
493,493,0,238a46d7,00000000,00000000,0008d5b7,00000000,008d5b76,00000000,238a46d7,003ae94d,00000000,003ae8d0,3,00000000,00000000,0,1
494,494,0,238a46d8,00000000,00000000,0008d5b7,00000000,008d5b76,00000000,238a46d8,003ae94d,00000000,003ae8d0,3,00000000,00000000,0,1
495,495,0,238a46d9,00000000,00000000,0008d5b7,00000000,008d5b76,00000000,238a46d9,003ae94d,00000000,003ae8d0,3,00000000,00000000,0,1
496,496,0,238a46da,00000000,00000000,0008d5b7,00000000,008d5b76,00000000,238a46da,003ae94d,00000000,003ae8d0,3,00000000,00000000,0,1
497,497,0,238a46db,00000000,00000000,0008d5b7,00000000,008d5b76,00000000,238a46db,003ae94d,00000000,003ae8d0,3,00000000,00000000,0,1
498,498,0,238a46dc,00000000,00000000,0008d5b7,00000000,008d5b76,00000000,238a46dc,003ae94d,00000000,003ae8d0,3,00000000,00000000,0,1
499,499,0,238a46dd,00000000,00000000,0008d5b7,00000000,008d5b76,00000000,238a46dd,003ae94d,00000000,003ae8d0,3,00000000,00000000,0,1
500,500,0,238a46de,00000000,00000000,0008d5b7,00000000,008d5b76,00000000,238a46de,003ae94d,00000000,003ae8d0,3,00000000,00000000,0,1
501,501,0,238a46df,00000000,00000000,0008d5b7,00000000,008d5b76,00000000,238a46df,003ae94d,00000000,003ae8d0,3,00000000,00000000,0,1
502,502,0,238a46e0,00000000,00000000,0008d5b7,00000000,008d5b76,00000000,238a46e0,003ae94d,00000000,003ae8d0,3,00000000,00000000,0,1
503,503,0,238a46e1,00000000,00000000,0008d5b7,00000000,008d5b76,00000000,238a46e1,003ae94d,00000000,003ae8d0,3,00000000,00000000,0,1
504,504,0,238a46e2,00000000,00000000,0008d5b7,00000000,008d5b76,00000000,238a46e2,003ae94d,00000000,003ae8d0,3,00000000,00000000,0,1
505,505,0,238a46e3,00000000,00000000,0008d5b7,00000000,008d5b76,00000000,238a46e3,003ae94d,00000000,003ae8d0,3,00000000,00000000,0,1
506,506,0,238a46e4,00000000,00000000,0008d5b7,00000000,008d5b76,00000000,238a46e4,003ae94d,00000000,003ae8d0,3,00000000,00000000,0,1
507,507,0,238a46e5,00000000,00000000,0008d5b7,00000000,008d5b76,00000000,238a46e5,003ae94d,00000000,003ae8d0,3,00000000,00000000,0,1
508,508,0,238a46e6,00000000,00000000,0008d5b7,00000000,008d5b76,00000000,238a46e6,003ae94d,00000000,003ae8d0,3,00000000,00000000,0,1
509,509,0,238a46e7,00000000,00000000,0008d5b7,00000000,008d5b76,00000000,238a46e7,003ae94d,00000000,003ae8d0,3,00000000,00000000,0,1
510,510,0,238a46e8,00000000,00000000,0008d5b7,00000000,008d5b76,00000000,238a46e8,003ae94d,00000000,003ae8d0,3,00000000,00000000,0,1
511,511,0,238a46e9,00000000,00000000,0008d5b7,00000000,008d5b76,00000000,238a46e9,003ae94d,00000000,003ae8d0,3,00000000,00000000,0,1
512,512,1,238a46ea,00000000,00000000,0008d5b7,00000000,008d5b76,00000000,238a46ea,003ae94d,00000000,003ae8d0,3,00000000,00000000,0,1
513,513,0,238a46eb,00000000,00000000,0008d5b7,00000000,008d5b76,00000000,238a46eb,003ae94d,00000000,003ae8d0,3,00000000,00000000,0,1
514,514,0,238a46ec,00000000,00000000,0008d5b7,00000000,008d5b76,00000000,238a46ec,003ae94d,00000000,003ae8d0,3,00000000,00000000,0,1
515,515,0,238a46ed,00000000,00000000,0008d5b7,00000000,008d5b76,00000000,238a46ed,003ae94d,00000000,003ae8d0,3,00000000,00000000,0,1
516,516,0,238a46ee,00000000,00000000,0008d5b7,00000000,008d5b76,00000000,238a46ee,003ae94d,00000000,003ae8d0,3,00000000,00000000,0,1
517,517,0,238a46ef,00000000,00000000,0008d5b7,00000000,008d5b76,00000000,238a46ef,003ae94d,00000000,003ae8d0,3,00000000,00000000,0,1
518,518,0,238a46f0,00000000,00000000,0008d5b7,00000000,008d5b76,00000000,238a46f0,003ae94d,00000000,003ae8d0,3,00000000,00000000,0,1
519,519,0,238a46f1,00000000,00000000,0008d5b7,00000000,008d5b76,00000000,238a46f1,003ae94d,00000000,003ae8d0,3,00000000,00000000,0,1
520,520,0,238a46f2,00000000,00000000,0008d5b7,00000000,008d5b76,00000000,238a46f2,003ae94d,00000000,003ae8d0,3,00000000,00000000,0,1
521,521,0,238a46f3,00000000,00000000,0008d5b7,00000000,008d5b76,00000000,238a46f3,003ae94d,00000000,003ae8d0,3,00000000,00000000,0,1
522,522,0,238a46f4,00000000,00000000,0008d5b7,00000000,008d5b76,00000000,238a46f4,003ae94d,00000000,003ae8d0,3,00000000,00000000,0,1
523,523,0,238a46f5,00000000,00000000,0008d5b7,00000000,008d5b76,00000000,238a46f5,003ae94d,00000000,003ae8d0,3,00000000,00000000,0,1
524,524,0,238a46f6,00000000,00000000,0008d5b7,00000000,008d5b76,00000000,238a46f6,003ae94d,00000000,003ae8d0,3,00000000,00000000,0,1
525,525,0,238a46f7,00000000,00000000,0008d5b7,00000000,008d5b76,00000000,238a46f7,003ae94d,00000000,003ae8d0,3,00000000,00000000,0,1
526,526,0,238a46f8,00000000,00000000,0008d5b7,00000000,008d5b76,00000000,238a46f8,003ae94d,00000000,003ae8d0,3,00000000,00000000,0,1
527,527,0,238a46f9,00000000,00000000,0008d5b7,00000000,008d5b76,00000000,238a46f9,003ae94d,00000000,003ae8d0,3,00000000,00000000,0,1
528,528,0,238a46fa,00000000,00000000,0008d5b7,00000000,008d5b76,00000000,238a46fa,003ae94d,00000000,003ae8d0,3,00000000,00000000,0,1
529,529,0,238a46fb,00000000,00000000,0008d5b7,00000000,008d5b76,00000000,238a46fb,003ae94d,00000000,003ae8d0,3,00000000,00000000,0,1
530,530,0,238a46fc,00000000,00000000,0008d5b7,00000000,008d5b76,00000000,238a46fc,003ae94d,00000000,003ae8d0,3,00000000,00000000,0,1
531,531,0,238a46fd,00000000,00000000,0008d5b7,00000000,008d5b76,00000000,238a46fd,003ae94d,00000000,003ae8d0,3,00000000,00000000,0,1
532,532,0,238a46fe,00000000,00000000,0008d5b7,00000000,008d5b76,00000000,238a46fe,003ae94d,00000000,003ae8d0,3,00000000,00000000,0,1
533,533,0,238a46ff,00000000,00000000,0008d5b7,00000000,008d5b76,00000000,238a46ff,003ae94d,00000000,003ae8d0,3,00000000,00000000,0,1
534,534,0,238a4700,00000000,00000000,0008d5b7,00000000,008d5b76,00000000,238a4700,003ae94d,00000000,003ae8d0,3,00000000,00000000,0,1
535,535,0,238a4701,00000000,00000000,0008d5b7,00000000,008d5b76,00000000,238a4701,003ae94d,00000000,003ae8d0,3,00000000,00000000,0,1
536,536,0,238a4702,00000000,00000000,0008d5b7,00000000,008d5b76,00000000,238a4702,003ae94d,00000000,003ae8d0,3,00000000,00000000,0,1
537,537,0,238a4703,00000000,00000000,0008d5b7,00000000,008d5b76,00000000,238a4703,003ae94d,00000000,003ae8d0,3,00000000,00000000,0,1
538,538,0,238a4704,00000000,00000000,0008d5b7,00000000,008d5b76,00000000,238a4704,003ae94d,00000000,003ae8d0,3,00000000,00000000,0,1
539,539,0,238a4705,00000000,00000000,0008d5b7,00000000,008d5b76,00000000,238a4705,003ae94d,00000000,003ae8d0,3,00000000,00000000,0,1
540,540,0,238a4706,00000000,00000000,0008d5b7,00000000,008d5b76,00000000,238a4706,003ae94d,00000000,003ae8d0,3,00000000,00000000,0,1
541,541,0,238a4707,00000000,00000000,0008d5b7,00000000,008d5b76,00000000,238a4707,003ae94d,00000000,003ae8d0,3,00000000,00000000,0,1
542,542,0,238a4708,00000000,00000000,0008d5b7,00000000,008d5b76,00000000,238a4708,003ae94d,00000000,003ae8d0,3,00000000,00000000,0,1
543,543,0,238a4709,00000000,00000000,0008d5b7,00000000,008d5b76,00000000,238a4709,003ae94d,00000000,003ae8d0,3,00000000,00000000,0,1
544,544,0,238a470a,00000000,00000000,0008d5b7,00000000,008d5b76,00000000,238a470a,003ae94d,00000000,003ae8d0,3,00000000,00000000,0,1
545,545,0,238a470b,00000000,00000000,0008d5b7,00000000,008d5b76,00000000,238a470b,003ae94d,00000000,003ae8d0,3,00000000,00000000,0,1
546,546,0,238a470c,00000000,00000000,0008d5b7,00000000,008d5b76,00000000,238a470c,003ae94d,00000000,003ae8d0,3,00000000,00000000,0,1
547,547,0,238a470d,00000000,00000000,0008d5b7,00000000,008d5b76,00000000,238a470d,003ae94d,00000000,003ae8d0,3,00000000,00000000,0,1
548,548,0,238a470e,00000000,00000000,0008d5b7,00000000,008d5b76,00000000,238a470e,003ae94d,00000000,003ae8d0,3,00000000,00000000,0,1
549,549,0,238a470f,00000000,00000000,0008d5b7,00000000,008d5b76,00000000,238a470f,003ae94d,00000000,003ae8d0,3,00000000,00000000,0,1
550,550,0,238a4710,00000000,00000000,0008d5b7,00000000,008d5b76,00000000,238a4710,003ae94d,00000000,003ae8d0,3,00000000,00000000,0,1
551,551,0,238a4711,00000000,00000000,0008d5b7,00000000,008d5b76,00000000,238a4711,003ae94d,00000000,003ae8d0,3,00000000,00000000,0,1
552,552,0,238a4712,00000000,00000000,0008d5b7,00000000,008d5b76,00000000,238a4712,003ae94d,00000000,003ae8d0,3,00000000,00000000,0,1
553,553,0,238a4713,00000000,00000000,0008d5b7,00000000,008d5b76,00000000,238a4713,003ae94d,00000000,003ae8d0,3,00000000,00000000,0,1
554,554,0,238a4714,00000000,00000000,0008d5b7,00000000,008d5b76,00000000,238a4714,003ae94d,00000000,003ae8d0,3,00000000,00000000,0,1
555,555,0,238a4715,00000000,00000000,0008d5b7,00000000,008d5b76,00000000,238a4715,003ae94d,00000000,003ae8d0,3,00000000,00000000,0,1
556,556,0,238a4716,00000000,00000000,0008d5b7,00000000,008d5b76,00000000,238a4716,003ae94d,00000000,003ae8d0,3,00000000,00000000,0,1
557,557,0,238a4717,00000000,00000000,0008d5b7,00000000,008d5b76,00000000,238a4717,003ae94d,00000000,003ae8d0,3,00000000,00000000,0,1
558,558,0,238a4718,00000000,00000000,0008d5b7,00000000,008d5b76,00000000,238a4718,003ae94d,00000000,003ae8d0,3,00000000,00000000,0,1
559,559,0,238a4719,00000000,00000000,0008d5b7,00000000,008d5b76,00000000,238a4719,003ae94d,00000000,003ae8d0,3,00000000,00000000,0,1
560,560,0,238a471a,00000000,00000000,0008d5b7,00000000,008d5b76,00000000,238a471a,003ae94d,00000000,003ae8d0,3,00000000,00000000,0,1
561,561,0,238a471b,00000000,00000000,0008d5b7,00000000,008d5b76,00000000,238a471b,003ae94d,00000000,003ae8d0,3,00000000,00000000,0,1
562,562,0,238a471c,00000000,00000000,0008d5b7,00000000,008d5b76,00000000,238a471c,003ae94d,00000000,003ae8d0,3,00000000,00000000,0,1
563,563,0,238a471d,00000000,00000000,0008d5b7,00000000,008d5b76,00000000,238a471d,003ae94d,00000000,003ae8d0,3,00000000,00000000,0,1
564,564,0,238a471e,00000000,00000000,0008d5b7,00000000,008d5b76,00000000,238a471e,003ae94d,00000000,003ae8d0,3,00000000,00000000,0,1
565,565,0,238a471f,00000000,00000000,0008d5b7,00000000,008d5b76,00000000,238a471f,003ae94d,00000000,003ae8d0,3,00000000,00000000,0,1
566,566,0,238a4720,00000000,00000000,0008d5b7,00000000,008d5b76,00000000,238a4720,003ae94d,00000000,003ae8d0,3,00000000,00000000,0,1
567,567,0,238a4721,00000000,00000000,0008d5b7,00000000,008d5b76,00000000,238a4721,003ae94d,00000000,003ae8d0,3,00000000,00000000,0,1
568,568,0,238a4722,00000000,00000000,0008d5b7,00000000,008d5b76,00000000,238a4722,003ae94d,00000000,003ae8d0,3,00000000,00000000,0,1
569,569,0,238a4723,00000000,00000000,0008d5b7,00000000,008d5b76,00000000,238a4723,003ae94d,00000000,003ae8d0,3,00000000,00000000,0,1
570,570,0,238a4724,00000000,00000000,0008d5b7,00000000,008d5b76,00000000,238a4724,003ae94d,00000000,003ae8d0,3,00000000,00000000,0,1
571,571,0,238a4725,00000000,00000000,0008d5b7,00000000,008d5b76,00000000,238a4725,003ae94d,00000000,003ae8d0,3,00000000,00000000,0,1
572,572,0,238a4726,00000000,00000000,0008d5b7,00000000,008d5b76,00000000,238a4726,003ae94d,00000000,003ae8d0,3,00000000,00000000,0,1
573,573,0,238a4727,00000000,00000000,0008d5b7,00000000,008d5b76,00000000,238a4727,003ae94d,00000000,003ae8d0,3,00000000,00000000,0,1
574,574,0,238a4728,00000000,00000000,0008d5b7,00000000,008d5b76,00000000,238a4728,003ae94d,00000000,003ae8d0,3,00000000,00000000,0,1
575,575,0,238a4729,00000000,00000000,0008d5b7,00000000,008d5b76,00000000,238a4729,003ae94d,00000000,003ae8d0,3,00000000,00000000,0,1
576,576,0,238a472a,00000000,00000000,0008d5b7,00000000,008d5b76,00000000,238a472a,003ae94d,00000000,003ae8d0,3,00000000,00000000,0,1
577,577,0,238a472b,00000000,00000000,0008d5b7,00000000,008d5b76,00000000,238a472b,003ae94d,00000000,003ae8d0,3,00000000,00000000,0,1
578,578,0,238a472c,00000000,00000000,0008d5b7,00000000,008d5b76,00000000,238a472c,003ae94d,00000000,003ae8d0,3,00000000,00000000,0,1
579,579,0,238a472d,00000000,00000000,0008d5b7,00000000,008d5b76,00000000,238a472d,003ae94d,00000000,003ae8d0,3,00000000,00000000,0,1
580,580,0,238a472e,00000000,00000000,0008d5b7,00000000,008d5b76,00000000,238a472e,003ae94d,00000000,003ae8d0,3,00000000,00000000,0,1
581,581,0,238a472f,00000000,00000000,0008d5b7,00000000,008d5b76,00000000,238a472f,003ae94d,00000000,003ae8d0,3,00000000,00000000,0,1
582,582,0,238a4730,00000000,00000000,0008d5b7,00000000,008d5b76,00000000,238a4730,003ae94d,00000000,003ae8d0,3,00000000,00000000,0,1
583,583,0,238a4731,00000000,00000000,0008d5b7,00000000,008d5b76,00000000,238a4731,003ae94d,00000000,003ae8d0,3,00000000,00000000,0,1
584,584,0,238a4732,00000000,00000000,0008d5b7,00000000,008d5b76,00000000,238a4732,003ae94d,00000000,003ae8d0,3,00000000,00000000,0,1
585,585,0,238a4733,00000000,00000000,0008d5b7,00000000,008d5b76,00000000,238a4733,003ae94d,00000000,003ae8d0,3,00000000,00000000,0,1
586,586,0,238a4734,00000000,00000000,0008d5b7,00000000,008d5b76,00000000,238a4734,003ae94d,00000000,003ae8d0,3,00000000,00000000,0,1
587,587,0,238a4735,00000000,00000000,0008d5b7,00000000,008d5b76,00000000,238a4735,003ae94d,00000000,003ae8d0,3,00000000,00000000,0,1
588,588,0,238a4736,00000000,00000000,0008d5b7,00000000,008d5b76,00000000,238a4736,003ae94d,00000000,003ae8d0,3,00000000,00000000,0,1
589,589,0,238a4737,00000000,00000000,0008d5b7,00000000,008d5b76,00000000,238a4737,003ae94d,00000000,003ae8d0,3,00000000,00000000,0,1
590,590,0,238a4738,00000000,00000000,0008d5b7,00000000,008d5b76,00000000,238a4738,003ae94d,00000000,003ae8d0,3,00000000,00000000,0,1
591,591,0,238a4739,00000000,00000000,0008d5b7,00000000,008d5b76,00000000,238a4739,003ae94d,00000000,003ae8d0,3,00000000,00000000,0,1
592,592,0,238a473a,00000000,00000000,0008d5b7,00000000,008d5b76,00000000,238a473a,003ae94d,00000000,003ae8d0,3,00000000,00000000,0,1
593,593,0,238a473b,00000000,00000000,0008d5b7,00000000,008d5b76,00000000,238a473b,003ae94d,00000000,003ae8d0,3,00000000,00000000,0,1
594,594,0,238a473c,00000000,00000000,0008d5b7,00000000,008d5b76,00000000,238a473c,003ae94d,00000000,003ae8d0,3,00000000,00000000,0,1
595,595,0,238a473d,00000000,00000000,0008d5b7,00000000,008d5b76,00000000,238a473d,003ae94d,00000000,003ae8d0,3,00000000,00000000,0,1
596,596,0,238a473e,00000000,00000000,0008d5b7,00000000,008d5b76,00000000,238a473e,003ae94d,00000000,003ae8d0,3,00000000,00000000,0,1
597,597,0,238a473f,00000000,00000000,0008d5b7,00000000,008d5b76,00000000,238a473f,003ae94d,00000000,003ae8d0,3,00000000,00000000,0,1
598,598,0,238a4740,00000000,00000000,0008d5b7,00000000,008d5b76,00000000,238a4740,003ae94d,00000000,003ae8d0,3,00000000,00000000,0,1
599,599,0,238a4741,00000000,00000000,0008d5b7,00000000,008d5b76,00000000,238a4741,003ae94d,00000000,003ae8d0,3,00000000,00000000,0,1
600,600,0,238a4742,00000000,00000000,0008d5b7,00000000,008d5b76,00000000,238a4742,003ae94d,00000000,003ae8d0,3,00000000,00000000,0,1
601,601,0,238a4743,00000000,00000000,0008d5b7,00000000,008d5b76,00000000,238a4743,003ae94d,00000000,003ae8d0,3,00000000,00000000,0,1
602,602,0,238a4744,00000000,00000000,0008d5b7,00000000,008d5b76,00000000,238a4744,003ae94d,00000000,003ae8d0,3,00000000,00000000,0,1
603,603,0,238a4745,00000000,00000000,0008d5b7,00000000,008d5b76,00000000,238a4745,003ae94d,00000000,003ae8d0,3,00000000,00000000,0,1
604,604,0,238a4746,00000000,00000000,0008d5b7,00000000,008d5b76,00000000,238a4746,003ae94d,00000000,003ae8d0,3,00000000,00000000,0,1
605,605,0,238a4747,00000000,00000000,0008d5b7,00000000,008d5b76,00000000,238a4747,003ae94d,00000000,003ae8d0,3,00000000,00000000,0,1
606,606,0,238a4748,00000000,00000000,0008d5b7,00000000,008d5b76,00000000,238a4748,003ae94d,00000000,003ae8d0,3,00000000,00000000,0,1
607,607,0,238a4749,00000000,00000000,0008d5b7,00000000,008d5b76,00000000,238a4749,003ae94d,00000000,003ae8d0,3,00000000,00000000,0,1
608,608,0,238a474a,00000000,00000000,0008d5b7,00000000,008d5b76,00000000,238a474a,003ae94d,00000000,003ae8d0,3,00000000,00000000,0,1
609,609,0,238a474b,00000000,00000000,0008d5b7,00000000,008d5b76,00000000,238a474b,003ae94d,00000000,003ae8d0,3,00000000,00000000,0,1
610,610,0,238a474c,00000000,00000000,0008d5b7,00000000,008d5b76,00000000,238a474c,003ae94d,00000000,003ae8d0,3,00000000,00000000,0,1
611,611,0,238a474d,00000000,00000000,0008d5b7,00000000,008d5b76,00000000,238a474d,003ae94d,00000000,003ae8d0,3,00000000,00000000,0,1
612,612,0,238a474e,00000000,00000000,0008d5b7,00000000,008d5b76,00000000,238a474e,003ae94d,00000000,003ae8d0,3,00000000,00000000,0,1
613,613,0,238a474f,00000000,00000000,0008d5b7,00000000,008d5b76,00000000,238a474f,003ae94d,00000000,003ae8d0,3,00000000,00000000,0,1
614,614,0,238a4750,00000000,00000000,0008d5b7,00000000,008d5b76,00000000,238a4750,003ae94d,00000000,003ae8d0,3,00000000,00000000,0,1
615,615,0,238a4751,00000000,00000000,0008d5b7,00000000,008d5b76,00000000,238a4751,003ae94d,00000000,003ae8d0,3,00000000,00000000,0,1
616,616,0,238a4752,00000000,00000000,0008d5b7,00000000,008d5b76,00000000,238a4752,003ae94d,00000000,003ae8d0,3,00000000,00000000,0,1
617,617,0,238a4753,00000000,00000000,0008d5b7,00000000,008d5b76,00000000,238a4753,003ae94d,00000000,003ae8d0,3,00000000,00000000,0,1
618,618,0,238a4754,00000000,00000000,0008d5b7,00000000,008d5b76,00000000,238a4754,003ae94d,00000000,003ae8d0,3,00000000,00000000,0,1
619,619,0,238a4755,00000000,00000000,0008d5b7,00000000,008d5b76,00000000,238a4755,003ae94d,00000000,003ae8d0,3,00000000,00000000,0,1
620,620,0,238a4756,00000000,00000000,0008d5b7,00000000,008d5b76,00000000,238a4756,003ae94d,00000000,003ae8d0,3,00000000,00000000,0,1
621,621,0,238a4757,00000000,00000000,0008d5b7,00000000,008d5b76,00000000,238a4757,003ae94d,00000000,003ae8d0,3,00000000,00000000,0,1
622,622,0,238a4758,00000000,00000000,0008d5b7,00000000,008d5b76,00000000,238a4758,003ae94d,00000000,003ae8d0,3,00000000,00000000,0,1
623,623,0,238a4759,00000000,00000000,0008d5b7,00000000,008d5b76,00000000,238a4759,003ae94d,00000000,003ae8d0,3,00000000,00000000,0,1
624,624,0,238a475a,00000000,00000000,0008d5b7,00000000,008d5b76,00000000,238a475a,003ae94d,00000000,003ae8d0,3,00000000,00000000,0,1
625,625,0,238a475b,00000000,00000000,0008d5b7,00000000,008d5b76,00000000,238a475b,003ae94d,00000000,003ae8d0,3,00000000,00000000,0,1
626,626,0,238a475c,00000000,00000000,0008d5b7,00000000,008d5b76,00000000,238a475c,003ae94d,00000000,003ae8d0,3,00000000,00000000,0,1
627,627,0,238a475d,00000000,00000000,0008d5b7,00000000,008d5b76,00000000,238a475d,003ae94d,00000000,003ae8d0,3,00000000,00000000,0,1
628,628,0,238a475e,00000000,00000000,0008d5b7,00000000,008d5b76,00000000,238a475e,003ae94d,00000000,003ae8d0,3,00000000,00000000,0,1
629,629,0,238a475f,00000000,00000000,0008d5b7,00000000,008d5b76,00000000,238a475f,003ae94d,00000000,003ae8d0,3,00000000,00000000,0,1
630,630,0,238a4760,00000000,00000000,0008d5b7,00000000,008d5b76,00000000,238a4760,003ae94d,00000000,003ae8d0,3,00000000,00000000,0,1
631,631,0,238a4761,00000000,00000000,0008d5b7,00000000,008d5b76,00000000,238a4761,003ae94d,00000000,003ae8d0,3,00000000,00000000,0,1
632,632,0,238a4762,00000000,00000000,0008d5b7,00000000,008d5b76,00000000,238a4762,003ae94d,00000000,003ae8d0,3,00000000,00000000,0,1
633,633,0,238a4763,00000000,00000000,0008d5b7,00000000,008d5b76,00000000,238a4763,003ae94d,00000000,003ae8d0,3,00000000,00000000,0,1
634,634,0,238a4764,00000000,00000000,0008d5b7,00000000,008d5b76,00000000,238a4764,003ae94d,00000000,003ae8d0,3,00000000,00000000,0,1
635,635,0,238a4765,00000000,00000000,0008d5b7,00000000,008d5b76,00000000,238a4765,003ae94d,00000000,003ae8d0,3,00000000,00000000,0,1
636,636,0,238a4766,00000000,00000000,0008d5b7,00000000,008d5b76,00000000,238a4766,003ae94d,00000000,003ae8d0,3,00000000,00000000,0,1
637,637,0,238a4767,00000000,00000000,0008d5b7,00000000,008d5b76,00000000,238a4767,003ae94d,00000000,003ae8d0,3,00000000,00000000,0,1
638,638,0,238a4768,00000000,00000000,0008d5b7,00000000,008d5b76,00000000,238a4768,003ae94d,00000000,003ae8d0,3,00000000,00000000,0,1
639,639,0,238a4769,00000000,00000000,0008d5b7,00000000,008d5b76,00000000,238a4769,003ae94d,00000000,003ae8d0,3,00000000,00000000,0,1
640,640,0,238a476a,00000000,00000000,0008d5b7,00000000,008d5b76,00000000,238a476a,003ae94d,00000000,003ae8d0,3,00000000,00000000,0,1
641,641,0,238a476b,00000000,00000000,0008d5b7,00000000,008d5b76,00000000,238a476b,003ae94d,00000000,003ae8d0,3,00000000,00000000,0,1
642,642,0,238a476c,00000000,00000000,0008d5b7,00000000,008d5b76,00000000,238a476c,003ae94d,00000000,003ae8d0,3,00000000,00000000,0,1
643,643,0,238a476d,00000000,00000000,0008d5b7,00000000,008d5b76,00000000,238a476d,003ae94d,00000000,003ae8d0,3,00000000,00000000,0,1
644,644,0,238a476e,00000000,00000000,0008d5b7,00000000,008d5b76,00000000,238a476e,003ae94d,00000000,003ae8d0,3,00000000,00000000,0,1
645,645,0,238a476f,00000000,00000000,0008d5b7,00000000,008d5b76,00000000,238a476f,003ae94d,00000000,003ae8d0,3,00000000,00000000,0,1
646,646,0,238a4770,00000000,00000000,0008d5b7,00000000,008d5b76,00000000,238a4770,003ae94d,00000000,003ae8d0,3,00000000,00000000,0,1
647,647,0,238a4771,00000000,00000000,0008d5b7,00000000,008d5b76,00000000,238a4771,003ae94d,00000000,003ae8d0,3,00000000,00000000,0,1
648,648,0,238a4772,00000000,00000000,0008d5b7,00000000,008d5b76,00000000,238a4772,003ae94d,00000000,003ae8d0,3,00000000,00000000,0,1
649,649,0,238a4773,00000000,00000000,0008d5b7,00000000,008d5b76,00000000,238a4773,003ae94d,00000000,003ae8d0,3,00000000,00000000,0,1
650,650,0,238a4774,00000000,00000000,0008d5b7,00000000,008d5b76,00000000,238a4774,003ae94d,00000000,003ae8d0,3,00000000,00000000,0,1
651,651,0,238a4775,00000000,00000000,0008d5b7,00000000,008d5b76,00000000,238a4775,003ae94d,00000000,003ae8d0,3,00000000,00000000,0,1
652,652,0,238a4776,00000000,00000000,0008d5b7,00000000,008d5b76,00000000,238a4776,003ae94d,00000000,003ae8d0,3,00000000,00000000,0,1
653,653,0,238a4777,00000000,00000000,0008d5b7,00000000,008d5b76,00000000,238a4777,003ae94d,00000000,003ae8d0,3,00000000,00000000,0,1
654,654,0,238a4778,00000000,00000000,0008d5b7,00000000,008d5b76,00000000,238a4778,003ae94d,00000000,003ae8d0,3,00000000,00000000,0,1
655,655,0,238a4779,00000000,00000000,0008d5b7,00000000,008d5b76,00000000,238a4779,003ae94d,00000000,003ae8d0,3,00000000,00000000,0,1
656,656,0,238a477a,00000000,00000000,0008d5b7,00000000,008d5b76,00000000,238a477a,003ae94d,00000000,003ae8d0,3,00000000,00000000,0,1
657,657,0,238a477b,00000000,00000000,0008d5b7,00000000,008d5b76,00000000,238a477b,003ae94d,00000000,003ae8d0,3,00000000,00000000,0,1
658,658,0,238a477c,00000000,00000000,0008d5b7,00000000,008d5b76,00000000,238a477c,003ae94d,00000000,003ae8d0,3,00000000,00000000,0,1
659,659,0,238a477d,00000000,00000000,0008d5b7,00000000,008d5b76,00000000,238a477d,003ae94d,00000000,003ae8d0,3,00000000,00000000,0,1
660,660,0,238a477e,00000000,00000000,0008d5b7,00000000,008d5b76,00000000,238a477e,003ae94d,00000000,003ae8d0,3,00000000,00000000,0,1
661,661,0,238a477f,00000000,00000000,0008d5b7,00000000,008d5b76,00000000,238a477f,003ae94d,00000000,003ae8d0,3,00000000,00000000,0,1
662,662,0,238a4780,00000000,00000000,0008d5b7,00000000,008d5b76,00000000,238a4780,003ae94d,00000000,003ae8d0,3,00000000,00000000,0,1
663,663,0,238a4781,00000000,00000000,0008d5b7,00000000,008d5b76,00000000,238a4781,003ae94d,00000000,003ae8d0,3,00000000,00000000,0,1
664,664,0,238a4782,00000000,00000000,0008d5b7,00000000,008d5b76,00000000,238a4782,003ae94d,00000000,003ae8d0,3,00000000,00000000,0,1
665,665,0,238a4783,00000000,00000000,0008d5b7,00000000,008d5b76,00000000,238a4783,003ae94d,00000000,003ae8d0,3,00000000,00000000,0,1
666,666,0,238a4784,00000000,00000000,0008d5b7,00000000,008d5b76,00000000,238a4784,003ae94d,00000000,003ae8d0,3,00000000,00000000,0,1
667,667,0,238a4785,00000000,00000000,0008d5b7,00000000,008d5b76,00000000,238a4785,003ae94d,00000000,003ae8d0,3,00000000,00000000,0,1
668,668,0,238a4786,00000000,00000000,0008d5b7,00000000,008d5b76,00000000,238a4786,003ae94d,00000000,003ae8d0,3,00000000,00000000,0,1
669,669,0,238a4787,00000000,00000000,0008d5b7,00000000,008d5b76,00000000,238a4787,003ae94d,00000000,003ae8d0,3,00000000,00000000,0,1
670,670,0,238a4788,00000000,00000000,0008d5b7,00000000,008d5b76,00000000,238a4788,003ae94d,00000000,003ae8d0,3,00000000,00000000,0,1
671,671,0,238a4789,00000000,00000000,0008d5b7,00000000,008d5b76,00000000,238a4789,003ae94d,00000000,003ae8d0,3,00000000,00000000,0,1
672,672,0,238a478a,00000000,00000000,0008d5b7,00000000,008d5b76,00000000,238a478a,003ae94d,00000000,003ae8d0,3,00000000,00000000,0,1
673,673,0,238a478b,00000000,00000000,0008d5b7,00000000,008d5b76,00000000,238a478b,003ae94d,00000000,003ae8d0,3,00000000,00000000,0,1
674,674,0,238a478c,00000000,00000000,0008d5b7,00000000,008d5b76,00000000,238a478c,003ae94d,00000000,003ae8d0,3,00000000,00000000,0,1
675,675,0,238a478d,00000000,00000000,0008d5b7,00000000,008d5b76,00000000,238a478d,003ae94d,00000000,003ae8d0,3,00000000,00000000,0,1
676,676,0,238a478e,00000000,00000000,0008d5b7,00000000,008d5b76,00000000,238a478e,003ae94d,00000000,003ae8d0,3,00000000,00000000,0,1
677,677,0,238a478f,00000000,00000000,0008d5b7,00000000,008d5b76,00000000,238a478f,003ae94d,00000000,003ae8d0,3,00000000,00000000,0,1
678,678,0,238a4790,00000000,00000000,0008d5b7,00000000,008d5b76,00000000,238a4790,003ae94d,00000000,003ae8d0,3,00000000,00000000,0,1
679,679,0,238a4791,00000000,00000000,0008d5b7,00000000,008d5b76,00000000,238a4791,003ae94d,00000000,003ae8d0,3,00000000,00000000,0,1
680,680,0,238a4792,00000000,00000000,0008d5b7,00000000,008d5b76,00000000,238a4792,003ae94d,00000000,003ae8d0,3,00000000,00000000,0,1
681,681,0,238a4793,00000000,00000000,0008d5b7,00000000,008d5b76,00000000,238a4793,003ae94d,00000000,003ae8d0,3,00000000,00000000,0,1
682,682,0,238a4794,00000000,00000000,0008d5b7,00000000,008d5b76,00000000,238a4794,003ae94d,00000000,003ae8d0,3,00000000,00000000,0,1
683,683,0,238a4795,00000000,00000000,0008d5b7,00000000,008d5b76,00000000,238a4795,003ae94d,00000000,003ae8d0,3,00000000,00000000,0,1
684,684,0,238a4796,00000000,00000000,0008d5b7,00000000,008d5b76,00000000,238a4796,003ae94d,00000000,003ae8d0,3,00000000,00000000,0,1
685,685,0,238a4797,00000000,00000000,0008d5b7,00000000,008d5b76,00000000,238a4797,003ae94d,00000000,003ae8d0,3,00000000,00000000,0,1
686,686,0,238a4798,00000000,00000000,0008d5b7,00000000,008d5b76,00000000,238a4798,003ae94d,00000000,003ae8d0,3,00000000,00000000,0,1
687,687,0,238a4799,00000000,00000000,0008d5b7,00000000,008d5b76,00000000,238a4799,003ae94d,00000000,003ae8d0,3,00000000,00000000,0,1
688,688,0,238a479a,00000000,00000000,0008d5b7,00000000,008d5b76,00000000,238a479a,003ae94d,00000000,003ae8d0,3,00000000,00000000,0,1
689,689,0,238a479b,00000000,00000000,0008d5b7,00000000,008d5b76,00000000,238a479b,003ae94d,00000000,003ae8d0,3,00000000,00000000,0,1
690,690,0,238a479c,00000000,00000000,0008d5b7,00000000,008d5b76,00000000,238a479c,003ae94d,00000000,003ae8d0,3,00000000,00000000,0,1
691,691,0,238a479d,00000000,00000000,0008d5b7,00000000,008d5b76,00000000,238a479d,003ae94d,00000000,003ae8d0,3,00000000,00000000,0,1
692,692,0,238a479e,00000000,00000000,0008d5b7,00000000,008d5b76,00000000,238a479e,003ae94d,00000000,003ae8d0,3,00000000,00000000,0,1
693,693,0,238a479f,00000000,00000000,0008d5b7,00000000,008d5b76,00000000,238a479f,003ae94d,00000000,003ae8d0,3,00000000,00000000,0,1
694,694,0,238a47a0,00000000,00000000,0008d5b7,00000000,008d5b76,00000000,238a47a0,003ae94d,00000000,003ae8d0,3,00000000,00000000,0,1
695,695,0,238a47a1,00000000,00000000,0008d5b7,00000000,008d5b76,00000000,238a47a1,003ae94d,00000000,003ae8d0,3,00000000,00000000,0,1
696,696,0,238a47a2,00000000,00000000,0008d5b7,00000000,008d5b76,00000000,238a47a2,003ae94d,00000000,003ae8d0,3,00000000,00000000,0,1
697,697,0,238a47a3,00000000,00000000,0008d5b7,00000000,008d5b76,00000000,238a47a3,003ae94d,00000000,003ae8d0,3,00000000,00000000,0,1
698,698,0,238a47a4,00000000,00000000,0008d5b7,00000000,008d5b76,00000000,238a47a4,003ae94d,00000000,003ae8d0,3,00000000,00000000,0,1
699,699,0,238a47a5,00000000,00000000,0008d5b7,00000000,008d5b76,00000000,238a47a5,003ae94d,00000000,003ae8d0,3,00000000,00000000,0,1
700,700,0,238a47a6,00000000,00000000,0008d5b7,00000000,008d5b76,00000000,238a47a6,003ae94d,00000000,003ae8d0,3,00000000,00000000,0,1
701,701,0,238a47a7,00000000,00000000,0008d5b7,00000000,008d5b76,00000000,238a47a7,003ae94d,00000000,003ae8d0,3,00000000,00000000,0,1
702,702,0,238a47a8,00000000,00000000,0008d5b7,00000000,008d5b76,00000000,238a47a8,003ae94d,00000000,003ae8d0,3,00000000,00000000,0,1
703,703,0,238a47a9,00000000,00000000,0008d5b7,00000000,008d5b76,00000000,238a47a9,003ae94d,00000000,003ae8d0,3,00000000,00000000,0,1
704,704,0,238a47aa,00000000,00000000,0008d5b7,00000000,008d5b76,00000000,238a47aa,003ae94d,00000000,003ae8d0,3,00000000,00000000,0,1
705,705,0,238a47ab,00000000,00000000,0008d5b7,00000000,008d5b76,00000000,238a47ab,003ae94d,00000000,003ae8d0,3,00000000,00000000,0,1
706,706,0,238a47ac,00000000,00000000,0008d5b7,00000000,008d5b76,00000000,238a47ac,003ae94d,00000000,003ae8d0,3,00000000,00000000,0,1
707,707,0,238a47ad,00000000,00000000,0008d5b7,00000000,008d5b76,00000000,238a47ad,003ae94d,00000000,003ae8d0,3,00000000,00000000,0,1
708,708,0,238a47ae,00000000,00000000,0008d5b7,00000000,008d5b76,00000000,238a47ae,003ae94d,00000000,003ae8d0,3,00000000,00000000,0,1
709,709,0,238a47af,00000000,00000000,0008d5b7,00000000,008d5b76,00000000,238a47af,003ae94d,00000000,003ae8d0,3,00000000,00000000,0,1
710,710,0,238a47b0,00000000,00000000,0008d5b7,00000000,008d5b76,00000000,238a47b0,003ae94d,00000000,003ae8d0,3,00000000,00000000,0,1
711,711,0,238a47b1,00000000,00000000,0008d5b7,00000000,008d5b76,00000000,238a47b1,003ae94d,00000000,003ae8d0,3,00000000,00000000,0,1
712,712,0,238a47b2,00000000,00000000,0008d5b7,00000000,008d5b76,00000000,238a47b2,003ae94d,00000000,003ae8d0,3,00000000,00000000,0,1
713,713,0,238a47b3,00000000,00000000,0008d5b7,00000000,008d5b76,00000000,238a47b3,003ae94d,00000000,003ae8d0,3,00000000,00000000,0,1
714,714,0,238a47b4,00000000,00000000,0008d5b7,00000000,008d5b76,00000000,238a47b4,003ae94d,00000000,003ae8d0,3,00000000,00000000,0,1
715,715,0,238a47b5,00000000,00000000,0008d5b7,00000000,008d5b76,00000000,238a47b5,003ae94d,00000000,003ae8d0,3,00000000,00000000,0,1
716,716,0,238a47b6,00000000,00000000,0008d5b7,00000000,008d5b76,00000000,238a47b6,003ae94d,00000000,003ae8d0,3,00000000,00000000,0,1
717,717,0,238a47b7,00000000,00000000,0008d5b7,00000000,008d5b76,00000000,238a47b7,003ae94d,00000000,003ae8d0,3,00000000,00000000,0,1
718,718,0,238a47b8,00000000,00000000,0008d5b7,00000000,008d5b76,00000000,238a47b8,003ae94d,00000000,003ae8d0,3,00000000,00000000,0,1
719,719,0,238a47b9,00000000,00000000,0008d5b7,00000000,008d5b76,00000000,238a47b9,003ae94d,00000000,003ae8d0,3,00000000,00000000,0,1
720,720,0,238a47ba,00000000,00000000,0008d5b7,00000000,008d5b76,00000000,238a47ba,003ae94d,00000000,003ae8d0,3,00000000,00000000,0,1
721,721,0,238a47bb,00000000,00000000,0008d5b7,00000000,008d5b76,00000000,238a47bb,003ae94d,00000000,003ae8d0,3,00000000,00000000,0,1
722,722,0,238a47bc,00000000,00000000,0008d5b7,00000000,008d5b76,00000000,238a47bc,003ae94d,00000000,003ae8d0,3,00000000,00000000,0,1
723,723,0,238a47bd,00000000,00000000,0008d5b7,00000000,008d5b76,00000000,238a47bd,003ae94d,00000000,003ae8d0,3,00000000,00000000,0,1
724,724,0,238a47be,00000000,00000000,0008d5b7,00000000,008d5b76,00000000,238a47be,003ae94d,00000000,003ae8d0,3,00000000,00000000,0,1
725,725,0,238a47bf,00000000,00000000,0008d5b7,00000000,008d5b76,00000000,238a47bf,003ae94d,00000000,003ae8d0,3,00000000,00000000,0,1
726,726,0,238a47c0,00000000,00000000,0008d5b7,00000000,008d5b76,00000000,238a47c0,003ae94d,00000000,003ae8d0,3,00000000,00000000,0,1
727,727,0,238a47c1,00000000,00000000,0008d5b7,00000000,008d5b76,00000000,238a47c1,003ae94d,00000000,003ae8d0,3,00000000,00000000,0,1
728,728,0,238a47c2,00000000,00000000,0008d5b7,00000000,008d5b76,00000000,238a47c2,003ae94d,00000000,003ae8d0,3,00000000,00000000,0,1
729,729,0,238a47c3,00000000,00000000,0008d5b7,00000000,008d5b76,00000000,238a47c3,003ae94d,00000000,003ae8d0,3,00000000,00000000,0,1
730,730,0,238a47c4,00000000,00000000,0008d5b7,00000000,008d5b76,00000000,238a47c4,003ae94d,00000000,003ae8d0,3,00000000,00000000,0,1
731,731,0,238a47c5,00000000,00000000,0008d5b7,00000000,008d5b76,00000000,238a47c5,003ae94d,00000000,003ae8d0,3,00000000,00000000,0,1
732,732,0,238a47c6,00000000,00000000,0008d5b7,00000000,008d5b76,00000000,238a47c6,003ae94d,00000000,003ae8d0,3,00000000,00000000,0,1
733,733,0,238a47c7,00000000,00000000,0008d5b7,00000000,008d5b76,00000000,238a47c7,003ae94d,00000000,003ae8d0,3,00000000,00000000,0,1
734,734,0,238a47c8,00000000,00000000,0008d5b7,00000000,008d5b76,00000000,238a47c8,003ae94d,00000000,003ae8d0,3,00000000,00000000,0,1
735,735,0,238a47c9,00000000,00000000,0008d5b7,00000000,008d5b76,00000000,238a47c9,003ae94d,00000000,003ae8d0,3,00000000,00000000,0,1
736,736,0,238a47ca,00000000,00000000,0008d5b7,00000000,008d5b76,00000000,238a47ca,003ae94d,00000000,003ae8d0,3,00000000,00000000,0,1
737,737,0,238a47cb,00000000,00000000,0008d5b7,00000000,008d5b76,00000000,238a47cb,003ae94d,00000000,003ae8d0,3,00000000,00000000,0,1
738,738,0,238a47cc,00000000,00000000,0008d5b7,00000000,008d5b76,00000000,238a47cc,003ae94d,00000000,003ae8d0,3,00000000,00000000,0,1
739,739,0,238a47cd,00000000,00000000,0008d5b7,00000000,008d5b76,00000000,238a47cd,003ae94d,00000000,003ae8d0,3,00000000,00000000,0,1
740,740,0,238a47ce,00000000,00000000,0008d5b7,00000000,008d5b76,00000000,238a47ce,003ae94d,00000000,003ae8d0,3,00000000,00000000,0,1
741,741,0,238a47cf,00000000,00000000,0008d5b7,00000000,008d5b76,00000000,238a47cf,003ae94d,00000000,003ae8d0,3,00000000,00000000,0,1
742,742,0,238a47d0,00000000,00000000,0008d5b7,00000000,008d5b76,00000000,238a47d0,003ae94d,00000000,003ae8d0,3,00000000,00000000,0,1
743,743,0,238a47d1,00000000,00000000,0008d5b7,00000000,008d5b76,00000000,238a47d1,003ae94d,00000000,003ae8d0,3,00000000,00000000,0,1
744,744,0,238a47d2,00000000,00000000,0008d5b7,00000000,008d5b76,00000000,238a47d2,003ae94d,00000000,003ae8d0,3,00000000,00000000,0,1
745,745,0,238a47d3,00000000,00000000,0008d5b7,00000000,008d5b76,00000000,238a47d3,003ae94d,00000000,003ae8d0,3,00000000,00000000,0,1
746,746,0,238a47d4,00000000,00000000,0008d5b7,00000000,008d5b76,00000000,238a47d4,003ae94d,00000000,003ae8d0,3,00000000,00000000,0,1
747,747,0,238a47d5,00000000,00000000,0008d5b7,00000000,008d5b76,00000000,238a47d5,003ae94d,00000000,003ae8d0,3,00000000,00000000,0,1
748,748,0,238a47d6,00000000,00000000,0008d5b7,00000000,008d5b76,00000000,238a47d6,003ae94d,00000000,003ae8d0,3,00000000,00000000,0,1
749,749,0,238a47d7,00000000,00000000,0008d5b7,00000000,008d5b76,00000000,238a47d7,003ae94d,00000000,003ae8d0,3,00000000,00000000,0,1
750,750,0,238a47d8,00000000,00000000,0008d5b7,00000000,008d5b76,00000000,238a47d8,003ae94d,00000000,003ae8d0,3,00000000,00000000,0,1
751,751,0,238a47d9,00000000,00000000,0008d5b7,00000000,008d5b76,00000000,238a47d9,003ae94d,00000000,003ae8d0,3,00000000,00000000,0,1
752,752,0,238a47da,00000000,00000000,0008d5b7,00000000,008d5b76,00000000,238a47da,003ae94d,00000000,003ae8d0,3,00000000,00000000,0,1
753,753,0,238a47db,00000000,00000000,0008d5b7,00000000,008d5b76,00000000,238a47db,003ae94d,00000000,003ae8d0,3,00000000,00000000,0,1
754,754,0,238a47dc,00000000,00000000,0008d5b7,00000000,008d5b76,00000000,238a47dc,003ae94d,00000000,003ae8d0,3,00000000,00000000,0,1
755,755,0,238a47dd,00000000,00000000,0008d5b7,00000000,008d5b76,00000000,238a47dd,003ae94d,00000000,003ae8d0,3,00000000,00000000,0,1
756,756,0,238a47de,00000000,00000000,0008d5b7,00000000,008d5b76,00000000,238a47de,003ae94d,00000000,003ae8d0,3,00000000,00000000,0,1
757,757,0,238a47df,00000000,00000000,0008d5b7,00000000,008d5b76,00000000,238a47df,003ae94d,00000000,003ae8d0,3,00000000,00000000,0,1
758,758,0,238a47e0,00000000,00000000,0008d5b7,00000000,008d5b76,00000000,238a47e0,003ae94d,00000000,003ae8d0,3,00000000,00000000,0,1
759,759,0,238a47e1,00000000,00000000,0008d5b7,00000000,008d5b76,00000000,238a47e1,003ae94d,00000000,003ae8d0,3,00000000,00000000,0,1
760,760,0,238a47e2,00000000,00000000,0008d5b7,00000000,008d5b76,00000000,238a47e2,003ae94d,00000000,003ae8d0,3,00000000,00000000,0,1
761,761,0,238a47e3,00000000,00000000,0008d5b7,00000000,008d5b76,00000000,238a47e3,003ae94d,00000000,003ae8d0,3,00000000,00000000,0,1
762,762,0,238a47e4,00000000,00000000,0008d5b7,00000000,008d5b76,00000000,238a47e4,003ae94d,00000000,003ae8d0,3,00000000,00000000,0,1
763,763,0,238a47e5,00000000,00000000,0008d5b7,00000000,008d5b76,00000000,238a47e5,003ae94d,00000000,003ae8d0,3,00000000,00000000,0,1
764,764,0,238a47e6,00000000,00000000,0008d5b7,00000000,008d5b76,00000000,238a47e6,003ae94d,00000000,003ae8d0,3,00000000,00000000,0,1
765,765,0,238a47e7,00000000,00000000,0008d5b7,00000000,008d5b76,00000000,238a47e7,003ae94d,00000000,003ae8d0,3,00000000,00000000,0,1
766,766,0,238a47e8,00000000,00000000,0008d5b7,00000000,008d5b76,00000000,238a47e8,003ae94d,00000000,003ae8d0,3,00000000,00000000,0,1
767,767,0,238a47e9,00000000,00000000,0008d5b7,00000000,008d5b76,00000000,238a47e9,003ae94d,00000000,003ae8d0,3,00000000,00000000,0,1
768,768,0,238a47ea,00000000,00000000,0008d5b7,00000000,008d5b76,00000000,238a47ea,003ae94d,00000000,003ae8d0,3,00000000,00000000,0,1
769,769,0,238a47eb,00000000,00000000,0008d5b7,00000000,008d5b76,00000000,238a47eb,003ae94d,00000000,003ae8d0,3,00000000,00000000,0,1
770,770,0,238a47ec,00000000,00000000,0008d5b7,00000000,008d5b76,00000000,238a47ec,003ae94d,00000000,003ae8d0,3,00000000,00000000,0,1
771,771,0,238a47ed,00000000,00000000,0008d5b7,00000000,008d5b76,00000000,238a47ed,003ae94d,00000000,003ae8d0,3,00000000,00000000,0,1
772,772,0,238a47ee,00000000,00000000,0008d5b7,00000000,008d5b76,00000000,238a47ee,003ae94d,00000000,003ae8d0,3,00000000,00000000,0,1
773,773,0,238a47ef,00000000,00000000,0008d5b7,00000000,008d5b76,00000000,238a47ef,003ae94d,00000000,003ae8d0,3,00000000,00000000,0,1
774,774,0,238a47f0,00000000,00000000,0008d5b7,00000000,008d5b76,00000000,238a47f0,003ae94d,00000000,003ae8d0,3,00000000,00000000,0,1
775,775,0,238a47f1,00000000,00000000,0008d5b7,00000000,008d5b76,00000000,238a47f1,003ae94d,00000000,003ae8d0,3,00000000,00000000,0,1
776,776,0,238a47f2,00000000,00000000,0008d5b7,00000000,008d5b76,00000000,238a47f2,003ae94d,00000000,003ae8d0,3,00000000,00000000,0,1
777,777,0,238a47f3,00000000,00000000,0008d5b7,00000000,008d5b76,00000000,238a47f3,003ae94d,00000000,003ae8d0,3,00000000,00000000,0,1
778,778,0,238a47f4,00000000,00000000,0008d5b7,00000000,008d5b76,00000000,238a47f4,003ae94d,00000000,003ae8d0,3,00000000,00000000,0,1
779,779,0,238a47f5,00000000,00000000,0008d5b7,00000000,008d5b76,00000000,238a47f5,003ae94d,00000000,003ae8d0,3,00000000,00000000,0,1
780,780,0,238a47f6,00000000,00000000,0008d5b7,00000000,008d5b76,00000000,238a47f6,003ae94d,00000000,003ae8d0,3,00000000,00000000,0,1
781,781,0,238a47f7,00000000,00000000,0008d5b7,00000000,008d5b76,00000000,238a47f7,003ae94d,00000000,003ae8d0,3,00000000,00000000,0,1
782,782,0,238a47f8,00000000,00000000,0008d5b7,00000000,008d5b76,00000000,238a47f8,003ae94d,00000000,003ae8d0,3,00000000,00000000,0,1
783,783,0,238a47f9,00000000,00000000,0008d5b7,00000000,008d5b76,00000000,238a47f9,003ae94d,00000000,003ae8d0,3,00000000,00000000,0,1
784,784,0,238a47fa,00000000,00000000,0008d5b7,00000000,008d5b76,00000000,238a47fa,003ae94d,00000000,003ae8d0,3,00000000,00000000,0,1
785,785,0,238a47fb,00000000,00000000,0008d5b7,00000000,008d5b76,00000000,238a47fb,003ae94d,00000000,003ae8d0,3,00000000,00000000,0,1
786,786,0,238a47fc,00000000,00000000,0008d5b7,00000000,008d5b76,00000000,238a47fc,003ae94d,00000000,003ae8d0,3,00000000,00000000,0,1
787,787,0,238a47fd,00000000,00000000,0008d5b7,00000000,008d5b76,00000000,238a47fd,003ae94d,00000000,003ae8d0,3,00000000,00000000,0,1
788,788,0,238a47fe,00000000,00000000,0008d5b7,00000000,008d5b76,00000000,238a47fe,003ae94d,00000000,003ae8d0,3,00000000,00000000,0,1
789,789,0,238a47ff,00000000,00000000,0008d5b7,00000000,008d5b76,00000000,238a47ff,003ae94d,00000000,003ae8d0,3,00000000,00000000,0,1
790,790,0,238a4800,00000000,00000000,0008d5b7,00000000,008d5b76,00000000,238a4800,003ae94d,00000000,003ae8d0,3,00000000,00000000,0,1
791,791,0,238a4801,00000000,00000000,0008d5b7,00000000,008d5b76,00000000,238a4801,003ae94d,00000000,003ae8d0,3,00000000,00000000,0,1
792,792,0,238a4802,00000000,00000000,0008d5b7,00000000,008d5b76,00000000,238a4802,003ae94d,00000000,003ae8d0,3,00000000,00000000,0,1
793,793,0,238a4803,00000000,00000000,0008d5b7,00000000,008d5b76,00000000,238a4803,003ae94d,00000000,003ae8d0,3,00000000,00000000,0,1
794,794,0,238a4804,00000000,00000000,0008d5b7,00000000,008d5b76,00000000,238a4804,003ae94d,00000000,003ae8d0,3,00000000,00000000,0,1
795,795,0,238a4805,00000000,00000000,0008d5b7,00000000,008d5b76,00000000,238a4805,003ae94d,00000000,003ae8d0,3,00000000,00000000,0,1
796,796,0,238a4806,00000000,00000000,0008d5b7,00000000,008d5b76,00000000,238a4806,003ae94d,00000000,003ae8d0,3,00000000,00000000,0,1
797,797,0,238a4807,00000000,00000000,0008d5b7,00000000,008d5b76,00000000,238a4807,003ae94d,00000000,003ae8d0,3,00000000,00000000,0,1
798,798,0,238a4808,00000000,00000000,0008d5b7,00000000,008d5b76,00000000,238a4808,003ae94d,00000000,003ae8d0,3,00000000,00000000,0,1
799,799,0,238a4809,00000000,00000000,0008d5b7,00000000,008d5b76,00000000,238a4809,003ae94d,00000000,003ae8d0,3,00000000,00000000,0,1
800,800,0,238a480a,00000000,00000000,0008d5b7,00000000,008d5b76,00000000,238a480a,003ae94d,00000000,003ae8d0,3,00000000,00000000,0,1
801,801,0,238a480b,00000000,00000000,0008d5b7,00000000,008d5b76,00000000,238a480b,003ae94d,00000000,003ae8d0,3,00000000,00000000,0,1
802,802,0,238a480c,00000000,00000000,0008d5b7,00000000,008d5b76,00000000,238a480c,003ae94d,00000000,003ae8d0,3,00000000,00000000,0,1
803,803,0,238a480d,00000000,00000000,0008d5b7,00000000,008d5b76,00000000,238a480d,003ae94d,00000000,003ae8d0,3,00000000,00000000,0,1
804,804,0,238a480e,00000000,00000000,0008d5b7,00000000,008d5b76,00000000,238a480e,003ae94d,00000000,003ae8d0,3,00000000,00000000,0,1
805,805,0,238a480f,00000000,00000000,0008d5b7,00000000,008d5b76,00000000,238a480f,003ae94d,00000000,003ae8d0,3,00000000,00000000,0,1
806,806,0,238a4810,00000000,00000000,0008d5b7,00000000,008d5b76,00000000,238a4810,003ae94d,00000000,003ae8d0,3,00000000,00000000,0,1
807,807,0,238a4811,00000000,00000000,0008d5b7,00000000,008d5b76,00000000,238a4811,003ae94d,00000000,003ae8d0,3,00000000,00000000,0,1
808,808,0,238a4812,00000000,00000000,0008d5b7,00000000,008d5b76,00000000,238a4812,003ae94d,00000000,003ae8d0,3,00000000,00000000,0,1
809,809,0,238a4813,00000000,00000000,0008d5b7,00000000,008d5b76,00000000,238a4813,003ae94d,00000000,003ae8d0,3,00000000,00000000,0,1
810,810,0,238a4814,00000000,00000000,0008d5b7,00000000,008d5b76,00000000,238a4814,003ae94d,00000000,003ae8d0,3,00000000,00000000,0,1
811,811,0,238a4815,00000000,00000000,0008d5b7,00000000,008d5b76,00000000,238a4815,003ae94d,00000000,003ae8d0,3,00000000,00000000,0,1
812,812,0,238a4816,00000000,00000000,0008d5b7,00000000,008d5b76,00000000,238a4816,003ae94d,00000000,003ae8d0,3,00000000,00000000,0,1
813,813,0,238a4817,00000000,00000000,0008d5b7,00000000,008d5b76,00000000,238a4817,003ae94d,00000000,003ae8d0,3,00000000,00000000,0,1
814,814,0,238a4818,00000000,00000000,0008d5b7,00000000,008d5b76,00000000,238a4818,003ae94d,00000000,003ae8d0,3,00000000,00000000,0,1
815,815,0,238a4819,00000000,00000000,0008d5b7,00000000,008d5b76,00000000,238a4819,003ae94d,00000000,003ae8d0,3,00000000,00000000,0,1
816,816,0,238a481a,00000000,00000000,0008d5b7,00000000,008d5b76,00000000,238a481a,003ae94d,00000000,003ae8d0,3,00000000,00000000,0,1
817,817,0,238a481b,00000000,00000000,0008d5b7,00000000,008d5b76,00000000,238a481b,003ae94d,00000000,003ae8d0,3,00000000,00000000,0,1
818,818,0,238a481c,00000000,00000000,0008d5b7,00000000,008d5b76,00000000,238a481c,003ae94d,00000000,003ae8d0,3,00000000,00000000,0,1
819,819,0,238a481d,00000000,00000000,0008d5b7,00000000,008d5b76,00000000,238a481d,003ae94d,00000000,003ae8d0,3,00000000,00000000,0,1
820,820,0,238a481e,00000000,00000000,0008d5b7,00000000,008d5b76,00000000,238a481e,003ae94d,00000000,003ae8d0,3,00000000,00000000,0,1
821,821,0,238a481f,00000000,00000000,0008d5b7,00000000,008d5b76,00000000,238a481f,003ae94d,00000000,003ae8d0,3,00000000,00000000,0,1
822,822,0,238a4820,00000000,00000000,0008d5b7,00000000,008d5b76,00000000,238a4820,003ae94d,00000000,003ae8d0,3,00000000,00000000,0,1
823,823,0,238a4821,00000000,00000000,0008d5b7,00000000,008d5b76,00000000,238a4821,003ae94d,00000000,003ae8d0,3,00000000,00000000,0,1
824,824,0,238a4822,00000000,00000000,0008d5b7,00000000,008d5b76,00000000,238a4822,003ae94d,00000000,003ae8d0,3,00000000,00000000,0,1
825,825,0,238a4823,00000000,00000000,0008d5b7,00000000,008d5b76,00000000,238a4823,003ae94d,00000000,003ae8d0,3,00000000,00000000,0,1
826,826,0,238a4824,00000000,00000000,0008d5b7,00000000,008d5b76,00000000,238a4824,003ae94d,00000000,003ae8d0,3,00000000,00000000,0,1
827,827,0,238a4825,00000000,00000000,0008d5b7,00000000,008d5b76,00000000,238a4825,003ae94d,00000000,003ae8d0,3,00000000,00000000,0,1
828,828,0,238a4826,00000000,00000000,0008d5b7,00000000,008d5b76,00000000,238a4826,003ae94d,00000000,003ae8d0,3,00000000,00000000,0,1
829,829,0,238a4827,00000000,00000000,0008d5b7,00000000,008d5b76,00000000,238a4827,003ae94d,00000000,003ae8d0,3,00000000,00000000,0,1
830,830,0,238a4828,00000000,00000000,0008d5b7,00000000,008d5b76,00000000,238a4828,003ae94d,00000000,003ae8d0,3,00000000,00000000,0,1
831,831,0,238a4829,00000000,00000000,0008d5b7,00000000,008d5b76,00000000,238a4829,003ae94d,00000000,003ae8d0,3,00000000,00000000,0,1
832,832,0,238a482a,00000000,00000000,0008d5b7,00000000,008d5b76,00000000,238a482a,003ae94d,00000000,003ae8d0,3,00000000,00000000,0,1
833,833,0,238a482b,00000000,00000000,0008d5b7,00000000,008d5b76,00000000,238a482b,003ae94d,00000000,003ae8d0,3,00000000,00000000,0,1
834,834,0,238a482c,00000000,00000000,0008d5b7,00000000,008d5b76,00000000,238a482c,003ae94d,00000000,003ae8d0,3,00000000,00000000,0,1
835,835,0,238a482d,00000000,00000000,0008d5b7,00000000,008d5b76,00000000,238a482d,003ae94d,00000000,003ae8d0,3,00000000,00000000,0,1
836,836,0,238a482e,00000000,00000000,0008d5b7,00000000,008d5b76,00000000,238a482e,003ae94d,00000000,003ae8d0,3,00000000,00000000,0,1
837,837,0,238a482f,00000000,00000000,0008d5b7,00000000,008d5b76,00000000,238a482f,003ae94d,00000000,003ae8d0,3,00000000,00000000,0,1
838,838,0,238a4830,00000000,00000000,0008d5b7,00000000,008d5b76,00000000,238a4830,003ae94d,00000000,003ae8d0,3,00000000,00000000,0,1
839,839,0,238a4831,00000000,00000000,0008d5b7,00000000,008d5b76,00000000,238a4831,003ae94d,00000000,003ae8d0,3,00000000,00000000,0,1
840,840,0,238a4832,00000000,00000000,0008d5b7,00000000,008d5b76,00000000,238a4832,003ae94d,00000000,003ae8d0,3,00000000,00000000,0,1
841,841,0,238a4833,00000000,00000000,0008d5b7,00000000,008d5b76,00000000,238a4833,003ae94d,00000000,003ae8d0,3,00000000,00000000,0,1
842,842,0,238a4834,00000000,00000000,0008d5b7,00000000,008d5b76,00000000,238a4834,003ae94d,00000000,003ae8d0,3,00000000,00000000,0,1
843,843,0,238a4835,00000000,00000000,0008d5b7,00000000,008d5b76,00000000,238a4835,003ae94d,00000000,003ae8d0,3,00000000,00000000,0,1
844,844,0,238a4836,00000000,00000000,0008d5b7,00000000,008d5b76,00000000,238a4836,003ae94d,00000000,003ae8d0,3,00000000,00000000,0,1
845,845,0,238a4837,00000000,00000000,0008d5b7,00000000,008d5b76,00000000,238a4837,003ae94d,00000000,003ae8d0,3,00000000,00000000,0,1
846,846,0,238a4838,00000000,00000000,0008d5b7,00000000,008d5b76,00000000,238a4838,003ae94d,00000000,003ae8d0,3,00000000,00000000,0,1
847,847,0,238a4839,00000000,00000000,0008d5b7,00000000,008d5b76,00000000,238a4839,003ae94d,00000000,003ae8d0,3,00000000,00000000,0,1
848,848,0,238a483a,00000000,00000000,0008d5b7,00000000,008d5b76,00000000,238a483a,003ae94d,00000000,003ae8d0,3,00000000,00000000,0,1
849,849,0,238a483b,00000000,00000000,0008d5b7,00000000,008d5b76,00000000,238a483b,003ae94d,00000000,003ae8d0,3,00000000,00000000,0,1
850,850,0,238a483c,00000000,00000000,0008d5b7,00000000,008d5b76,00000000,238a483c,003ae94d,00000000,003ae8d0,3,00000000,00000000,0,1
851,851,0,238a483d,00000000,00000000,0008d5b7,00000000,008d5b76,00000000,238a483d,003ae94d,00000000,003ae8d0,3,00000000,00000000,0,1
852,852,0,238a483e,00000000,00000000,0008d5b7,00000000,008d5b76,00000000,238a483e,003ae94d,00000000,003ae8d0,3,00000000,00000000,0,1
853,853,0,238a483f,00000000,00000000,0008d5b7,00000000,008d5b76,00000000,238a483f,003ae94d,00000000,003ae8d0,3,00000000,00000000,0,1
854,854,0,238a4840,00000000,00000000,0008d5b7,00000000,008d5b76,00000000,238a4840,003ae94d,00000000,003ae8d0,3,00000000,00000000,0,1
855,855,0,238a4841,00000000,00000000,0008d5b7,00000000,008d5b76,00000000,238a4841,003ae94d,00000000,003ae8d0,3,00000000,00000000,0,1
856,856,0,238a4842,00000000,00000000,0008d5b7,00000000,008d5b76,00000000,238a4842,003ae94d,00000000,003ae8d0,3,00000000,00000000,0,1
857,857,0,238a4843,00000000,00000000,0008d5b7,00000000,008d5b76,00000000,238a4843,003ae94d,00000000,003ae8d0,3,00000000,00000000,0,1
858,858,0,238a4844,00000000,00000000,0008d5b7,00000000,008d5b76,00000000,238a4844,003ae94d,00000000,003ae8d0,3,00000000,00000000,0,1
859,859,0,238a4845,00000000,00000000,0008d5b7,00000000,008d5b76,00000000,238a4845,003ae94d,00000000,003ae8d0,3,00000000,00000000,0,1
860,860,0,238a4846,00000000,00000000,0008d5b7,00000000,008d5b76,00000000,238a4846,003ae94d,00000000,003ae8d0,3,00000000,00000000,0,1
861,861,0,238a4847,00000000,00000000,0008d5b7,00000000,008d5b76,00000000,238a4847,003ae94d,00000000,003ae8d0,3,00000000,00000000,0,1
862,862,0,238a4848,00000000,00000000,0008d5b7,00000000,008d5b76,00000000,238a4848,003ae94d,00000000,003ae8d0,3,00000000,00000000,0,1
863,863,0,238a4849,00000000,00000000,0008d5b7,00000000,008d5b76,00000000,238a4849,003ae94d,00000000,003ae8d0,3,00000000,00000000,0,1
864,864,0,238a484a,00000000,00000000,0008d5b7,00000000,008d5b76,00000000,238a484a,003ae94d,00000000,003ae8d0,3,00000000,00000000,0,1
865,865,0,238a484b,00000000,00000000,0008d5b7,00000000,008d5b76,00000000,238a484b,003ae94d,00000000,003ae8d0,3,00000000,00000000,0,1
866,866,0,238a484c,00000000,00000000,0008d5b7,00000000,008d5b76,00000000,238a484c,003ae94d,00000000,003ae8d0,3,00000000,00000000,0,1
867,867,0,238a484d,00000000,00000000,0008d5b7,00000000,008d5b76,00000000,238a484d,003ae94d,00000000,003ae8d0,3,00000000,00000000,0,1
868,868,0,238a484e,00000000,00000000,0008d5b7,00000000,008d5b76,00000000,238a484e,003ae94d,00000000,003ae8d0,3,00000000,00000000,0,1
869,869,0,238a484f,00000000,00000000,0008d5b7,00000000,008d5b76,00000000,238a484f,003ae94d,00000000,003ae8d0,3,00000000,00000000,0,1
870,870,0,238a4850,00000000,00000000,0008d5b7,00000000,008d5b76,00000000,238a4850,003ae94d,00000000,003ae8d0,3,00000000,00000000,0,1
871,871,0,238a4851,00000000,00000000,0008d5b7,00000000,008d5b76,00000000,238a4851,003ae94d,00000000,003ae8d0,3,00000000,00000000,0,1
872,872,0,238a4852,00000000,00000000,0008d5b7,00000000,008d5b76,00000000,238a4852,003ae94d,00000000,003ae8d0,3,00000000,00000000,0,1
873,873,0,238a4853,00000000,00000000,0008d5b7,00000000,008d5b76,00000000,238a4853,003ae94d,00000000,003ae8d0,3,00000000,00000000,0,1
874,874,0,238a4854,00000000,00000000,0008d5b7,00000000,008d5b76,00000000,238a4854,003ae94d,00000000,003ae8d0,3,00000000,00000000,0,1
875,875,0,238a4855,00000000,00000000,0008d5b7,00000000,008d5b76,00000000,238a4855,003ae94d,00000000,003ae8d0,3,00000000,00000000,0,1
876,876,0,238a4856,00000000,00000000,0008d5b7,00000000,008d5b76,00000000,238a4856,003ae94d,00000000,003ae8d0,3,00000000,00000000,0,1
877,877,0,238a4857,00000000,00000000,0008d5b7,00000000,008d5b76,00000000,238a4857,003ae94d,00000000,003ae8d0,3,00000000,00000000,0,1
878,878,0,238a4858,00000000,00000000,0008d5b7,00000000,008d5b76,00000000,238a4858,003ae94d,00000000,003ae8d0,3,00000000,00000000,0,1
879,879,0,238a4859,00000000,00000000,0008d5b7,00000000,008d5b76,00000000,238a4859,003ae94d,00000000,003ae8d0,3,00000000,00000000,0,1
880,880,0,238a485a,00000000,00000000,0008d5b7,00000000,008d5b76,00000000,238a485a,003ae94d,00000000,003ae8d0,3,00000000,00000000,0,1
881,881,0,238a485b,00000000,00000000,0008d5b7,00000000,008d5b76,00000000,238a485b,003ae94d,00000000,003ae8d0,3,00000000,00000000,0,1
882,882,0,238a485c,00000000,00000000,0008d5b7,00000000,008d5b76,00000000,238a485c,003ae94d,00000000,003ae8d0,3,00000000,00000000,0,1
883,883,0,238a485d,00000000,00000000,0008d5b7,00000000,008d5b76,00000000,238a485d,003ae94d,00000000,003ae8d0,3,00000000,00000000,0,1
884,884,0,238a485e,00000000,00000000,0008d5b7,00000000,008d5b76,00000000,238a485e,003ae94d,00000000,003ae8d0,3,00000000,00000000,0,1
885,885,0,238a485f,00000000,00000000,0008d5b7,00000000,008d5b76,00000000,238a485f,003ae94d,00000000,003ae8d0,3,00000000,00000000,0,1
886,886,0,238a4860,00000000,00000000,0008d5b7,00000000,008d5b76,00000000,238a4860,003ae94d,00000000,003ae8d0,3,00000000,00000000,0,1
887,887,0,238a4861,00000000,00000000,0008d5b7,00000000,008d5b76,00000000,238a4861,003ae94d,00000000,003ae8d0,3,00000000,00000000,0,1
888,888,0,238a4862,00000000,00000000,0008d5b7,00000000,008d5b76,00000000,238a4862,003ae94d,00000000,003ae8d0,3,00000000,00000000,0,1
889,889,0,238a4863,00000000,00000000,0008d5b7,00000000,008d5b76,00000000,238a4863,003ae94d,00000000,003ae8d0,3,00000000,00000000,0,1
890,890,0,238a4864,00000000,00000000,0008d5b7,00000000,008d5b76,00000000,238a4864,003ae94d,00000000,003ae8d0,3,00000000,00000000,0,1
891,891,0,238a4865,00000000,00000000,0008d5b7,00000000,008d5b76,00000000,238a4865,003ae94d,00000000,003ae8d0,3,00000000,00000000,0,1
892,892,0,238a4866,00000000,00000000,0008d5b7,00000000,008d5b76,00000000,238a4866,003ae94d,00000000,003ae8d0,3,00000000,00000000,0,1
893,893,0,238a4867,00000000,00000000,0008d5b7,00000000,008d5b76,00000000,238a4867,003ae94d,00000000,003ae8d0,3,00000000,00000000,0,1
894,894,0,238a4868,00000000,00000000,0008d5b7,00000000,008d5b76,00000000,238a4868,003ae94d,00000000,003ae8d0,3,00000000,00000000,0,1
895,895,0,238a4869,00000000,00000000,0008d5b7,00000000,008d5b76,00000000,238a4869,003ae94d,00000000,003ae8d0,3,00000000,00000000,0,1
896,896,0,238a486a,00000000,00000000,0008d5b7,00000000,008d5b76,00000000,238a486a,003ae94d,00000000,003ae8d0,3,00000000,00000000,0,1
897,897,0,238a486b,00000000,00000000,0008d5b7,00000000,008d5b76,00000000,238a486b,003ae94d,00000000,003ae8d0,3,00000000,00000000,0,1
898,898,0,238a486c,00000000,00000000,0008d5b7,00000000,008d5b76,00000000,238a486c,003ae94d,00000000,003ae8d0,3,00000000,00000000,0,1
899,899,0,238a486d,00000000,00000000,0008d5b7,00000000,008d5b76,00000000,238a486d,003ae94d,00000000,003ae8d0,3,00000000,00000000,0,1
900,900,0,238a486e,00000000,00000000,0008d5b7,00000000,008d5b76,00000000,238a486e,003ae94d,00000000,003ae8d0,3,00000000,00000000,0,1
901,901,0,238a486f,00000000,00000000,0008d5b7,00000000,008d5b76,00000000,238a486f,003ae94d,00000000,003ae8d0,3,00000000,00000000,0,1
902,902,0,238a4870,00000000,00000000,0008d5b7,00000000,008d5b76,00000000,238a4870,003ae94d,00000000,003ae8d0,3,00000000,00000000,0,1
903,903,0,238a4871,00000000,00000000,0008d5b7,00000000,008d5b76,00000000,238a4871,003ae94d,00000000,003ae8d0,3,00000000,00000000,0,1
904,904,0,238a4872,00000000,00000000,0008d5b7,00000000,008d5b76,00000000,238a4872,003ae94d,00000000,003ae8d0,3,00000000,00000000,0,1
905,905,0,238a4873,00000000,00000000,0008d5b7,00000000,008d5b76,00000000,238a4873,003ae94d,00000000,003ae8d0,3,00000000,00000000,0,1
906,906,0,238a4874,00000000,00000000,0008d5b7,00000000,008d5b76,00000000,238a4874,003ae94d,00000000,003ae8d0,3,00000000,00000000,0,1
907,907,0,238a4875,00000000,00000000,0008d5b7,00000000,008d5b76,00000000,238a4875,003ae94d,00000000,003ae8d0,3,00000000,00000000,0,1
908,908,0,238a4876,00000000,00000000,0008d5b7,00000000,008d5b76,00000000,238a4876,003ae94d,00000000,003ae8d0,3,00000000,00000000,0,1
909,909,0,238a4877,00000000,00000000,0008d5b7,00000000,008d5b76,00000000,238a4877,003ae94d,00000000,003ae8d0,3,00000000,00000000,0,1
910,910,0,238a4878,00000000,00000000,0008d5b7,00000000,008d5b76,00000000,238a4878,003ae94d,00000000,003ae8d0,3,00000000,00000000,0,1
911,911,0,238a4879,00000000,00000000,0008d5b7,00000000,008d5b76,00000000,238a4879,003ae94d,00000000,003ae8d0,3,00000000,00000000,0,1
912,912,0,238a487a,00000000,00000000,0008d5b7,00000000,008d5b76,00000000,238a487a,003ae94d,00000000,003ae8d0,3,00000000,00000000,0,1
913,913,0,238a487b,00000000,00000000,0008d5b7,00000000,008d5b76,00000000,238a487b,003ae94d,00000000,003ae8d0,3,00000000,00000000,0,1
914,914,0,238a487c,00000000,00000000,0008d5b7,00000000,008d5b76,00000000,238a487c,003ae94d,00000000,003ae8d0,3,00000000,00000000,0,1
915,915,0,238a487d,00000000,00000000,0008d5b7,00000000,008d5b76,00000000,238a487d,003ae94d,00000000,003ae8d0,3,00000000,00000000,0,1
916,916,0,238a487e,00000000,00000000,0008d5b7,00000000,008d5b76,00000000,238a487e,003ae94d,00000000,003ae8d0,3,00000000,00000000,0,1
917,917,0,238a487f,00000000,00000000,0008d5b7,00000000,008d5b76,00000000,238a487f,003ae94d,00000000,003ae8d0,3,00000000,00000000,0,1
918,918,0,238a4880,00000000,00000000,0008d5b7,00000000,008d5b76,00000000,238a4880,003ae94d,00000000,003ae8d0,3,00000000,00000000,0,1
919,919,0,238a4881,00000000,00000000,0008d5b7,00000000,008d5b76,00000000,238a4881,003ae94d,00000000,003ae8d0,3,00000000,00000000,0,1
920,920,0,238a4882,00000000,00000000,0008d5b7,00000000,008d5b76,00000000,238a4882,003ae94d,00000000,003ae8d0,3,00000000,00000000,0,1
921,921,0,238a4883,00000000,00000000,0008d5b7,00000000,008d5b76,00000000,238a4883,003ae94d,00000000,003ae8d0,3,00000000,00000000,0,1
922,922,0,238a4884,00000000,00000000,0008d5b7,00000000,008d5b76,00000000,238a4884,003ae94d,00000000,003ae8d0,3,00000000,00000000,0,1
923,923,0,238a4885,00000000,00000000,0008d5b7,00000000,008d5b76,00000000,238a4885,003ae94d,00000000,003ae8d0,3,00000000,00000000,0,1
924,924,0,238a4886,00000000,00000000,0008d5b7,00000000,008d5b76,00000000,238a4886,003ae94d,00000000,003ae8d0,3,00000000,00000000,0,1
925,925,0,238a4887,00000000,00000000,0008d5b7,00000000,008d5b76,00000000,238a4887,003ae94d,00000000,003ae8d0,3,00000000,00000000,0,1
926,926,0,238a4888,00000000,00000000,0008d5b7,00000000,008d5b76,00000000,238a4888,003ae94d,00000000,003ae8d0,3,00000000,00000000,0,1
927,927,0,238a4889,00000000,00000000,0008d5b7,00000000,008d5b76,00000000,238a4889,003ae94d,00000000,003ae8d0,3,00000000,00000000,0,1
928,928,0,238a488a,00000000,00000000,0008d5b7,00000000,008d5b76,00000000,238a488a,003ae94d,00000000,003ae8d0,3,00000000,00000000,0,1
929,929,0,238a488b,00000000,00000000,0008d5b7,00000000,008d5b76,00000000,238a488b,003ae94d,00000000,003ae8d0,3,00000000,00000000,0,1
930,930,0,238a488c,00000000,00000000,0008d5b7,00000000,008d5b76,00000000,238a488c,003ae94d,00000000,003ae8d0,3,00000000,00000000,0,1
931,931,0,238a488d,00000000,00000000,0008d5b7,00000000,008d5b76,00000000,238a488d,003ae94d,00000000,003ae8d0,3,00000000,00000000,0,1
932,932,0,238a488e,00000000,00000000,0008d5b7,00000000,008d5b76,00000000,238a488e,003ae94d,00000000,003ae8d0,3,00000000,00000000,0,1
933,933,0,238a488f,00000000,00000000,0008d5b7,00000000,008d5b76,00000000,238a488f,003ae94d,00000000,003ae8d0,3,00000000,00000000,0,1
934,934,0,238a4890,00000000,00000000,0008d5b7,00000000,008d5b76,00000000,238a4890,003ae94d,00000000,003ae8d0,3,00000000,00000000,0,1
935,935,0,238a4891,00000000,00000000,0008d5b7,00000000,008d5b76,00000000,238a4891,003ae94d,00000000,003ae8d0,3,00000000,00000000,0,1
936,936,0,238a4892,00000000,00000000,0008d5b7,00000000,008d5b76,00000000,238a4892,003ae94d,00000000,003ae8d0,3,00000000,00000000,0,1
937,937,0,238a4893,00000000,00000000,0008d5b7,00000000,008d5b76,00000000,238a4893,003ae94d,00000000,003ae8d0,3,00000000,00000000,0,1
938,938,0,238a4894,00000000,00000000,0008d5b7,00000000,008d5b76,00000000,238a4894,003ae94d,00000000,003ae8d0,3,00000000,00000000,0,1
939,939,0,238a4895,00000000,00000000,0008d5b7,00000000,008d5b76,00000000,238a4895,003ae94d,00000000,003ae8d0,3,00000000,00000000,0,1
940,940,0,238a4896,00000000,00000000,0008d5b7,00000000,008d5b76,00000000,238a4896,003ae94d,00000000,003ae8d0,3,00000000,00000000,0,1
941,941,0,238a4897,00000000,00000000,0008d5b7,00000000,008d5b76,00000000,238a4897,003ae94d,00000000,003ae8d0,3,00000000,00000000,0,1
942,942,0,238a4898,00000000,00000000,0008d5b7,00000000,008d5b76,00000000,238a4898,003ae94d,00000000,003ae8d0,3,00000000,00000000,0,1
943,943,0,238a4899,00000000,00000000,0008d5b7,00000000,008d5b76,00000000,238a4899,003ae94d,00000000,003ae8d0,3,00000000,00000000,0,1
944,944,0,238a489a,00000000,00000000,0008d5b7,00000000,008d5b76,00000000,238a489a,003ae94d,00000000,003ae8d0,3,00000000,00000000,0,1
945,945,0,238a489b,00000000,00000000,0008d5b7,00000000,008d5b76,00000000,238a489b,003ae94d,00000000,003ae8d0,3,00000000,00000000,0,1
946,946,0,238a489c,00000000,00000000,0008d5b7,00000000,008d5b76,00000000,238a489c,003ae94d,00000000,003ae8d0,3,00000000,00000000,0,1
947,947,0,238a489d,00000000,00000000,0008d5b7,00000000,008d5b76,00000000,238a489d,003ae94d,00000000,003ae8d0,3,00000000,00000000,0,1
948,948,0,238a489e,00000000,00000000,0008d5b7,00000000,008d5b76,00000000,238a489e,003ae94d,00000000,003ae8d0,3,00000000,00000000,0,1
949,949,0,238a489f,00000000,00000000,0008d5b7,00000000,008d5b76,00000000,238a489f,003ae94d,00000000,003ae8d0,3,00000000,00000000,0,1
950,950,0,238a48a0,00000000,00000000,0008d5b7,00000000,008d5b76,00000000,238a48a0,003ae94d,00000000,003ae8d0,3,00000000,00000000,0,1
951,951,0,238a48a1,00000000,00000000,0008d5b7,00000000,008d5b76,00000000,238a48a1,003ae94d,00000000,003ae8d0,3,00000000,00000000,0,1
952,952,0,238a48a2,00000000,00000000,0008d5b7,00000000,008d5b76,00000000,238a48a2,003ae94d,00000000,003ae8d0,3,00000000,00000000,0,1
953,953,0,238a48a3,00000000,00000000,0008d5b7,00000000,008d5b76,00000000,238a48a3,003ae94d,00000000,003ae8d0,3,00000000,00000000,0,1
954,954,0,238a48a4,00000000,00000000,0008d5b7,00000000,008d5b76,00000000,238a48a4,003ae94d,00000000,003ae8d0,3,00000000,00000000,0,1
955,955,0,238a48a5,00000000,00000000,0008d5b7,00000000,008d5b76,00000000,238a48a5,003ae94d,00000000,003ae8d0,3,00000000,00000000,0,1
956,956,0,238a48a6,00000000,00000000,0008d5b7,00000000,008d5b76,00000000,238a48a6,003ae94d,00000000,003ae8d0,3,00000000,00000000,0,1
957,957,0,238a48a7,00000000,00000000,0008d5b7,00000000,008d5b76,00000000,238a48a7,003ae94d,00000000,003ae8d0,3,00000000,00000000,0,1
958,958,0,238a48a8,00000000,00000000,0008d5b7,00000000,008d5b76,00000000,238a48a8,003ae94d,00000000,003ae8d0,3,00000000,00000000,0,1
959,959,0,238a48a9,00000000,00000000,0008d5b7,00000000,008d5b76,00000000,238a48a9,003ae94d,00000000,003ae8d0,3,00000000,00000000,0,1
960,960,0,238a48aa,00000000,00000000,0008d5b7,00000000,008d5b76,00000000,238a48aa,003ae94d,00000000,003ae8d0,3,00000000,00000000,0,1
961,961,0,238a48ab,00000000,00000000,0008d5b7,00000000,008d5b76,00000000,238a48ab,003ae94d,00000000,003ae8d0,3,00000000,00000000,0,1
962,962,0,238a48ac,00000000,00000000,0008d5b7,00000000,008d5b76,00000000,238a48ac,003ae94d,00000000,003ae8d0,3,00000000,00000000,0,1
963,963,0,238a48ad,00000000,00000000,0008d5b7,00000000,008d5b76,00000000,238a48ad,003ae94d,00000000,003ae8d0,3,00000000,00000000,0,1
964,964,0,238a48ae,00000000,00000000,0008d5b7,00000000,008d5b76,00000000,238a48ae,003ae94d,00000000,003ae8d0,3,00000000,00000000,0,1
965,965,0,238a48af,00000000,00000000,0008d5b7,00000000,008d5b76,00000000,238a48af,003ae94d,00000000,003ae8d0,3,00000000,00000000,0,1
966,966,0,238a48b0,00000000,00000000,0008d5b7,00000000,008d5b76,00000000,238a48b0,003ae94d,00000000,003ae8d0,3,00000000,00000000,0,1
967,967,0,238a48b1,00000000,00000000,0008d5b7,00000000,008d5b76,00000000,238a48b1,003ae94d,00000000,003ae8d0,3,00000000,00000000,0,1
968,968,0,238a48b2,00000000,00000000,0008d5b7,00000000,008d5b76,00000000,238a48b2,003ae94d,00000000,003ae8d0,3,00000000,00000000,0,1
969,969,0,238a48b3,00000000,00000000,0008d5b7,00000000,008d5b76,00000000,238a48b3,003ae94d,00000000,003ae8d0,3,00000000,00000000,0,1
970,970,0,238a48b4,00000000,00000000,0008d5b7,00000000,008d5b76,00000000,238a48b4,003ae94d,00000000,003ae8d0,3,00000000,00000000,0,1
971,971,0,238a48b5,00000000,00000000,0008d5b7,00000000,008d5b76,00000000,238a48b5,003ae94d,00000000,003ae8d0,3,00000000,00000000,0,1
972,972,0,238a48b6,00000000,00000000,0008d5b7,00000000,008d5b76,00000000,238a48b6,003ae94d,00000000,003ae8d0,3,00000000,00000000,0,1
973,973,0,238a48b7,00000000,00000000,0008d5b7,00000000,008d5b76,00000000,238a48b7,003ae94d,00000000,003ae8d0,3,00000000,00000000,0,1
974,974,0,238a48b8,00000000,00000000,0008d5b7,00000000,008d5b76,00000000,238a48b8,003ae94d,00000000,003ae8d0,3,00000000,00000000,0,1
975,975,0,238a48b9,00000000,00000000,0008d5b7,00000000,008d5b76,00000000,238a48b9,003ae94d,00000000,003ae8d0,3,00000000,00000000,0,1
976,976,0,238a48ba,00000000,00000000,0008d5b7,00000000,008d5b76,00000000,238a48ba,003ae94d,00000000,003ae8d0,3,00000000,00000000,0,1
977,977,0,238a48bb,00000000,00000000,0008d5b7,00000000,008d5b76,00000000,238a48bb,003ae94d,00000000,003ae8d0,3,00000000,00000000,0,1
978,978,0,238a48bc,00000000,00000000,0008d5b7,00000000,008d5b76,00000000,238a48bc,003ae94d,00000000,003ae8d0,3,00000000,00000000,0,1
979,979,0,238a48bd,00000000,00000000,0008d5b7,00000000,008d5b76,00000000,238a48bd,003ae94d,00000000,003ae8d0,3,00000000,00000000,0,1
980,980,0,238a48be,00000000,00000000,0008d5b7,00000000,008d5b76,00000000,238a48be,003ae94d,00000000,003ae8d0,3,00000000,00000000,0,1
981,981,0,238a48bf,00000000,00000000,0008d5b7,00000000,008d5b76,00000000,238a48bf,003ae94d,00000000,003ae8d0,3,00000000,00000000,0,1
982,982,0,238a48c0,00000000,00000000,0008d5b7,00000000,008d5b76,00000000,238a48c0,003ae94d,00000000,003ae8d0,3,00000000,00000000,0,1
983,983,0,238a48c1,00000000,00000000,0008d5b7,00000000,008d5b76,00000000,238a48c1,003ae94d,00000000,003ae8d0,3,00000000,00000000,0,1
984,984,0,238a48c2,00000000,00000000,0008d5b7,00000000,008d5b76,00000000,238a48c2,003ae94d,00000000,003ae8d0,3,00000000,00000000,0,1
985,985,0,238a48c3,00000000,00000000,0008d5b7,00000000,008d5b76,00000000,238a48c3,003ae94d,00000000,003ae8d0,3,00000000,00000000,0,1
986,986,0,238a48c4,00000000,00000000,0008d5b7,00000000,008d5b76,00000000,238a48c4,003ae94d,00000000,003ae8d0,3,00000000,00000000,0,1
987,987,0,238a48c5,00000000,00000000,0008d5b7,00000000,008d5b76,00000000,238a48c5,003ae94d,00000000,003ae8d0,3,00000000,00000000,0,1
988,988,0,238a48c6,00000000,00000000,0008d5b7,00000000,008d5b76,00000000,238a48c6,003ae94d,00000000,003ae8d0,3,00000000,00000000,0,1
989,989,0,238a48c7,00000000,00000000,0008d5b7,00000000,008d5b76,00000000,238a48c7,003ae94d,00000000,003ae8d0,3,00000000,00000000,0,1
990,990,0,238a48c8,00000000,00000000,0008d5b7,00000000,008d5b76,00000000,238a48c8,003ae94d,00000000,003ae8d0,3,00000000,00000000,0,1
991,991,0,238a48c9,00000000,00000000,0008d5b7,00000000,008d5b76,00000000,238a48c9,003ae94d,00000000,003ae8d0,3,00000000,00000000,0,1
992,992,0,238a48ca,00000000,00000000,0008d5b7,00000000,008d5b76,00000000,238a48ca,003ae94d,00000000,003ae8d0,3,00000000,00000000,0,1
993,993,0,238a48cb,00000000,00000000,0008d5b7,00000000,008d5b76,00000000,238a48cb,003ae94d,00000000,003ae8d0,3,00000000,00000000,0,1
994,994,0,238a48cc,00000000,00000000,0008d5b7,00000000,008d5b76,00000000,238a48cc,003ae94d,00000000,003ae8d0,3,00000000,00000000,0,1
995,995,0,238a48cd,00000000,00000000,0008d5b7,00000000,008d5b76,00000000,238a48cd,003ae94d,00000000,003ae8d0,3,00000000,00000000,0,1
996,996,0,238a48ce,00000000,00000000,0008d5b7,00000000,008d5b76,00000000,238a48ce,003ae94d,00000000,003ae8d0,3,00000000,00000000,0,1
997,997,0,238a48cf,00000000,00000000,0008d5b7,00000000,008d5b76,00000000,238a48cf,003ae94d,00000000,003ae8d0,3,00000000,00000000,0,1
998,998,0,238a48d0,00000000,00000000,0008d5b7,00000000,008d5b76,00000000,238a48d0,003ae94d,00000000,003ae8d0,3,00000000,00000000,0,1
999,999,0,238a48d1,00000000,00000000,0008d5b7,00000000,008d5b76,00000000,238a48d1,003ae94d,00000000,003ae8d0,3,00000000,00000000,0,1
1000,1000,0,238a48d2,00000000,00000000,0008d5b7,00000000,008d5b76,00000000,238a48d2,003ae94d,00000000,003ae8d0,3,00000000,00000000,0,1
1001,1001,0,238a48d3,00000000,00000000,0008d5b7,00000000,008d5b76,00000000,238a48d3,003ae94d,00000000,003ae8d0,3,00000000,00000000,0,1
1002,1002,0,238a48d4,00000000,00000000,0008d5b7,00000000,008d5b76,00000000,238a48d4,003ae94d,00000000,003ae8d0,3,00000000,00000000,0,1
1003,1003,0,238a48d5,00000000,00000000,0008d5b7,00000000,008d5b76,00000000,238a48d5,003ae94d,00000000,003ae8d0,3,00000000,00000000,0,1
1004,1004,0,238a48d6,00000000,00000000,0008d5b7,00000000,008d5b76,00000000,238a48d6,003ae94d,00000000,003ae8d0,3,00000000,00000000,0,1
1005,1005,0,238a48d7,00000000,00000000,0008d5b7,00000000,008d5b76,00000000,238a48d7,003ae94d,00000000,003ae8d0,3,00000000,00000000,0,1
1006,1006,0,238a48d8,00000000,00000000,0008d5b7,00000000,008d5b76,00000000,238a48d8,003ae94d,00000000,003ae8d0,3,00000000,00000000,0,1
1007,1007,0,238a48d9,00000000,00000000,0008d5b7,00000000,008d5b76,00000000,238a48d9,003ae94d,00000000,003ae8d0,3,00000000,00000000,0,1
1008,1008,0,238a48da,00000000,00000000,0008d5b7,00000000,008d5b76,00000000,238a48da,003ae94d,00000000,003ae8d0,3,00000000,00000000,0,1
1009,1009,0,238a48db,00000000,00000000,0008d5b7,00000000,008d5b76,00000000,238a48db,003ae94d,00000000,003ae8d0,3,00000000,00000000,0,1
1010,1010,0,238a48dc,00000000,00000000,0008d5b7,00000000,008d5b76,00000000,238a48dc,003ae94d,00000000,003ae8d0,3,00000000,00000000,0,1
1011,1011,0,238a48dd,00000000,00000000,0008d5b7,00000000,008d5b76,00000000,238a48dd,003ae94d,00000000,003ae8d0,3,00000000,00000000,0,1
1012,1012,0,238a48de,00000000,00000000,0008d5b7,00000000,008d5b76,00000000,238a48de,003ae94d,00000000,003ae8d0,3,00000000,00000000,0,1
1013,1013,0,238a48df,00000000,00000000,0008d5b7,00000000,008d5b76,00000000,238a48df,003ae94d,00000000,003ae8d0,3,00000000,00000000,0,1
1014,1014,0,238a48e0,00000000,00000000,0008d5b7,00000000,008d5b76,00000000,238a48e0,003ae94d,00000000,003ae8d0,3,00000000,00000000,0,1
1015,1015,0,238a48e1,00000000,00000000,0008d5b7,00000000,008d5b76,00000000,238a48e1,003ae94d,00000000,003ae8d0,3,00000000,00000000,0,1
1016,1016,0,238a48e2,00000000,00000000,0008d5b7,00000000,008d5b76,00000000,238a48e2,003ae94d,00000000,003ae8d0,3,00000000,00000000,0,1
1017,1017,0,238a48e3,00000000,00000000,0008d5b7,00000000,008d5b76,00000000,238a48e3,003ae94d,00000000,003ae8d0,3,00000000,00000000,0,1
1018,1018,0,238a48e4,00000000,00000000,0008d5b7,00000000,008d5b76,00000000,238a48e4,003ae94d,00000000,003ae8d0,3,00000000,00000000,0,1
1019,1019,0,238a48e5,00000000,00000000,0008d5b7,00000000,008d5b76,00000000,238a48e5,003ae94d,00000000,003ae8d0,3,00000000,00000000,0,1
1020,1020,0,238a48e6,00000000,00000000,0008d5b7,00000000,008d5b76,00000000,238a48e6,003ae94d,00000000,003ae8d0,3,00000000,00000000,0,1
1021,1021,0,238a48e7,00000000,00000000,0008d5b7,00000000,008d5b76,00000000,238a48e7,003ae94d,00000000,003ae8d0,3,00000000,00000000,0,1
1022,1022,0,238a48e8,00000000,00000000,0008d5b7,00000000,008d5b76,00000000,238a48e8,003ae94d,00000000,003ae8d0,3,00000000,00000000,0,1
1023,1023,0,238a48e9,00000000,00000000,0008d5b7,00000000,008d5b76,00000000,238a48e9,003ae94d,00000000,003ae8d0,3,00000000,00000000,0,1
