===================================================
 GALS NoC - simulation regression
 date     : 2026-08-19 16:06:38
 clocks   : HW-matched : NoC 80 MHz, sink 100 MHz, senders 71.4/83.3/71.4 MHz
 Test6 VC : VC0 only - แยก packet_arbiter ออกมาทดสอบตัวเดียว
 defines  : HW_CLOCKS
 runner   : standalone xvlog/xelab/xsim (Vivado 2025.2), ไม่ผ่าน project flow
            เทียบ baseline แล้วตรงกับ run_sim_regression.tcl ทุกตัวเลข
===================================================


****** xsim v2025.2 (64-bit)
  **** SW Build 6299465 on Fri Nov 14 19:35:11 GMT 2025
  **** IP Build 6300035 on Fri Nov 14 10:48:45 MST 2025
  **** SharedData Build 6298862 on Thu Nov 13 04:50:51 MST 2025
  **** Start of session at: Wed Aug 19 15:57:09 2026
    ** Copyright 1986-2022 Xilinx, Inc. All Rights Reserved.
    ** Copyright 2022-2025 Advanced Micro Devices, Inc. All Rights Reserved.

source xsim.dir/tb_snap/xsim_script.tcl
# xsim {tb_snap} -autoloadwcfg -tclbatch {run.tcl}
Time resolution is 1 ps
source run.tcl
## run all

[TB] --- Start GALS Test 1: Fire through diagonal links ---
[SB-PRED] t=100000 src=0x0 -> Node11 (VC0) pkt_id=0 len=4
[SB-PRED] t=100000 src=0x3 -> Node00 (VC0) pkt_id=0 len=4
[265000 ns] Node 00 (VC0) rcv: 0x30
[273000 ns] Node 11 (VC0) rcv: 0x00
[275000 ns] Node 00 (VC0) rcv: 0x31
[285000 ns] Node 00 (VC0) rcv: 0x32
[287000 ns] Node 11 (VC0) rcv: 0x01
[301000 ns] Node 11 (VC0) rcv: 0x02
[SB-PASS] t=305000 Node00 (VC0) src=0x3 pkt_id=0 len=4 matches prediction
[305000 ns] Node 00 (VC0) rcv: 0x33
[SB-PASS] t=315000 Node11 (VC0) src=0x0 pkt_id=0 len=4 matches prediction
[315000 ns] Node 11 (VC0) rcv: 0x03
[TB] --- Test 1 Finished ---

[TB] --- Start GALS Test 2: VC Preemption Test (Ambulance vs Truck) ---
[SB-PRED] t=671000 src=0x0 -> Node10 (VC0) pkt_id=1 len=30
[SB-PRED] t=671000 src=0x2 -> Node10 (VC1) pkt_id=0 len=5
[833000 ns] Node 10 (VC0) rcv: 0x00
[847000 ns] Node 10 (VC0) rcv: 0x01
[861000 ns] Node 10 (VC0) rcv: 0x02
[875000 ns] Node 10 (VC0) rcv: 0x03
[889000 ns] Node 10 (VC1) rcv: 0x20
[903000 ns] Node 10 (VC1) rcv: 0x21
[917000 ns] Node 10 (VC1) rcv: 0x22
[931000 ns] Node 10 (VC1) rcv: 0x23
[SB-PASS] t=945000 Node10 (VC1) src=0x2 pkt_id=0 len=5 matches prediction
[945000 ns] Node 10 (VC1) rcv: 0x24
[959000 ns] Node 10 (VC0) rcv: 0x04
[973000 ns] Node 10 (VC0) rcv: 0x05
[987000 ns] Node 10 (VC0) rcv: 0x06
[1001000 ns] Node 10 (VC0) rcv: 0x07
[1015000 ns] Node 10 (VC0) rcv: 0x08
[1029000 ns] Node 10 (VC0) rcv: 0x09
[1043000 ns] Node 10 (VC0) rcv: 0x0a
[1057000 ns] Node 10 (VC0) rcv: 0x0b
[1071000 ns] Node 10 (VC0) rcv: 0x0c
[1085000 ns] Node 10 (VC0) rcv: 0x0d
[1099000 ns] Node 10 (VC0) rcv: 0x0e
[1113000 ns] Node 10 (VC0) rcv: 0x0f
[1127000 ns] Node 10 (VC0) rcv: 0x10
[1141000 ns] Node 10 (VC0) rcv: 0x11
[1155000 ns] Node 10 (VC0) rcv: 0x12
[1169000 ns] Node 10 (VC0) rcv: 0x13
[1183000 ns] Node 10 (VC0) rcv: 0x14
[1197000 ns] Node 10 (VC0) rcv: 0x15
[1211000 ns] Node 10 (VC0) rcv: 0x16
[1225000 ns] Node 10 (VC0) rcv: 0x17
[1239000 ns] Node 10 (VC0) rcv: 0x18
[1253000 ns] Node 10 (VC0) rcv: 0x19
[1267000 ns] Node 10 (VC0) rcv: 0x1a
[1281000 ns] Node 10 (VC0) rcv: 0x1b
[1295000 ns] Node 10 (VC0) rcv: 0x1c
[SB-PASS] t=1309000 Node10 (VC0) src=0x0 pkt_id=1 len=30 matches prediction
[1309000 ns] Node 10 (VC0) rcv: 0x1d
[TB] --- Test 2 Finished ---


=================================================
 PERFORMANCE REPORT: VC Preemption Test
=================================================
 [Node00 TX] Flits: 30 | Stalls: 0 (0.0%)
 [Node00 RX] Flits: 0 | Stalls: 0 (0.0%)
 [Node10 TX] Flits: 0 | Stalls: 0 (0.0%)
 [Node10 RX] Flits: 35 | Stalls: 0 (0.0%)
 [Node01 TX] Flits: 5 | Stalls: 0 (0.0%)
 [Node01 RX] Flits: 0 | Stalls: 0 (0.0%)
 [Node11 TX] Flits: 0 | Stalls: 0 (0.0%)
 [Node11 RX] Flits: 0 | Stalls: 0 (0.0%)
=================================================


=================================================
 SCOREBOARD REPORT (All Nodes, transaction-level)
=================================================
 [Node00] Matched: 1 | Mismatched: 0 | Pending: 0
 [Node10] Matched: 2 | Mismatched: 0 | Pending: 0
 [Node01] Matched: 0 | Mismatched: 0 | Pending: 0
 [Node11] Matched: 1 | Mismatched: 0 | Pending: 0
-------------------------------------------------
 TOTAL: Matched=4 Mismatched=0 Pending=0
=================================================


[TB] --- Start GALS Test 3: Random All-to-All Traffic with VCs ---
[SB-PRED] t=1490000 src=0x2 -> Node11 (VC0) pkt_id=1 len=14
[SB-PRED] t=1494000 src=0x3 -> Node10 (VC1) pkt_id=1 len=9
[SB-PRED] t=1511000 src=0x1 -> Node00 (VC1) pkt_id=0 len=13
[SB-PRED] t=1519000 src=0x0 -> Node10 (VC1) pkt_id=2 len=19
[1645000 ns] Node 11 (VC0) rcv: 0x20
[1659000 ns] Node 11 (VC0) rcv: 0x21
[1665000 ns] Node 00 (VC1) rcv: 0x10
[SB-PRED] t=1667000 src=0x3 -> Node00 (VC0) pkt_id=2 len=19
[1673000 ns] Node 10 (VC1) rcv: 0x30
[1673000 ns] Node 11 (VC0) rcv: 0x22
[1675000 ns] Node 00 (VC1) rcv: 0x11
[1685000 ns] Node 00 (VC1) rcv: 0x12
[1687000 ns] Node 10 (VC1) rcv: 0x31
[1687000 ns] Node 11 (VC0) rcv: 0x23
[SB-PRED] t=1700000 src=0x2 -> Node00 (VC1) pkt_id=2 len=18
[1701000 ns] Node 10 (VC1) rcv: 0x32
[1701000 ns] Node 11 (VC0) rcv: 0x24
[1705000 ns] Node 00 (VC1) rcv: 0x13
[SB-PRED] t=1709000 src=0x1 -> Node00 (VC0) pkt_id=1 len=20
[1715000 ns] Node 10 (VC1) rcv: 0x33
[1715000 ns] Node 11 (VC0) rcv: 0x25
[1715000 ns] Node 00 (VC1) rcv: 0x14
[SB-PRED] t=1724000 src=0x0 -> Node01 (VC0) pkt_id=3 len=18
[1725000 ns] Node 00 (VC1) rcv: 0x15
[1729000 ns] Node 10 (VC1) rcv: 0x34
[1729000 ns] Node 11 (VC0) rcv: 0x26
[1735000 ns] Node 00 (VC1) rcv: 0x16
[1743000 ns] Node 10 (VC1) rcv: 0x35
[1743000 ns] Node 11 (VC0) rcv: 0x27
[1755000 ns] Node 00 (VC1) rcv: 0x17
[1757000 ns] Node 10 (VC1) rcv: 0x36
[1757000 ns] Node 11 (VC0) rcv: 0x28
[1771000 ns] Node 10 (VC1) rcv: 0x37
[1771000 ns] Node 11 (VC0) rcv: 0x29
[1775000 ns] Node 00 (VC1) rcv: 0x18
[SB-PASS] t=1785000 Node10 (VC1) src=0x3 pkt_id=1 len=9 matches prediction
[1785000 ns] Node 10 (VC1) rcv: 0x38
[1785000 ns] Node 11 (VC0) rcv: 0x2a
[1785000 ns] Node 00 (VC1) rcv: 0x19
[1799000 ns] Node 10 (VC1) rcv: 0x00
[1799000 ns] Node 11 (VC0) rcv: 0x2b
[1805000 ns] Node 00 (VC1) rcv: 0x1a
[1813000 ns] Node 10 (VC1) rcv: 0x01
[1813000 ns] Node 11 (VC0) rcv: 0x2c
[1815000 ns] Node 00 (VC1) rcv: 0x1b
[SB-PASS] t=1825000 Node00 (VC1) src=0x1 pkt_id=0 len=13 matches prediction
[1825000 ns] Node 00 (VC1) rcv: 0x1c
[1827000 ns] Node 10 (VC1) rcv: 0x02
[SB-PASS] t=1827000 Node11 (VC0) src=0x2 pkt_id=1 len=14 matches prediction
[1827000 ns] Node 11 (VC0) rcv: 0x2d
[1835000 ns] Node 00 (VC0) rcv: 0x30
[1841000 ns] Node 10 (VC1) rcv: 0x03
[1855000 ns] Node 10 (VC1) rcv: 0x04
[1855000 ns] Node 00 (VC1) rcv: 0x20
[1865000 ns] Node 00 (VC1) rcv: 0x21
[1869000 ns] Node 10 (VC1) rcv: 0x05
[1875000 ns] Node 00 (VC1) rcv: 0x22
[1883000 ns] Node 10 (VC1) rcv: 0x06
[1885000 ns] Node 00 (VC1) rcv: 0x23
[1897000 ns] Node 10 (VC1) rcv: 0x07
[1905000 ns] Node 00 (VC1) rcv: 0x24
[1911000 ns] Node 10 (VC1) rcv: 0x08
[1914000 ns] Node 01 (VC0) rcv: 0x00
[1915000 ns] Node 00 (VC1) rcv: 0x25
[SB-PRED] t=1925000 src=0x0 -> Node10 (VC0) pkt_id=4 len=18
[1925000 ns] Node 10 (VC1) rcv: 0x09
[1925000 ns] Node 00 (VC1) rcv: 0x26
[1926000 ns] Node 01 (VC0) rcv: 0x01
[1935000 ns] Node 00 (VC1) rcv: 0x27
[SB-PRED] t=1936000 src=0x2 -> Node11 (VC1) pkt_id=3 len=20
[1938000 ns] Node 01 (VC0) rcv: 0x02
[1939000 ns] Node 10 (VC1) rcv: 0x0a
[1950000 ns] Node 01 (VC0) rcv: 0x03
[1953000 ns] Node 10 (VC1) rcv: 0x0b
[1955000 ns] Node 00 (VC1) rcv: 0x28
[1962000 ns] Node 01 (VC0) rcv: 0x04
[1965000 ns] Node 00 (VC1) rcv: 0x29
[1967000 ns] Node 10 (VC1) rcv: 0x0c
[SB-PRED] t=1971000 src=0x3 -> Node00 (VC1) pkt_id=3 len=16
[1974000 ns] Node 01 (VC0) rcv: 0x05
[1975000 ns] Node 00 (VC1) rcv: 0x2a
[1981000 ns] Node 10 (VC1) rcv: 0x0d
[1985000 ns] Node 00 (VC1) rcv: 0x2b
[1986000 ns] Node 01 (VC0) rcv: 0x06
[1995000 ns] Node 10 (VC1) rcv: 0x0e
[1998000 ns] Node 01 (VC0) rcv: 0x07
[2005000 ns] Node 00 (VC1) rcv: 0x2c
[SB-PRED] t=2007000 src=0x1 -> Node11 (VC1) pkt_id=2 len=5
[2009000 ns] Node 10 (VC1) rcv: 0x0f
[2010000 ns] Node 01 (VC0) rcv: 0x08
[2015000 ns] Node 00 (VC1) rcv: 0x2d
[2022000 ns] Node 01 (VC0) rcv: 0x09
[2023000 ns] Node 10 (VC1) rcv: 0x10
[2025000 ns] Node 00 (VC1) rcv: 0x2e
[2034000 ns] Node 01 (VC0) rcv: 0x0a
[2035000 ns] Node 00 (VC1) rcv: 0x2f
[2037000 ns] Node 10 (VC1) rcv: 0x11
[2046000 ns] Node 01 (VC0) rcv: 0x0b
[SB-PASS] t=2051000 Node10 (VC1) src=0x0 pkt_id=2 len=19 matches prediction
[2051000 ns] Node 10 (VC1) rcv: 0x12
[2055000 ns] Node 00 (VC1) rcv: 0x30
[2058000 ns] Node 01 (VC0) rcv: 0x0c
[SB-PASS] t=2065000 Node00 (VC1) src=0x2 pkt_id=2 len=18 matches prediction
[2065000 ns] Node 00 (VC1) rcv: 0x31
[2070000 ns] Node 01 (VC0) rcv: 0x0d
[2075000 ns] Node 00 (VC0) rcv: 0x31
[2082000 ns] Node 01 (VC0) rcv: 0x0e
[2085000 ns] Node 00 (VC0) rcv: 0x32
[SB-PRED] t=2087000 src=0x1 -> Node00 (VC1) pkt_id=3 len=9
[2093000 ns] Node 11 (VC1) rcv: 0x20
[2094000 ns] Node 01 (VC0) rcv: 0x0f
[2105000 ns] Node 00 (VC0) rcv: 0x33
[2106000 ns] Node 01 (VC0) rcv: 0x10
[2107000 ns] Node 11 (VC1) rcv: 0x21
[2115000 ns] Node 00 (VC0) rcv: 0x34
[SB-PASS] t=2118000 Node01 (VC0) src=0x0 pkt_id=3 len=18 matches prediction
[2118000 ns] Node 01 (VC0) rcv: 0x11
[2121000 ns] Node 11 (VC1) rcv: 0x22
[2125000 ns] Node 00 (VC0) rcv: 0x35
[2135000 ns] Node 11 (VC1) rcv: 0x23
[2135000 ns] Node 00 (VC1) rcv: 0x30
[SB-PRED] t=2142000 src=0x0 -> Node01 (VC0) pkt_id=5 len=4
[2149000 ns] Node 10 (VC0) rcv: 0x00
[2149000 ns] Node 11 (VC1) rcv: 0x24
[2155000 ns] Node 00 (VC1) rcv: 0x31
[2163000 ns] Node 10 (VC0) rcv: 0x01
[2163000 ns] Node 11 (VC1) rcv: 0x25
[2165000 ns] Node 00 (VC1) rcv: 0x32
[2175000 ns] Node 00 (VC1) rcv: 0x33
[2177000 ns] Node 10 (VC0) rcv: 0x02
[2177000 ns] Node 11 (VC1) rcv: 0x26
[2185000 ns] Node 00 (VC1) rcv: 0x34
[2191000 ns] Node 10 (VC0) rcv: 0x03
[2191000 ns] Node 11 (VC1) rcv: 0x27
[2205000 ns] Node 10 (VC0) rcv: 0x04
[2205000 ns] Node 11 (VC1) rcv: 0x28
[2205000 ns] Node 00 (VC1) rcv: 0x35
[SB-PRED] t=2211000 src=0x2 -> Node10 (VC0) pkt_id=4 len=18
[2215000 ns] Node 00 (VC1) rcv: 0x36
[2219000 ns] Node 10 (VC0) rcv: 0x05
[2219000 ns] Node 11 (VC1) rcv: 0x29
[2225000 ns] Node 00 (VC1) rcv: 0x37
[2233000 ns] Node 10 (VC0) rcv: 0x06
[2233000 ns] Node 11 (VC1) rcv: 0x2a
[SB-PRED] t=2236000 src=0x3 -> Node00 (VC1) pkt_id=4 len=15
[2247000 ns] Node 10 (VC0) rcv: 0x07
[2247000 ns] Node 11 (VC1) rcv: 0x2b
[2255000 ns] Node 00 (VC1) rcv: 0x38
[2261000 ns] Node 10 (VC0) rcv: 0x08
[2261000 ns] Node 11 (VC1) rcv: 0x2c
[2265000 ns] Node 00 (VC1) rcv: 0x39
[2275000 ns] Node 10 (VC0) rcv: 0x09
[2275000 ns] Node 11 (VC1) rcv: 0x2d
[2275000 ns] Node 00 (VC1) rcv: 0x3a
[2285000 ns] Node 00 (VC1) rcv: 0x3b
[2289000 ns] Node 10 (VC0) rcv: 0x0a
[2289000 ns] Node 11 (VC1) rcv: 0x2e
[2303000 ns] Node 10 (VC0) rcv: 0x0b
[2303000 ns] Node 11 (VC1) rcv: 0x2f
[2305000 ns] Node 00 (VC1) rcv: 0x3c
[2315000 ns] Node 00 (VC1) rcv: 0x3d
[2317000 ns] Node 10 (VC0) rcv: 0x0c
[2317000 ns] Node 11 (VC1) rcv: 0x30
[2325000 ns] Node 00 (VC1) rcv: 0x3e
[2331000 ns] Node 10 (VC0) rcv: 0x0d
[2331000 ns] Node 11 (VC1) rcv: 0x31
[SB-PASS] t=2335000 Node00 (VC1) src=0x3 pkt_id=3 len=16 matches prediction
[2335000 ns] Node 00 (VC1) rcv: 0x3f
[2345000 ns] Node 10 (VC0) rcv: 0x0e
[2345000 ns] Node 11 (VC1) rcv: 0x32
[2355000 ns] Node 00 (VC1) rcv: 0x10
[2358000 ns] Node 01 (VC0) rcv: 0x00
[2359000 ns] Node 10 (VC0) rcv: 0x0f
[SB-PASS] t=2359000 Node11 (VC1) src=0x2 pkt_id=3 len=20 matches prediction
[2359000 ns] Node 11 (VC1) rcv: 0x33
[2365000 ns] Node 00 (VC1) rcv: 0x11
[2370000 ns] Node 01 (VC0) rcv: 0x01
[2373000 ns] Node 10 (VC0) rcv: 0x10
[2373000 ns] Node 11 (VC1) rcv: 0x10
[2375000 ns] Node 00 (VC1) rcv: 0x12
[2382000 ns] Node 01 (VC0) rcv: 0x02
[2385000 ns] Node 00 (VC1) rcv: 0x13
[SB-PASS] t=2387000 Node10 (VC0) src=0x0 pkt_id=4 len=18 matches prediction
[2387000 ns] Node 10 (VC0) rcv: 0x11
[2387000 ns] Node 11 (VC1) rcv: 0x11
[SB-PASS] t=2394000 Node01 (VC0) src=0x0 pkt_id=5 len=4 matches prediction
[2394000 ns] Node 01 (VC0) rcv: 0x03
[2401000 ns] Node 10 (VC0) rcv: 0x20
[2401000 ns] Node 11 (VC1) rcv: 0x12
[2405000 ns] Node 00 (VC1) rcv: 0x14
[2415000 ns] Node 10 (VC0) rcv: 0x21
[2415000 ns] Node 11 (VC1) rcv: 0x13
[2415000 ns] Node 00 (VC1) rcv: 0x15
[2425000 ns] Node 00 (VC1) rcv: 0x16
[2429000 ns] Node 10 (VC0) rcv: 0x22
[SB-PASS] t=2429000 Node11 (VC1) src=0x1 pkt_id=2 len=5 matches prediction
[2429000 ns] Node 11 (VC1) rcv: 0x14
[2435000 ns] Node 00 (VC1) rcv: 0x17
[2443000 ns] Node 10 (VC0) rcv: 0x23
[SB-PASS] t=2455000 Node00 (VC1) src=0x1 pkt_id=3 len=9 matches prediction
[2455000 ns] Node 00 (VC1) rcv: 0x18
[2457000 ns] Node 10 (VC0) rcv: 0x24
[2465000 ns] Node 00 (VC1) rcv: 0x30
[2471000 ns] Node 10 (VC0) rcv: 0x25
[2475000 ns] Node 00 (VC1) rcv: 0x31
[2485000 ns] Node 10 (VC0) rcv: 0x26
[2485000 ns] Node 00 (VC1) rcv: 0x32
[2499000 ns] Node 10 (VC0) rcv: 0x27
[2505000 ns] Node 00 (VC1) rcv: 0x33
[2513000 ns] Node 10 (VC0) rcv: 0x28
[2515000 ns] Node 00 (VC1) rcv: 0x34
[2525000 ns] Node 00 (VC1) rcv: 0x35
[2527000 ns] Node 10 (VC0) rcv: 0x29
[2535000 ns] Node 00 (VC1) rcv: 0x36
[2541000 ns] Node 10 (VC0) rcv: 0x2a
[2555000 ns] Node 10 (VC0) rcv: 0x2b
[2555000 ns] Node 00 (VC1) rcv: 0x37
[2565000 ns] Node 00 (VC1) rcv: 0x38
[2569000 ns] Node 10 (VC0) rcv: 0x2c
[2575000 ns] Node 00 (VC1) rcv: 0x39
[2583000 ns] Node 10 (VC0) rcv: 0x2d
[2585000 ns] Node 00 (VC1) rcv: 0x3a
[2597000 ns] Node 10 (VC0) rcv: 0x2e
[2605000 ns] Node 00 (VC1) rcv: 0x3b
[2611000 ns] Node 10 (VC0) rcv: 0x2f
[2615000 ns] Node 00 (VC1) rcv: 0x3c
[2625000 ns] Node 10 (VC0) rcv: 0x30
[2625000 ns] Node 00 (VC1) rcv: 0x3d
[SB-PASS] t=2635000 Node00 (VC1) src=0x3 pkt_id=4 len=15 matches prediction
[2635000 ns] Node 00 (VC1) rcv: 0x3e
[SB-PASS] t=2639000 Node10 (VC0) src=0x2 pkt_id=4 len=18 matches prediction
[2639000 ns] Node 10 (VC0) rcv: 0x31
[2655000 ns] Node 00 (VC0) rcv: 0x36
[2665000 ns] Node 00 (VC0) rcv: 0x37
[2675000 ns] Node 00 (VC0) rcv: 0x38
[2685000 ns] Node 00 (VC0) rcv: 0x39
[2705000 ns] Node 00 (VC0) rcv: 0x3a
[2715000 ns] Node 00 (VC0) rcv: 0x3b
[2725000 ns] Node 00 (VC0) rcv: 0x3c
[2735000 ns] Node 00 (VC0) rcv: 0x3d
[2755000 ns] Node 00 (VC0) rcv: 0x3e
[2765000 ns] Node 00 (VC0) rcv: 0x3f
[2775000 ns] Node 00 (VC0) rcv: 0x40
[2785000 ns] Node 00 (VC0) rcv: 0x41
[SB-PASS] t=2805000 Node00 (VC0) src=0x3 pkt_id=2 len=19 matches prediction
[2805000 ns] Node 00 (VC0) rcv: 0x42
[2815000 ns] Node 00 (VC0) rcv: 0x10
[2825000 ns] Node 00 (VC0) rcv: 0x11
[2835000 ns] Node 00 (VC0) rcv: 0x12
[2855000 ns] Node 00 (VC0) rcv: 0x13
[2865000 ns] Node 00 (VC0) rcv: 0x14
[2875000 ns] Node 00 (VC0) rcv: 0x15
[2885000 ns] Node 00 (VC0) rcv: 0x16
[2905000 ns] Node 00 (VC0) rcv: 0x17
[2915000 ns] Node 00 (VC0) rcv: 0x18
[2925000 ns] Node 00 (VC0) rcv: 0x19
[2935000 ns] Node 00 (VC0) rcv: 0x1a
[2955000 ns] Node 00 (VC0) rcv: 0x1b
[2965000 ns] Node 00 (VC0) rcv: 0x1c
[2975000 ns] Node 00 (VC0) rcv: 0x1d
[2985000 ns] Node 00 (VC0) rcv: 0x1e
[3005000 ns] Node 00 (VC0) rcv: 0x1f
[3015000 ns] Node 00 (VC0) rcv: 0x20
[3025000 ns] Node 00 (VC0) rcv: 0x21
[3035000 ns] Node 00 (VC0) rcv: 0x22
[SB-PASS] t=3055000 Node00 (VC0) src=0x1 pkt_id=1 len=20 matches prediction
[3055000 ns] Node 00 (VC0) rcv: 0x23
[TB] --- Test 3 Finished ---


=================================================
 PERFORMANCE REPORT: Random All-to-All Traffic
=================================================
 [Node00 TX] Flits: 59 | Stalls: 0 (0.0%)
 [Node00 RX] Flits: 110 | Stalls: 0 (0.0%)
 [Node10 TX] Flits: 47 | Stalls: 0 (0.0%)
 [Node10 RX] Flits: 64 | Stalls: 0 (0.0%)
 [Node01 TX] Flits: 70 | Stalls: 0 (0.0%)
 [Node01 RX] Flits: 22 | Stalls: 0 (0.0%)
 [Node11 TX] Flits: 59 | Stalls: 0 (0.0%)
 [Node11 RX] Flits: 39 | Stalls: 0 (0.0%)
=================================================


=================================================
 SCOREBOARD REPORT (All Nodes, transaction-level)
=================================================
 [Node00] Matched: 8 | Mismatched: 0 | Pending: 0
 [Node10] Matched: 6 | Mismatched: 0 | Pending: 0
 [Node01] Matched: 2 | Mismatched: 0 | Pending: 0
 [Node11] Matched: 4 | Mismatched: 0 | Pending: 0
-------------------------------------------------
 TOTAL: Matched=20 Mismatched=0 Pending=0
=================================================

[TB] --- Test 3 Finished ---


=================================================
 PERFORMANCE REPORT: Random All-to-All Traffic
=================================================
 [Node00 TX] Flits: 59 | Stalls: 0 (0.0%)
 [Node00 RX] Flits: 110 | Stalls: 0 (0.0%)
 [Node10 TX] Flits: 47 | Stalls: 0 (0.0%)
 [Node10 RX] Flits: 64 | Stalls: 0 (0.0%)
 [Node01 TX] Flits: 70 | Stalls: 0 (0.0%)
 [Node01 RX] Flits: 22 | Stalls: 0 (0.0%)
 [Node11 TX] Flits: 59 | Stalls: 0 (0.0%)
 [Node11 RX] Flits: 39 | Stalls: 0 (0.0%)
=================================================


=================================================
 SCOREBOARD REPORT (All Nodes, transaction-level)
=================================================
 [Node00] Matched: 8 | Mismatched: 0 | Pending: 0
 [Node10] Matched: 6 | Mismatched: 0 | Pending: 0
 [Node01] Matched: 2 | Mismatched: 0 | Pending: 0
 [Node11] Matched: 4 | Mismatched: 0 | Pending: 0
-------------------------------------------------
 TOTAL: Matched=20 Mismatched=0 Pending=0
=================================================


[TB] --- Start GALS Test 4: Multi-Port Contention (Fairness Test) ---
[SB-PRED] t=3567000 src=0x0 -> Node10 (VC0) pkt_id=6 len=20
[SB-PRED] t=3567000 src=0x2 -> Node10 (VC0) pkt_id=5 len=20
[SB-PRED] t=3567000 src=0x3 -> Node10 (VC0) pkt_id=5 len=20
[3731000 ns] Node 10 (VC0) rcv: 0x00
[3745000 ns] Node 10 (VC0) rcv: 0x01
[3759000 ns] Node 10 (VC0) rcv: 0x02
[3773000 ns] Node 10 (VC0) rcv: 0x03
[3787000 ns] Node 10 (VC0) rcv: 0x04
[3801000 ns] Node 10 (VC0) rcv: 0x05
[3815000 ns] Node 10 (VC0) rcv: 0x06
[3829000 ns] Node 10 (VC0) rcv: 0x07
[3843000 ns] Node 10 (VC0) rcv: 0x08
[3857000 ns] Node 10 (VC0) rcv: 0x09
[3871000 ns] Node 10 (VC0) rcv: 0x0a
[3885000 ns] Node 10 (VC0) rcv: 0x0b
[3899000 ns] Node 10 (VC0) rcv: 0x0c
[3913000 ns] Node 10 (VC0) rcv: 0x0d
[3927000 ns] Node 10 (VC0) rcv: 0x0e
[3941000 ns] Node 10 (VC0) rcv: 0x0f
[3955000 ns] Node 10 (VC0) rcv: 0x10
[3969000 ns] Node 10 (VC0) rcv: 0x11
[3983000 ns] Node 10 (VC0) rcv: 0x12
[SB-PASS] t=3997000 Node10 (VC0) src=0x0 pkt_id=6 len=20 matches prediction
[3997000 ns] Node 10 (VC0) rcv: 0x13
[4011000 ns] Node 10 (VC0) rcv: 0x30
[4025000 ns] Node 10 (VC0) rcv: 0x31
[4039000 ns] Node 10 (VC0) rcv: 0x32
[4053000 ns] Node 10 (VC0) rcv: 0x33
[4067000 ns] Node 10 (VC0) rcv: 0x34
[4081000 ns] Node 10 (VC0) rcv: 0x35
[4095000 ns] Node 10 (VC0) rcv: 0x36
[4109000 ns] Node 10 (VC0) rcv: 0x37
[4123000 ns] Node 10 (VC0) rcv: 0x38
[4137000 ns] Node 10 (VC0) rcv: 0x39
[4151000 ns] Node 10 (VC0) rcv: 0x3a
[4165000 ns] Node 10 (VC0) rcv: 0x3b
[4179000 ns] Node 10 (VC0) rcv: 0x3c
[4193000 ns] Node 10 (VC0) rcv: 0x3d
[4207000 ns] Node 10 (VC0) rcv: 0x3e
[4221000 ns] Node 10 (VC0) rcv: 0x3f
[4235000 ns] Node 10 (VC0) rcv: 0x40
[4249000 ns] Node 10 (VC0) rcv: 0x41
[4263000 ns] Node 10 (VC0) rcv: 0x42
[SB-PASS] t=4277000 Node10 (VC0) src=0x3 pkt_id=5 len=20 matches prediction
[4277000 ns] Node 10 (VC0) rcv: 0x43
[4291000 ns] Node 10 (VC0) rcv: 0x20
[4305000 ns] Node 10 (VC0) rcv: 0x21
[4319000 ns] Node 10 (VC0) rcv: 0x22
[4333000 ns] Node 10 (VC0) rcv: 0x23
[4347000 ns] Node 10 (VC0) rcv: 0x24
[4361000 ns] Node 10 (VC0) rcv: 0x25
[4375000 ns] Node 10 (VC0) rcv: 0x26
[4389000 ns] Node 10 (VC0) rcv: 0x27
[4403000 ns] Node 10 (VC0) rcv: 0x28
[4417000 ns] Node 10 (VC0) rcv: 0x29
[4431000 ns] Node 10 (VC0) rcv: 0x2a
[4445000 ns] Node 10 (VC0) rcv: 0x2b
[4459000 ns] Node 10 (VC0) rcv: 0x2c
[4473000 ns] Node 10 (VC0) rcv: 0x2d
[4487000 ns] Node 10 (VC0) rcv: 0x2e
[4501000 ns] Node 10 (VC0) rcv: 0x2f
[4515000 ns] Node 10 (VC0) rcv: 0x30
[4529000 ns] Node 10 (VC0) rcv: 0x31
[4543000 ns] Node 10 (VC0) rcv: 0x32
[SB-PASS] t=4557000 Node10 (VC0) src=0x2 pkt_id=5 len=20 matches prediction
[4557000 ns] Node 10 (VC0) rcv: 0x33
[TB] --- Test 4 Finished ---


=================================================
 PERFORMANCE REPORT: Multi-Port Contention (Fairness Test)
=================================================
 [Node00 TX] Flits: 20 | Stalls: 0 (0.0%)
 [Node00 RX] Flits: 0 | Stalls: 0 (0.0%)
 [Node10 TX] Flits: 0 | Stalls: 0 (0.0%)
 [Node10 RX] Flits: 60 | Stalls: 0 (0.0%)
 [Node01 TX] Flits: 20 | Stalls: 0 (0.0%)
 [Node01 RX] Flits: 0 | Stalls: 0 (0.0%)
 [Node11 TX] Flits: 20 | Stalls: 0 (0.0%)
 [Node11 RX] Flits: 0 | Stalls: 0 (0.0%)
=================================================


=================================================
 SCOREBOARD REPORT (All Nodes, transaction-level)
=================================================
 [Node00] Matched: 8 | Mismatched: 0 | Pending: 0
 [Node10] Matched: 9 | Mismatched: 0 | Pending: 0
 [Node01] Matched: 2 | Mismatched: 0 | Pending: 0
 [Node11] Matched: 4 | Mismatched: 0 | Pending: 0
-------------------------------------------------
 TOTAL: Matched=23 Mismatched=0 Pending=0
=================================================


[TB] --- Start GALS Test 5: Starvation Override Proof (VC1 Flood vs VC0) ---
[SB-PRED] t=4967000 src=0x0 -> Node10 (VC0) pkt_id=7 len=50
[SB-PRED] t=4987000 src=0x2 -> Node10 (VC1) pkt_id=6 len=15
[5131000 ns] Node 10 (VC0) rcv: 0x00
[5145000 ns] Node 10 (VC0) rcv: 0x01
[5159000 ns] Node 10 (VC0) rcv: 0x02
[5173000 ns] Node 10 (VC1) rcv: 0x20
[SB-PRED] t=5178000 src=0x2 -> Node10 (VC1) pkt_id=7 len=15
[5187000 ns] Node 10 (VC1) rcv: 0x21
[5201000 ns] Node 10 (VC1) rcv: 0x22
[5215000 ns] Node 10 (VC1) rcv: 0x23
[5229000 ns] Node 10 (VC1) rcv: 0x24
[5243000 ns] Node 10 (VC1) rcv: 0x25
[5257000 ns] Node 10 (VC1) rcv: 0x26
[5271000 ns] Node 10 (VC1) rcv: 0x27
[5285000 ns] Node 10 (VC1) rcv: 0x28
[5299000 ns] Node 10 (VC1) rcv: 0x29
[5313000 ns] Node 10 (VC1) rcv: 0x2a
[5327000 ns] Node 10 (VC1) rcv: 0x2b
[5341000 ns] Node 10 (VC1) rcv: 0x2c
[5355000 ns] Node 10 (VC1) rcv: 0x2d
[SB-PASS] t=5369000 Node10 (VC1) src=0x2 pkt_id=6 len=15 matches prediction
[5369000 ns] Node 10 (VC1) rcv: 0x2e
[SB-PRED] t=5370000 src=0x2 -> Node10 (VC1) pkt_id=8 len=15
[5383000 ns] Node 10 (VC1) rcv: 0x20
[5397000 ns] Node 10 (VC1) rcv: 0x21
[5411000 ns] Node 10 (VC1) rcv: 0x22
[5425000 ns] Node 10 (VC1) rcv: 0x23
[5439000 ns] Node 10 (VC1) rcv: 0x24
[5453000 ns] Node 10 (VC1) rcv: 0x25
[5467000 ns] Node 10 (VC1) rcv: 0x26
[5481000 ns] Node 10 (VC1) rcv: 0x27
[5495000 ns] Node 10 (VC1) rcv: 0x28
[5509000 ns] Node 10 (VC1) rcv: 0x29
[5523000 ns] Node 10 (VC1) rcv: 0x2a
[5537000 ns] Node 10 (VC1) rcv: 0x2b
[5551000 ns] Node 10 (VC1) rcv: 0x2c
[SB-PRED] t=5562000 src=0x2 -> Node10 (VC1) pkt_id=9 len=15
[5565000 ns] Node 10 (VC1) rcv: 0x2d
[SB-PASS] t=5579000 Node10 (VC1) src=0x2 pkt_id=7 len=15 matches prediction
[5579000 ns] Node 10 (VC1) rcv: 0x2e
[5593000 ns] Node 10 (VC1) rcv: 0x20
[5607000 ns] Node 10 (VC1) rcv: 0x21
[5621000 ns] Node 10 (VC1) rcv: 0x22
[5635000 ns] Node 10 (VC1) rcv: 0x23
[5649000 ns] Node 10 (VC1) rcv: 0x24
[5663000 ns] Node 10 (VC1) rcv: 0x25
[5677000 ns] Node 10 (VC1) rcv: 0x26
[5691000 ns] Node 10 (VC1) rcv: 0x27
[5705000 ns] Node 10 (VC1) rcv: 0x28
[5719000 ns] Node 10 (VC1) rcv: 0x29
[5733000 ns] Node 10 (VC1) rcv: 0x2a
[5747000 ns] Node 10 (VC1) rcv: 0x2b
[SB-PRED] t=5754000 src=0x2 -> Node10 (VC1) pkt_id=10 len=15
[5761000 ns] Node 10 (VC1) rcv: 0x2c
[5775000 ns] Node 10 (VC1) rcv: 0x2d
[SB-PASS] t=5789000 Node10 (VC1) src=0x2 pkt_id=8 len=15 matches prediction
[5789000 ns] Node 10 (VC1) rcv: 0x2e
[5803000 ns] Node 10 (VC1) rcv: 0x20
[5817000 ns] Node 10 (VC1) rcv: 0x21
[5831000 ns] Node 10 (VC1) rcv: 0x22
[5845000 ns] Node 10 (VC1) rcv: 0x23
[5859000 ns] Node 10 (VC1) rcv: 0x24
[5873000 ns] Node 10 (VC1) rcv: 0x25
[5887000 ns] Node 10 (VC1) rcv: 0x26
[5901000 ns] Node 10 (VC1) rcv: 0x27
[5915000 ns] Node 10 (VC1) rcv: 0x28
[5929000 ns] Node 10 (VC1) rcv: 0x29
[5943000 ns] Node 10 (VC1) rcv: 0x2a
[SB-PRED] t=5946000 src=0x2 -> Node10 (VC1) pkt_id=11 len=15
[5957000 ns] Node 10 (VC1) rcv: 0x2b
[5971000 ns] Node 10 (VC1) rcv: 0x2c
[5985000 ns] Node 10 (VC1) rcv: 0x2d
[SB-PASS] t=5999000 Node10 (VC1) src=0x2 pkt_id=9 len=15 matches prediction
[5999000 ns] Node 10 (VC1) rcv: 0x2e
[6013000 ns] Node 10 (VC1) rcv: 0x20
[6027000 ns] Node 10 (VC1) rcv: 0x21
[6041000 ns] Node 10 (VC1) rcv: 0x22
[6055000 ns] Node 10 (VC1) rcv: 0x23
[6069000 ns] Node 10 (VC1) rcv: 0x24
[6083000 ns] Node 10 (VC0) rcv: 0x03
[6097000 ns] Node 10 (VC0) rcv: 0x04
[6111000 ns] Node 10 (VC0) rcv: 0x05
[6125000 ns] Node 10 (VC0) rcv: 0x06
[SB-PRED] t=6138000 src=0x2 -> Node10 (VC1) pkt_id=12 len=15
[6139000 ns] Node 10 (VC0) rcv: 0x07
[6153000 ns] Node 10 (VC0) rcv: 0x08
[6167000 ns] Node 10 (VC0) rcv: 0x09
[6181000 ns] Node 10 (VC0) rcv: 0x0a
[6195000 ns] Node 10 (VC0) rcv: 0x0b
[6209000 ns] Node 10 (VC0) rcv: 0x0c
[6223000 ns] Node 10 (VC0) rcv: 0x0d
[6237000 ns] Node 10 (VC0) rcv: 0x0e
[6251000 ns] Node 10 (VC0) rcv: 0x0f
[6265000 ns] Node 10 (VC0) rcv: 0x10
[6279000 ns] Node 10 (VC0) rcv: 0x11
[6293000 ns] Node 10 (VC0) rcv: 0x12
[6307000 ns] Node 10 (VC0) rcv: 0x13
[6321000 ns] Node 10 (VC0) rcv: 0x14
[SB-PRED] t=6330000 src=0x2 -> Node10 (VC1) pkt_id=13 len=15
[6335000 ns] Node 10 (VC0) rcv: 0x15
[6349000 ns] Node 10 (VC0) rcv: 0x16
[6363000 ns] Node 10 (VC0) rcv: 0x17
[6377000 ns] Node 10 (VC0) rcv: 0x18
[6391000 ns] Node 10 (VC0) rcv: 0x19
[6405000 ns] Node 10 (VC0) rcv: 0x1a
[6419000 ns] Node 10 (VC0) rcv: 0x1b
[6433000 ns] Node 10 (VC0) rcv: 0x1c
[6447000 ns] Node 10 (VC0) rcv: 0x1d
[6461000 ns] Node 10 (VC0) rcv: 0x1e
[6475000 ns] Node 10 (VC0) rcv: 0x1f
[6489000 ns] Node 10 (VC0) rcv: 0x20
[6503000 ns] Node 10 (VC1) rcv: 0x25
[6517000 ns] Node 10 (VC0) rcv: 0x21
[SB-PRED] t=6522000 src=0x2 -> Node10 (VC1) pkt_id=14 len=15
[6531000 ns] Node 10 (VC0) rcv: 0x22
[6545000 ns] Node 10 (VC0) rcv: 0x23
[6559000 ns] Node 10 (VC0) rcv: 0x24
[6573000 ns] Node 10 (VC0) rcv: 0x25
[6587000 ns] Node 10 (VC1) rcv: 0x26
[6601000 ns] Node 10 (VC1) rcv: 0x27
[6615000 ns] Node 10 (VC1) rcv: 0x28
[6629000 ns] Node 10 (VC1) rcv: 0x29
[6643000 ns] Node 10 (VC1) rcv: 0x2a
[6657000 ns] Node 10 (VC1) rcv: 0x2b
[6671000 ns] Node 10 (VC1) rcv: 0x2c
[6685000 ns] Node 10 (VC1) rcv: 0x2d
[SB-PASS] t=6699000 Node10 (VC1) src=0x2 pkt_id=10 len=15 matches prediction
[6699000 ns] Node 10 (VC1) rcv: 0x2e
[6713000 ns] Node 10 (VC1) rcv: 0x20
[SB-PRED] t=6714000 src=0x2 -> Node10 (VC1) pkt_id=15 len=15
[6727000 ns] Node 10 (VC1) rcv: 0x21
[6741000 ns] Node 10 (VC1) rcv: 0x22
[6755000 ns] Node 10 (VC1) rcv: 0x23
[6769000 ns] Node 10 (VC1) rcv: 0x24
[6783000 ns] Node 10 (VC1) rcv: 0x25
[6797000 ns] Node 10 (VC1) rcv: 0x26
[6811000 ns] Node 10 (VC1) rcv: 0x27
[6825000 ns] Node 10 (VC1) rcv: 0x28
[6839000 ns] Node 10 (VC1) rcv: 0x29
[6853000 ns] Node 10 (VC1) rcv: 0x2a
[6867000 ns] Node 10 (VC1) rcv: 0x2b
[6881000 ns] Node 10 (VC1) rcv: 0x2c
[6895000 ns] Node 10 (VC1) rcv: 0x2d
[SB-PASS] t=6909000 Node10 (VC1) src=0x2 pkt_id=11 len=15 matches prediction
[6909000 ns] Node 10 (VC1) rcv: 0x2e
[6923000 ns] Node 10 (VC1) rcv: 0x20
[6937000 ns] Node 10 (VC1) rcv: 0x21
[6951000 ns] Node 10 (VC1) rcv: 0x22
[6965000 ns] Node 10 (VC1) rcv: 0x23
[6979000 ns] Node 10 (VC1) rcv: 0x24
[6993000 ns] Node 10 (VC1) rcv: 0x25
[7007000 ns] Node 10 (VC1) rcv: 0x26
[7021000 ns] Node 10 (VC1) rcv: 0x27
[7035000 ns] Node 10 (VC1) rcv: 0x28
[7049000 ns] Node 10 (VC1) rcv: 0x29
[7063000 ns] Node 10 (VC1) rcv: 0x2a
[7077000 ns] Node 10 (VC1) rcv: 0x2b
[7091000 ns] Node 10 (VC1) rcv: 0x2c
[7105000 ns] Node 10 (VC1) rcv: 0x2d
[SB-PASS] t=7119000 Node10 (VC1) src=0x2 pkt_id=12 len=15 matches prediction
[7119000 ns] Node 10 (VC1) rcv: 0x2e
[7133000 ns] Node 10 (VC1) rcv: 0x20
[7147000 ns] Node 10 (VC1) rcv: 0x21
[7161000 ns] Node 10 (VC1) rcv: 0x22
[7175000 ns] Node 10 (VC1) rcv: 0x23
[7189000 ns] Node 10 (VC1) rcv: 0x24
[7203000 ns] Node 10 (VC1) rcv: 0x25
[7217000 ns] Node 10 (VC1) rcv: 0x26
[7231000 ns] Node 10 (VC1) rcv: 0x27
[7245000 ns] Node 10 (VC1) rcv: 0x28
[7259000 ns] Node 10 (VC1) rcv: 0x29
[7273000 ns] Node 10 (VC1) rcv: 0x2a
[7287000 ns] Node 10 (VC1) rcv: 0x2b
[7301000 ns] Node 10 (VC1) rcv: 0x2c
[7315000 ns] Node 10 (VC1) rcv: 0x2d
[SB-PASS] t=7329000 Node10 (VC1) src=0x2 pkt_id=13 len=15 matches prediction
[7329000 ns] Node 10 (VC1) rcv: 0x2e
[7343000 ns] Node 10 (VC1) rcv: 0x20
[7357000 ns] Node 10 (VC1) rcv: 0x21
[7371000 ns] Node 10 (VC1) rcv: 0x22
[7385000 ns] Node 10 (VC1) rcv: 0x23
[7399000 ns] Node 10 (VC1) rcv: 0x24
[7413000 ns] Node 10 (VC1) rcv: 0x25
[7427000 ns] Node 10 (VC1) rcv: 0x26
[7441000 ns] Node 10 (VC1) rcv: 0x27
[7455000 ns] Node 10 (VC1) rcv: 0x28
[7469000 ns] Node 10 (VC1) rcv: 0x29
[7483000 ns] Node 10 (VC1) rcv: 0x2a
[7497000 ns] Node 10 (VC1) rcv: 0x2b
[7511000 ns] Node 10 (VC1) rcv: 0x2c
[7525000 ns] Node 10 (VC1) rcv: 0x2d
[SB-PASS] t=7539000 Node10 (VC1) src=0x2 pkt_id=14 len=15 matches prediction
[7539000 ns] Node 10 (VC1) rcv: 0x2e
[7553000 ns] Node 10 (VC1) rcv: 0x20
[7567000 ns] Node 10 (VC1) rcv: 0x21
[7581000 ns] Node 10 (VC1) rcv: 0x22
[7595000 ns] Node 10 (VC1) rcv: 0x23
[7609000 ns] Node 10 (VC1) rcv: 0x24
[7623000 ns] Node 10 (VC1) rcv: 0x25
[7637000 ns] Node 10 (VC1) rcv: 0x26
[7651000 ns] Node 10 (VC1) rcv: 0x27
[7665000 ns] Node 10 (VC1) rcv: 0x28
[7679000 ns] Node 10 (VC1) rcv: 0x29
[7693000 ns] Node 10 (VC1) rcv: 0x2a
[7707000 ns] Node 10 (VC1) rcv: 0x2b
[7721000 ns] Node 10 (VC1) rcv: 0x2c
[7735000 ns] Node 10 (VC1) rcv: 0x2d
[SB-PASS] t=7749000 Node10 (VC1) src=0x2 pkt_id=15 len=15 matches prediction
[7749000 ns] Node 10 (VC1) rcv: 0x2e
[7763000 ns] Node 10 (VC0) rcv: 0x26
[7777000 ns] Node 10 (VC0) rcv: 0x27
[7791000 ns] Node 10 (VC0) rcv: 0x28
[7805000 ns] Node 10 (VC0) rcv: 0x29
[7819000 ns] Node 10 (VC0) rcv: 0x2a
[7833000 ns] Node 10 (VC0) rcv: 0x2b
[7847000 ns] Node 10 (VC0) rcv: 0x2c
[7861000 ns] Node 10 (VC0) rcv: 0x2d
[7875000 ns] Node 10 (VC0) rcv: 0x2e
[7889000 ns] Node 10 (VC0) rcv: 0x2f
[7903000 ns] Node 10 (VC0) rcv: 0x30
[SB-PASS] t=7917000 Node10 (VC0) src=0x0 pkt_id=7 len=50 matches prediction
[7917000 ns] Node 10 (VC0) rcv: 0x31
[TB] --- Test 5 Finished ---


=================================================
 PERFORMANCE REPORT: Starvation Override Proof
=================================================
 [Node00 TX] Flits: 50 | Stalls: 0 (0.0%)
 [Node00 RX] Flits: 0 | Stalls: 0 (0.0%)
 [Node10 TX] Flits: 0 | Stalls: 0 (0.0%)
 [Node10 RX] Flits: 200 | Stalls: 0 (0.0%)
 [Node01 TX] Flits: 150 | Stalls: 0 (0.0%)
 [Node01 RX] Flits: 0 | Stalls: 0 (0.0%)
 [Node11 TX] Flits: 0 | Stalls: 0 (0.0%)
 [Node11 RX] Flits: 0 | Stalls: 0 (0.0%)
=================================================


=================================================
 SCOREBOARD REPORT (All Nodes, transaction-level)
=================================================
 [Node00] Matched: 8 | Mismatched: 0 | Pending: 0
 [Node10] Matched: 20 | Mismatched: 0 | Pending: 0
 [Node01] Matched: 2 | Mismatched: 0 | Pending: 0
 [Node11] Matched: 4 | Mismatched: 0 | Pending: 0
-------------------------------------------------
 TOTAL: Matched=34 Mismatched=0 Pending=0
=================================================


[TB] --- Start GALS Test 6: Sustained Hot-Spot Contention ---
[TB]     VC mode: VC0 only (แยก packet_arbiter ออกมาตัวเดียว)
[SB-PRED] t=8516000 src=0x1 -> Node00 (VC0) pkt_id=4 len=20
[SB-PRED] t=8516000 src=0x2 -> Node00 (VC0) pkt_id=0 len=20
[SB-PRED] t=8516000 src=0x3 -> Node00 (VC0) pkt_id=6 len=20
[8665000 ns] Node 00 (VC0) rcv: 0x20
[8675000 ns] Node 00 (VC0) rcv: 0x21
[8685000 ns] Node 00 (VC0) rcv: 0x22
[8705000 ns] Node 00 (VC0) rcv: 0x23
[8715000 ns] Node 00 (VC0) rcv: 0x24
[8725000 ns] Node 00 (VC0) rcv: 0x25
[8735000 ns] Node 00 (VC0) rcv: 0x26
[8755000 ns] Node 00 (VC0) rcv: 0x27
[8765000 ns] Node 00 (VC0) rcv: 0x28
[SB-PRED] t=8766000 src=0x2 -> Node00 (VC0) pkt_id=1 len=20
[8775000 ns] Node 00 (VC0) rcv: 0x29
[8785000 ns] Node 00 (VC0) rcv: 0x2a
[SB-PRED] t=8799000 src=0x3 -> Node00 (VC0) pkt_id=7 len=20
[SB-PRED] t=8799000 src=0x1 -> Node00 (VC0) pkt_id=5 len=20
[8805000 ns] Node 00 (VC0) rcv: 0x2b
[8815000 ns] Node 00 (VC0) rcv: 0x2c
[8825000 ns] Node 00 (VC0) rcv: 0x2d
[8835000 ns] Node 00 (VC0) rcv: 0x2e
[8855000 ns] Node 00 (VC0) rcv: 0x2f
[8865000 ns] Node 00 (VC0) rcv: 0x30
[8875000 ns] Node 00 (VC0) rcv: 0x31
[8885000 ns] Node 00 (VC0) rcv: 0x32
[SB-PASS] t=8905000 Node00 (VC0) src=0x2 pkt_id=0 len=20 matches prediction
[8905000 ns] Node 00 (VC0) rcv: 0x33
[8915000 ns] Node 00 (VC0) rcv: 0x10
[8925000 ns] Node 00 (VC0) rcv: 0x11
[8935000 ns] Node 00 (VC0) rcv: 0x12
[8955000 ns] Node 00 (VC0) rcv: 0x13
[8965000 ns] Node 00 (VC0) rcv: 0x14
[8975000 ns] Node 00 (VC0) rcv: 0x15
[8985000 ns] Node 00 (VC0) rcv: 0x16
[9005000 ns] Node 00 (VC0) rcv: 0x17
[9015000 ns] Node 00 (VC0) rcv: 0x18
[SB-PRED] t=9018000 src=0x2 -> Node00 (VC0) pkt_id=2 len=20
[9025000 ns] Node 00 (VC0) rcv: 0x19
[9035000 ns] Node 00 (VC0) rcv: 0x1a
[9055000 ns] Node 00 (VC0) rcv: 0x1b
[9065000 ns] Node 00 (VC0) rcv: 0x1c
[9075000 ns] Node 00 (VC0) rcv: 0x1d
[9085000 ns] Node 00 (VC0) rcv: 0x1e
[SB-PRED] t=9093000 src=0x3 -> Node00 (VC0) pkt_id=8 len=20
[SB-PRED] t=9093000 src=0x1 -> Node00 (VC0) pkt_id=6 len=20
[9105000 ns] Node 00 (VC0) rcv: 0x1f
[9115000 ns] Node 00 (VC0) rcv: 0x20
[9125000 ns] Node 00 (VC0) rcv: 0x21
[9135000 ns] Node 00 (VC0) rcv: 0x22
[SB-PASS] t=9155000 Node00 (VC0) src=0x1 pkt_id=4 len=20 matches prediction
[9155000 ns] Node 00 (VC0) rcv: 0x23
[9165000 ns] Node 00 (VC0) rcv: 0x30
[9175000 ns] Node 00 (VC0) rcv: 0x31
[9185000 ns] Node 00 (VC0) rcv: 0x32
[9205000 ns] Node 00 (VC0) rcv: 0x33
[9215000 ns] Node 00 (VC0) rcv: 0x34
[9225000 ns] Node 00 (VC0) rcv: 0x35
[9235000 ns] Node 00 (VC0) rcv: 0x36
[9255000 ns] Node 00 (VC0) rcv: 0x37
[9265000 ns] Node 00 (VC0) rcv: 0x38
[9275000 ns] Node 00 (VC0) rcv: 0x39
[SB-PRED] t=9282000 src=0x2 -> Node00 (VC0) pkt_id=3 len=20
[9285000 ns] Node 00 (VC0) rcv: 0x3a
[9305000 ns] Node 00 (VC0) rcv: 0x3b
[9315000 ns] Node 00 (VC0) rcv: 0x3c
[9325000 ns] Node 00 (VC0) rcv: 0x3d
[9335000 ns] Node 00 (VC0) rcv: 0x3e
[9355000 ns] Node 00 (VC0) rcv: 0x3f
[9365000 ns] Node 00 (VC0) rcv: 0x40
[9375000 ns] Node 00 (VC0) rcv: 0x41
[9385000 ns] Node 00 (VC0) rcv: 0x42
[SB-PRED] t=9387000 src=0x3 -> Node00 (VC0) pkt_id=9 len=20
[SB-PRED] t=9387000 src=0x1 -> Node00 (VC0) pkt_id=7 len=20
[SB-PASS] t=9405000 Node00 (VC0) src=0x3 pkt_id=6 len=20 matches prediction
[9405000 ns] Node 00 (VC0) rcv: 0x43
[9415000 ns] Node 00 (VC0) rcv: 0x10
[9425000 ns] Node 00 (VC0) rcv: 0x11
[9435000 ns] Node 00 (VC0) rcv: 0x12
[9455000 ns] Node 00 (VC0) rcv: 0x13
[9465000 ns] Node 00 (VC0) rcv: 0x14
[9475000 ns] Node 00 (VC0) rcv: 0x15
[9485000 ns] Node 00 (VC0) rcv: 0x16
[9505000 ns] Node 00 (VC0) rcv: 0x17
[9515000 ns] Node 00 (VC0) rcv: 0x18
[9525000 ns] Node 00 (VC0) rcv: 0x19
[9535000 ns] Node 00 (VC0) rcv: 0x1a
[9555000 ns] Node 00 (VC0) rcv: 0x1b
[9565000 ns] Node 00 (VC0) rcv: 0x1c
[9575000 ns] Node 00 (VC0) rcv: 0x1d
[9585000 ns] Node 00 (VC0) rcv: 0x1e
[9605000 ns] Node 00 (VC0) rcv: 0x1f
[9615000 ns] Node 00 (VC0) rcv: 0x20
[9625000 ns] Node 00 (VC0) rcv: 0x21
[9635000 ns] Node 00 (VC0) rcv: 0x22
[SB-PASS] t=9655000 Node00 (VC0) src=0x1 pkt_id=5 len=20 matches prediction
[9655000 ns] Node 00 (VC0) rcv: 0x23
[9665000 ns] Node 00 (VC0) rcv: 0x20
[9675000 ns] Node 00 (VC0) rcv: 0x21
[SB-PRED] t=9681000 src=0x1 -> Node00 (VC0) pkt_id=8 len=20
[9685000 ns] Node 00 (VC0) rcv: 0x22
[9705000 ns] Node 00 (VC0) rcv: 0x23
[9715000 ns] Node 00 (VC0) rcv: 0x24
[9725000 ns] Node 00 (VC0) rcv: 0x25
[9735000 ns] Node 00 (VC0) rcv: 0x26
[9755000 ns] Node 00 (VC0) rcv: 0x27
[9765000 ns] Node 00 (VC0) rcv: 0x28
[9775000 ns] Node 00 (VC0) rcv: 0x29
[9785000 ns] Node 00 (VC0) rcv: 0x2a
[9805000 ns] Node 00 (VC0) rcv: 0x2b
[9815000 ns] Node 00 (VC0) rcv: 0x2c
[9825000 ns] Node 00 (VC0) rcv: 0x2d
[9835000 ns] Node 00 (VC0) rcv: 0x2e
[9855000 ns] Node 00 (VC0) rcv: 0x2f
[SB-PRED] t=9863000 src=0x3 -> Node00 (VC0) pkt_id=10 len=20
[9865000 ns] Node 00 (VC0) rcv: 0x30
[9875000 ns] Node 00 (VC0) rcv: 0x31
[9885000 ns] Node 00 (VC0) rcv: 0x32
[SB-PASS] t=9905000 Node00 (VC0) src=0x2 pkt_id=1 len=20 matches prediction
[9905000 ns] Node 00 (VC0) rcv: 0x33
[9915000 ns] Node 00 (VC0) rcv: 0x10
[9925000 ns] Node 00 (VC0) rcv: 0x11
[9935000 ns] Node 00 (VC0) rcv: 0x12
[9955000 ns] Node 00 (VC0) rcv: 0x13
[9965000 ns] Node 00 (VC0) rcv: 0x14
[9975000 ns] Node 00 (VC0) rcv: 0x15
[9985000 ns] Node 00 (VC0) rcv: 0x16
[10005000 ns] Node 00 (VC0) rcv: 0x17
[10015000 ns] Node 00 (VC0) rcv: 0x18
[10025000 ns] Node 00 (VC0) rcv: 0x19
[10035000 ns] Node 00 (VC0) rcv: 0x1a
[10055000 ns] Node 00 (VC0) rcv: 0x1b
[SB-PRED] t=10059000 src=0x1 -> Node00 (VC0) pkt_id=9 len=20
[10065000 ns] Node 00 (VC0) rcv: 0x1c
[10075000 ns] Node 00 (VC0) rcv: 0x1d
[10085000 ns] Node 00 (VC0) rcv: 0x1e
[10105000 ns] Node 00 (VC0) rcv: 0x1f
[10115000 ns] Node 00 (VC0) rcv: 0x20
[10125000 ns] Node 00 (VC0) rcv: 0x21
[10135000 ns] Node 00 (VC0) rcv: 0x22
[SB-PASS] t=10155000 Node00 (VC0) src=0x1 pkt_id=6 len=20 matches prediction
[10155000 ns] Node 00 (VC0) rcv: 0x23
[10165000 ns] Node 00 (VC0) rcv: 0x30
[10175000 ns] Node 00 (VC0) rcv: 0x31
[10185000 ns] Node 00 (VC0) rcv: 0x32
[10205000 ns] Node 00 (VC0) rcv: 0x33
[10215000 ns] Node 00 (VC0) rcv: 0x34
[10225000 ns] Node 00 (VC0) rcv: 0x35
[10235000 ns] Node 00 (VC0) rcv: 0x36
[10255000 ns] Node 00 (VC0) rcv: 0x37
[10265000 ns] Node 00 (VC0) rcv: 0x38
[10275000 ns] Node 00 (VC0) rcv: 0x39
[10285000 ns] Node 00 (VC0) rcv: 0x3a
[SB-PRED] t=10290000 src=0x2 -> Node00 (VC0) pkt_id=4 len=20
[10305000 ns] Node 00 (VC0) rcv: 0x3b
[10315000 ns] Node 00 (VC0) rcv: 0x3c
[10325000 ns] Node 00 (VC0) rcv: 0x3d
[10335000 ns] Node 00 (VC0) rcv: 0x3e
[10355000 ns] Node 00 (VC0) rcv: 0x3f
[10365000 ns] Node 00 (VC0) rcv: 0x40
[10375000 ns] Node 00 (VC0) rcv: 0x41
[10385000 ns] Node 00 (VC0) rcv: 0x42
[SB-PASS] t=10405000 Node00 (VC0) src=0x3 pkt_id=7 len=20 matches prediction
[10405000 ns] Node 00 (VC0) rcv: 0x43
[10415000 ns] Node 00 (VC0) rcv: 0x10
[10425000 ns] Node 00 (VC0) rcv: 0x11
[10435000 ns] Node 00 (VC0) rcv: 0x12
[10455000 ns] Node 00 (VC0) rcv: 0x13
[10465000 ns] Node 00 (VC0) rcv: 0x14
[10475000 ns] Node 00 (VC0) rcv: 0x15
[10485000 ns] Node 00 (VC0) rcv: 0x16
[10505000 ns] Node 00 (VC0) rcv: 0x17
[10515000 ns] Node 00 (VC0) rcv: 0x18
[10525000 ns] Node 00 (VC0) rcv: 0x19
[10535000 ns] Node 00 (VC0) rcv: 0x1a
[SB-PRED] t=10549000 src=0x1 -> Node00 (VC0) pkt_id=10 len=20
[10555000 ns] Node 00 (VC0) rcv: 0x1b
[10565000 ns] Node 00 (VC0) rcv: 0x1c
[10575000 ns] Node 00 (VC0) rcv: 0x1d
[10585000 ns] Node 00 (VC0) rcv: 0x1e
[10605000 ns] Node 00 (VC0) rcv: 0x1f
[10615000 ns] Node 00 (VC0) rcv: 0x20
[10625000 ns] Node 00 (VC0) rcv: 0x21
[10635000 ns] Node 00 (VC0) rcv: 0x22
[SB-PASS] t=10655000 Node00 (VC0) src=0x1 pkt_id=7 len=20 matches prediction
[10655000 ns] Node 00 (VC0) rcv: 0x23
[10665000 ns] Node 00 (VC0) rcv: 0x20
[10675000 ns] Node 00 (VC0) rcv: 0x21
[10685000 ns] Node 00 (VC0) rcv: 0x22
[10705000 ns] Node 00 (VC0) rcv: 0x23
[10715000 ns] Node 00 (VC0) rcv: 0x24
[10725000 ns] Node 00 (VC0) rcv: 0x25
[10735000 ns] Node 00 (VC0) rcv: 0x26
[10755000 ns] Node 00 (VC0) rcv: 0x27
[10765000 ns] Node 00 (VC0) rcv: 0x28
[10775000 ns] Node 00 (VC0) rcv: 0x29
[10785000 ns] Node 00 (VC0) rcv: 0x2a
[10805000 ns] Node 00 (VC0) rcv: 0x2b
[10815000 ns] Node 00 (VC0) rcv: 0x2c
[10825000 ns] Node 00 (VC0) rcv: 0x2d
[10835000 ns] Node 00 (VC0) rcv: 0x2e
[10855000 ns] Node 00 (VC0) rcv: 0x2f
[10865000 ns] Node 00 (VC0) rcv: 0x30
[SB-PRED] t=10871000 src=0x3 -> Node00 (VC0) pkt_id=11 len=20
[10875000 ns] Node 00 (VC0) rcv: 0x31
[10885000 ns] Node 00 (VC0) rcv: 0x32
[SB-PASS] t=10905000 Node00 (VC0) src=0x2 pkt_id=2 len=20 matches prediction
[10905000 ns] Node 00 (VC0) rcv: 0x33
[10915000 ns] Node 00 (VC0) rcv: 0x10
[10925000 ns] Node 00 (VC0) rcv: 0x11
[10935000 ns] Node 00 (VC0) rcv: 0x12
[10955000 ns] Node 00 (VC0) rcv: 0x13
[10965000 ns] Node 00 (VC0) rcv: 0x14
[10975000 ns] Node 00 (VC0) rcv: 0x15
[10985000 ns] Node 00 (VC0) rcv: 0x16
[11005000 ns] Node 00 (VC0) rcv: 0x17
[11015000 ns] Node 00 (VC0) rcv: 0x18
[11025000 ns] Node 00 (VC0) rcv: 0x19
[11035000 ns] Node 00 (VC0) rcv: 0x1a
[SB-PRED] t=11053000 src=0x1 -> Node00 (VC0) pkt_id=11 len=20
[11055000 ns] Node 00 (VC0) rcv: 0x1b
[11065000 ns] Node 00 (VC0) rcv: 0x1c
[11075000 ns] Node 00 (VC0) rcv: 0x1d
[11085000 ns] Node 00 (VC0) rcv: 0x1e
[11105000 ns] Node 00 (VC0) rcv: 0x1f
[11115000 ns] Node 00 (VC0) rcv: 0x20
[11125000 ns] Node 00 (VC0) rcv: 0x21
[11135000 ns] Node 00 (VC0) rcv: 0x22
[SB-PASS] t=11155000 Node00 (VC0) src=0x1 pkt_id=8 len=20 matches prediction
[11155000 ns] Node 00 (VC0) rcv: 0x23
[11165000 ns] Node 00 (VC0) rcv: 0x30
[11175000 ns] Node 00 (VC0) rcv: 0x31
[11185000 ns] Node 00 (VC0) rcv: 0x32
[11205000 ns] Node 00 (VC0) rcv: 0x33
[11215000 ns] Node 00 (VC0) rcv: 0x34
[11225000 ns] Node 00 (VC0) rcv: 0x35
[11235000 ns] Node 00 (VC0) rcv: 0x36
[11255000 ns] Node 00 (VC0) rcv: 0x37
[11265000 ns] Node 00 (VC0) rcv: 0x38
[11275000 ns] Node 00 (VC0) rcv: 0x39
[11285000 ns] Node 00 (VC0) rcv: 0x3a
[SB-PRED] t=11286000 src=0x2 -> Node00 (VC0) pkt_id=5 len=20
[11305000 ns] Node 00 (VC0) rcv: 0x3b
[11315000 ns] Node 00 (VC0) rcv: 0x3c
[11325000 ns] Node 00 (VC0) rcv: 0x3d
[11335000 ns] Node 00 (VC0) rcv: 0x3e
[11355000 ns] Node 00 (VC0) rcv: 0x3f
[11365000 ns] Node 00 (VC0) rcv: 0x40
[11375000 ns] Node 00 (VC0) rcv: 0x41
[11385000 ns] Node 00 (VC0) rcv: 0x42
[SB-PASS] t=11405000 Node00 (VC0) src=0x3 pkt_id=8 len=20 matches prediction
[11405000 ns] Node 00 (VC0) rcv: 0x43
[11415000 ns] Node 00 (VC0) rcv: 0x10
[11425000 ns] Node 00 (VC0) rcv: 0x11
[11435000 ns] Node 00 (VC0) rcv: 0x12
[11455000 ns] Node 00 (VC0) rcv: 0x13
[11465000 ns] Node 00 (VC0) rcv: 0x14
[11475000 ns] Node 00 (VC0) rcv: 0x15
[11485000 ns] Node 00 (VC0) rcv: 0x16
[11505000 ns] Node 00 (VC0) rcv: 0x17
[11515000 ns] Node 00 (VC0) rcv: 0x18
[11525000 ns] Node 00 (VC0) rcv: 0x19
[11535000 ns] Node 00 (VC0) rcv: 0x1a
[11555000 ns] Node 00 (VC0) rcv: 0x1b
[SB-PRED] t=11557000 src=0x1 -> Node00 (VC0) pkt_id=12 len=20
[11565000 ns] Node 00 (VC0) rcv: 0x1c
[11575000 ns] Node 00 (VC0) rcv: 0x1d
[11585000 ns] Node 00 (VC0) rcv: 0x1e
[11605000 ns] Node 00 (VC0) rcv: 0x1f
[11615000 ns] Node 00 (VC0) rcv: 0x20
[11625000 ns] Node 00 (VC0) rcv: 0x21
[11635000 ns] Node 00 (VC0) rcv: 0x22
[SB-PASS] t=11655000 Node00 (VC0) src=0x1 pkt_id=9 len=20 matches prediction
[11655000 ns] Node 00 (VC0) rcv: 0x23
[11665000 ns] Node 00 (VC0) rcv: 0x20
[11675000 ns] Node 00 (VC0) rcv: 0x21
[11685000 ns] Node 00 (VC0) rcv: 0x22
[11705000 ns] Node 00 (VC0) rcv: 0x23
[11715000 ns] Node 00 (VC0) rcv: 0x24
[11725000 ns] Node 00 (VC0) rcv: 0x25
[11735000 ns] Node 00 (VC0) rcv: 0x26
[11755000 ns] Node 00 (VC0) rcv: 0x27
[11765000 ns] Node 00 (VC0) rcv: 0x28
[11775000 ns] Node 00 (VC0) rcv: 0x29
[11785000 ns] Node 00 (VC0) rcv: 0x2a
[11805000 ns] Node 00 (VC0) rcv: 0x2b
[11815000 ns] Node 00 (VC0) rcv: 0x2c
[11825000 ns] Node 00 (VC0) rcv: 0x2d
[11835000 ns] Node 00 (VC0) rcv: 0x2e
[11855000 ns] Node 00 (VC0) rcv: 0x2f
[11865000 ns] Node 00 (VC0) rcv: 0x30
[SB-PRED] t=11865000 src=0x3 -> Node00 (VC0) pkt_id=12 len=20
[11875000 ns] Node 00 (VC0) rcv: 0x31
[11885000 ns] Node 00 (VC0) rcv: 0x32
[SB-PASS] t=11905000 Node00 (VC0) src=0x2 pkt_id=3 len=20 matches prediction
[11905000 ns] Node 00 (VC0) rcv: 0x33
[11915000 ns] Node 00 (VC0) rcv: 0x10
[11925000 ns] Node 00 (VC0) rcv: 0x11
[11935000 ns] Node 00 (VC0) rcv: 0x12
[11955000 ns] Node 00 (VC0) rcv: 0x13
[11965000 ns] Node 00 (VC0) rcv: 0x14
[11975000 ns] Node 00 (VC0) rcv: 0x15
[11985000 ns] Node 00 (VC0) rcv: 0x16
[12005000 ns] Node 00 (VC0) rcv: 0x17
[12015000 ns] Node 00 (VC0) rcv: 0x18
[12025000 ns] Node 00 (VC0) rcv: 0x19
[12035000 ns] Node 00 (VC0) rcv: 0x1a
[12055000 ns] Node 00 (VC0) rcv: 0x1b
[SB-PRED] t=12061000 src=0x1 -> Node00 (VC0) pkt_id=13 len=20
[12065000 ns] Node 00 (VC0) rcv: 0x1c
[12075000 ns] Node 00 (VC0) rcv: 0x1d
[12085000 ns] Node 00 (VC0) rcv: 0x1e
[12105000 ns] Node 00 (VC0) rcv: 0x1f
[12115000 ns] Node 00 (VC0) rcv: 0x20
[12125000 ns] Node 00 (VC0) rcv: 0x21
[12135000 ns] Node 00 (VC0) rcv: 0x22
[SB-PASS] t=12155000 Node00 (VC0) src=0x1 pkt_id=10 len=20 matches prediction
[12155000 ns] Node 00 (VC0) rcv: 0x23
[12165000 ns] Node 00 (VC0) rcv: 0x30
[12175000 ns] Node 00 (VC0) rcv: 0x31
[12185000 ns] Node 00 (VC0) rcv: 0x32
[12205000 ns] Node 00 (VC0) rcv: 0x33
[12215000 ns] Node 00 (VC0) rcv: 0x34
[12225000 ns] Node 00 (VC0) rcv: 0x35
[12235000 ns] Node 00 (VC0) rcv: 0x36
[12255000 ns] Node 00 (VC0) rcv: 0x37
[12265000 ns] Node 00 (VC0) rcv: 0x38
[12275000 ns] Node 00 (VC0) rcv: 0x39
[SB-PRED] t=12282000 src=0x2 -> Node00 (VC0) pkt_id=6 len=20
[12285000 ns] Node 00 (VC0) rcv: 0x3a
[12305000 ns] Node 00 (VC0) rcv: 0x3b
[12315000 ns] Node 00 (VC0) rcv: 0x3c
[12325000 ns] Node 00 (VC0) rcv: 0x3d
[12335000 ns] Node 00 (VC0) rcv: 0x3e
[12355000 ns] Node 00 (VC0) rcv: 0x3f
[12365000 ns] Node 00 (VC0) rcv: 0x40
[12375000 ns] Node 00 (VC0) rcv: 0x41
[12385000 ns] Node 00 (VC0) rcv: 0x42
[SB-PASS] t=12405000 Node00 (VC0) src=0x3 pkt_id=9 len=20 matches prediction
[12405000 ns] Node 00 (VC0) rcv: 0x43
[12415000 ns] Node 00 (VC0) rcv: 0x10
[12425000 ns] Node 00 (VC0) rcv: 0x11
[12435000 ns] Node 00 (VC0) rcv: 0x12
[12455000 ns] Node 00 (VC0) rcv: 0x13
[12465000 ns] Node 00 (VC0) rcv: 0x14
[12475000 ns] Node 00 (VC0) rcv: 0x15
[12485000 ns] Node 00 (VC0) rcv: 0x16
[12505000 ns] Node 00 (VC0) rcv: 0x17
[12515000 ns] Node 00 (VC0) rcv: 0x18
[12525000 ns] Node 00 (VC0) rcv: 0x19
[12535000 ns] Node 00 (VC0) rcv: 0x1a
[SB-PRED] t=12551000 src=0x1 -> Node00 (VC0) pkt_id=14 len=20
[12555000 ns] Node 00 (VC0) rcv: 0x1b
[12565000 ns] Node 00 (VC0) rcv: 0x1c
[12575000 ns] Node 00 (VC0) rcv: 0x1d
[12585000 ns] Node 00 (VC0) rcv: 0x1e
[12605000 ns] Node 00 (VC0) rcv: 0x1f
[12615000 ns] Node 00 (VC0) rcv: 0x20
[12625000 ns] Node 00 (VC0) rcv: 0x21
[12635000 ns] Node 00 (VC0) rcv: 0x22
[SB-PASS] t=12655000 Node00 (VC0) src=0x1 pkt_id=11 len=20 matches prediction
[12655000 ns] Node 00 (VC0) rcv: 0x23
[12665000 ns] Node 00 (VC0) rcv: 0x20
[12675000 ns] Node 00 (VC0) rcv: 0x21
[12685000 ns] Node 00 (VC0) rcv: 0x22
[12705000 ns] Node 00 (VC0) rcv: 0x23
[12715000 ns] Node 00 (VC0) rcv: 0x24
[12725000 ns] Node 00 (VC0) rcv: 0x25
[12735000 ns] Node 00 (VC0) rcv: 0x26
[12755000 ns] Node 00 (VC0) rcv: 0x27
[12765000 ns] Node 00 (VC0) rcv: 0x28
[12775000 ns] Node 00 (VC0) rcv: 0x29
[12785000 ns] Node 00 (VC0) rcv: 0x2a
[12805000 ns] Node 00 (VC0) rcv: 0x2b
[12815000 ns] Node 00 (VC0) rcv: 0x2c
[12825000 ns] Node 00 (VC0) rcv: 0x2d
[12835000 ns] Node 00 (VC0) rcv: 0x2e
[12855000 ns] Node 00 (VC0) rcv: 0x2f
[12865000 ns] Node 00 (VC0) rcv: 0x30
[SB-PRED] t=12873000 src=0x3 -> Node00 (VC0) pkt_id=13 len=20
[12875000 ns] Node 00 (VC0) rcv: 0x31
[12885000 ns] Node 00 (VC0) rcv: 0x32
[SB-PASS] t=12905000 Node00 (VC0) src=0x2 pkt_id=4 len=20 matches prediction
[12905000 ns] Node 00 (VC0) rcv: 0x33
[12915000 ns] Node 00 (VC0) rcv: 0x10
[12925000 ns] Node 00 (VC0) rcv: 0x11
[12935000 ns] Node 00 (VC0) rcv: 0x12
[12955000 ns] Node 00 (VC0) rcv: 0x13
[12965000 ns] Node 00 (VC0) rcv: 0x14
[12975000 ns] Node 00 (VC0) rcv: 0x15
[12985000 ns] Node 00 (VC0) rcv: 0x16
[13005000 ns] Node 00 (VC0) rcv: 0x17
[13015000 ns] Node 00 (VC0) rcv: 0x18
[13025000 ns] Node 00 (VC0) rcv: 0x19
[13035000 ns] Node 00 (VC0) rcv: 0x1a
[13055000 ns] Node 00 (VC0) rcv: 0x1b
[SB-PRED] t=13055000 src=0x1 -> Node00 (VC0) pkt_id=15 len=20
[13065000 ns] Node 00 (VC0) rcv: 0x1c
[13075000 ns] Node 00 (VC0) rcv: 0x1d
[13085000 ns] Node 00 (VC0) rcv: 0x1e
[13105000 ns] Node 00 (VC0) rcv: 0x1f
[13115000 ns] Node 00 (VC0) rcv: 0x20
[13125000 ns] Node 00 (VC0) rcv: 0x21
[13135000 ns] Node 00 (VC0) rcv: 0x22
[SB-PASS] t=13155000 Node00 (VC0) src=0x1 pkt_id=12 len=20 matches prediction
[13155000 ns] Node 00 (VC0) rcv: 0x23
[13165000 ns] Node 00 (VC0) rcv: 0x30
[13175000 ns] Node 00 (VC0) rcv: 0x31
[13185000 ns] Node 00 (VC0) rcv: 0x32
[13205000 ns] Node 00 (VC0) rcv: 0x33
[13215000 ns] Node 00 (VC0) rcv: 0x34
[13225000 ns] Node 00 (VC0) rcv: 0x35
[13235000 ns] Node 00 (VC0) rcv: 0x36
[13255000 ns] Node 00 (VC0) rcv: 0x37
[13265000 ns] Node 00 (VC0) rcv: 0x38
[13275000 ns] Node 00 (VC0) rcv: 0x39
[13285000 ns] Node 00 (VC0) rcv: 0x3a
[SB-PRED] t=13290000 src=0x2 -> Node00 (VC0) pkt_id=7 len=20
[13305000 ns] Node 00 (VC0) rcv: 0x3b
[13315000 ns] Node 00 (VC0) rcv: 0x3c
[13325000 ns] Node 00 (VC0) rcv: 0x3d
[13335000 ns] Node 00 (VC0) rcv: 0x3e
[13355000 ns] Node 00 (VC0) rcv: 0x3f
[13365000 ns] Node 00 (VC0) rcv: 0x40
[13375000 ns] Node 00 (VC0) rcv: 0x41
[13385000 ns] Node 00 (VC0) rcv: 0x42
[SB-PASS] t=13405000 Node00 (VC0) src=0x3 pkt_id=10 len=20 matches prediction
[13405000 ns] Node 00 (VC0) rcv: 0x43
[13415000 ns] Node 00 (VC0) rcv: 0x10
[13425000 ns] Node 00 (VC0) rcv: 0x11
[13435000 ns] Node 00 (VC0) rcv: 0x12
[13455000 ns] Node 00 (VC0) rcv: 0x13
[13465000 ns] Node 00 (VC0) rcv: 0x14
[13475000 ns] Node 00 (VC0) rcv: 0x15
[13485000 ns] Node 00 (VC0) rcv: 0x16
[13505000 ns] Node 00 (VC0) rcv: 0x17
[13515000 ns] Node 00 (VC0) rcv: 0x18
[13525000 ns] Node 00 (VC0) rcv: 0x19
[13535000 ns] Node 00 (VC0) rcv: 0x1a
[13555000 ns] Node 00 (VC0) rcv: 0x1b
[SB-PRED] t=13559000 src=0x1 -> Node00 (VC0) pkt_id=0 len=20
[13565000 ns] Node 00 (VC0) rcv: 0x1c
[13575000 ns] Node 00 (VC0) rcv: 0x1d
[13585000 ns] Node 00 (VC0) rcv: 0x1e
[13605000 ns] Node 00 (VC0) rcv: 0x1f
[13615000 ns] Node 00 (VC0) rcv: 0x20
[13625000 ns] Node 00 (VC0) rcv: 0x21
[13635000 ns] Node 00 (VC0) rcv: 0x22
[SB-PASS] t=13655000 Node00 (VC0) src=0x1 pkt_id=13 len=20 matches prediction
[13655000 ns] Node 00 (VC0) rcv: 0x23
[13665000 ns] Node 00 (VC0) rcv: 0x20
[13675000 ns] Node 00 (VC0) rcv: 0x21
[13685000 ns] Node 00 (VC0) rcv: 0x22
[13705000 ns] Node 00 (VC0) rcv: 0x23
[13715000 ns] Node 00 (VC0) rcv: 0x24
[13725000 ns] Node 00 (VC0) rcv: 0x25
[13735000 ns] Node 00 (VC0) rcv: 0x26
[13755000 ns] Node 00 (VC0) rcv: 0x27
[13765000 ns] Node 00 (VC0) rcv: 0x28
[13775000 ns] Node 00 (VC0) rcv: 0x29
[13785000 ns] Node 00 (VC0) rcv: 0x2a
[13805000 ns] Node 00 (VC0) rcv: 0x2b
[13815000 ns] Node 00 (VC0) rcv: 0x2c
[13825000 ns] Node 00 (VC0) rcv: 0x2d
[13835000 ns] Node 00 (VC0) rcv: 0x2e
[13855000 ns] Node 00 (VC0) rcv: 0x2f
[13865000 ns] Node 00 (VC0) rcv: 0x30
[SB-PRED] t=13867000 src=0x3 -> Node00 (VC0) pkt_id=14 len=20
[13875000 ns] Node 00 (VC0) rcv: 0x31
[13885000 ns] Node 00 (VC0) rcv: 0x32
[SB-PASS] t=13905000 Node00 (VC0) src=0x2 pkt_id=5 len=20 matches prediction
[13905000 ns] Node 00 (VC0) rcv: 0x33
[13915000 ns] Node 00 (VC0) rcv: 0x10
[13925000 ns] Node 00 (VC0) rcv: 0x11
[13935000 ns] Node 00 (VC0) rcv: 0x12
[13955000 ns] Node 00 (VC0) rcv: 0x13
[13965000 ns] Node 00 (VC0) rcv: 0x14
[13975000 ns] Node 00 (VC0) rcv: 0x15
[13985000 ns] Node 00 (VC0) rcv: 0x16
[14005000 ns] Node 00 (VC0) rcv: 0x17
[14015000 ns] Node 00 (VC0) rcv: 0x18
[14025000 ns] Node 00 (VC0) rcv: 0x19
[14035000 ns] Node 00 (VC0) rcv: 0x1a
[SB-PRED] t=14049000 src=0x1 -> Node00 (VC0) pkt_id=1 len=20
[14055000 ns] Node 00 (VC0) rcv: 0x1b
[14065000 ns] Node 00 (VC0) rcv: 0x1c
[14075000 ns] Node 00 (VC0) rcv: 0x1d
[14085000 ns] Node 00 (VC0) rcv: 0x1e
[14105000 ns] Node 00 (VC0) rcv: 0x1f
[14115000 ns] Node 00 (VC0) rcv: 0x20
[14125000 ns] Node 00 (VC0) rcv: 0x21
[14135000 ns] Node 00 (VC0) rcv: 0x22
[SB-PASS] t=14155000 Node00 (VC0) src=0x1 pkt_id=14 len=20 matches prediction
[14155000 ns] Node 00 (VC0) rcv: 0x23
[14165000 ns] Node 00 (VC0) rcv: 0x30
[14175000 ns] Node 00 (VC0) rcv: 0x31
[14185000 ns] Node 00 (VC0) rcv: 0x32
[14205000 ns] Node 00 (VC0) rcv: 0x33
[14215000 ns] Node 00 (VC0) rcv: 0x34
[14225000 ns] Node 00 (VC0) rcv: 0x35
[14235000 ns] Node 00 (VC0) rcv: 0x36
[14255000 ns] Node 00 (VC0) rcv: 0x37
[14265000 ns] Node 00 (VC0) rcv: 0x38
[14275000 ns] Node 00 (VC0) rcv: 0x39
[14285000 ns] Node 00 (VC0) rcv: 0x3a
[SB-PRED] t=14286000 src=0x2 -> Node00 (VC0) pkt_id=8 len=20
[14305000 ns] Node 00 (VC0) rcv: 0x3b
[14315000 ns] Node 00 (VC0) rcv: 0x3c
[14325000 ns] Node 00 (VC0) rcv: 0x3d
[14335000 ns] Node 00 (VC0) rcv: 0x3e
[14355000 ns] Node 00 (VC0) rcv: 0x3f
[14365000 ns] Node 00 (VC0) rcv: 0x40
[14375000 ns] Node 00 (VC0) rcv: 0x41
[14385000 ns] Node 00 (VC0) rcv: 0x42
[SB-PASS] t=14405000 Node00 (VC0) src=0x3 pkt_id=11 len=20 matches prediction
[14405000 ns] Node 00 (VC0) rcv: 0x43
[14415000 ns] Node 00 (VC0) rcv: 0x10
[14425000 ns] Node 00 (VC0) rcv: 0x11
[14435000 ns] Node 00 (VC0) rcv: 0x12
[14455000 ns] Node 00 (VC0) rcv: 0x13
[14465000 ns] Node 00 (VC0) rcv: 0x14
[14475000 ns] Node 00 (VC0) rcv: 0x15
[14485000 ns] Node 00 (VC0) rcv: 0x16
[14505000 ns] Node 00 (VC0) rcv: 0x17
[14515000 ns] Node 00 (VC0) rcv: 0x18
[14525000 ns] Node 00 (VC0) rcv: 0x19
[14535000 ns] Node 00 (VC0) rcv: 0x1a
[SB-PRED] t=14553000 src=0x1 -> Node00 (VC0) pkt_id=2 len=20
[14555000 ns] Node 00 (VC0) rcv: 0x1b
[14565000 ns] Node 00 (VC0) rcv: 0x1c
[14575000 ns] Node 00 (VC0) rcv: 0x1d
[14585000 ns] Node 00 (VC0) rcv: 0x1e
[14605000 ns] Node 00 (VC0) rcv: 0x1f
[14615000 ns] Node 00 (VC0) rcv: 0x20
[14625000 ns] Node 00 (VC0) rcv: 0x21
[14635000 ns] Node 00 (VC0) rcv: 0x22
[SB-PASS] t=14655000 Node00 (VC0) src=0x1 pkt_id=15 len=20 matches prediction
[14655000 ns] Node 00 (VC0) rcv: 0x23
[14665000 ns] Node 00 (VC0) rcv: 0x20
[14675000 ns] Node 00 (VC0) rcv: 0x21
[14685000 ns] Node 00 (VC0) rcv: 0x22
[14705000 ns] Node 00 (VC0) rcv: 0x23
[14715000 ns] Node 00 (VC0) rcv: 0x24
[14725000 ns] Node 00 (VC0) rcv: 0x25
[14735000 ns] Node 00 (VC0) rcv: 0x26
[14755000 ns] Node 00 (VC0) rcv: 0x27
[14765000 ns] Node 00 (VC0) rcv: 0x28
[14775000 ns] Node 00 (VC0) rcv: 0x29
[14785000 ns] Node 00 (VC0) rcv: 0x2a
[14805000 ns] Node 00 (VC0) rcv: 0x2b
[14815000 ns] Node 00 (VC0) rcv: 0x2c
[14825000 ns] Node 00 (VC0) rcv: 0x2d
[14835000 ns] Node 00 (VC0) rcv: 0x2e
[14855000 ns] Node 00 (VC0) rcv: 0x2f
[SB-PRED] t=14861000 src=0x3 -> Node00 (VC0) pkt_id=15 len=20
[14865000 ns] Node 00 (VC0) rcv: 0x30
[14875000 ns] Node 00 (VC0) rcv: 0x31
[14885000 ns] Node 00 (VC0) rcv: 0x32
[SB-PASS] t=14905000 Node00 (VC0) src=0x2 pkt_id=6 len=20 matches prediction
[14905000 ns] Node 00 (VC0) rcv: 0x33
[14915000 ns] Node 00 (VC0) rcv: 0x10
[14925000 ns] Node 00 (VC0) rcv: 0x11
[14935000 ns] Node 00 (VC0) rcv: 0x12
[14955000 ns] Node 00 (VC0) rcv: 0x13
[14965000 ns] Node 00 (VC0) rcv: 0x14
[14975000 ns] Node 00 (VC0) rcv: 0x15
[14985000 ns] Node 00 (VC0) rcv: 0x16
[15005000 ns] Node 00 (VC0) rcv: 0x17
[15015000 ns] Node 00 (VC0) rcv: 0x18
[15025000 ns] Node 00 (VC0) rcv: 0x19
[15035000 ns] Node 00 (VC0) rcv: 0x1a
[15055000 ns] Node 00 (VC0) rcv: 0x1b
[SB-PRED] t=15057000 src=0x1 -> Node00 (VC0) pkt_id=3 len=20
[15065000 ns] Node 00 (VC0) rcv: 0x1c
[15075000 ns] Node 00 (VC0) rcv: 0x1d
[15085000 ns] Node 00 (VC0) rcv: 0x1e
[15105000 ns] Node 00 (VC0) rcv: 0x1f
[15115000 ns] Node 00 (VC0) rcv: 0x20
[15125000 ns] Node 00 (VC0) rcv: 0x21
[15135000 ns] Node 00 (VC0) rcv: 0x22
[SB-PASS] t=15155000 Node00 (VC0) src=0x1 pkt_id=0 len=20 matches prediction
[15155000 ns] Node 00 (VC0) rcv: 0x23
[15165000 ns] Node 00 (VC0) rcv: 0x30
[15175000 ns] Node 00 (VC0) rcv: 0x31
[15185000 ns] Node 00 (VC0) rcv: 0x32
[15205000 ns] Node 00 (VC0) rcv: 0x33
[15215000 ns] Node 00 (VC0) rcv: 0x34
[15225000 ns] Node 00 (VC0) rcv: 0x35
[15235000 ns] Node 00 (VC0) rcv: 0x36
[15255000 ns] Node 00 (VC0) rcv: 0x37
[15265000 ns] Node 00 (VC0) rcv: 0x38
[15275000 ns] Node 00 (VC0) rcv: 0x39
[SB-PRED] t=15282000 src=0x2 -> Node00 (VC0) pkt_id=9 len=20
[15285000 ns] Node 00 (VC0) rcv: 0x3a
[15305000 ns] Node 00 (VC0) rcv: 0x3b
[15315000 ns] Node 00 (VC0) rcv: 0x3c
[15325000 ns] Node 00 (VC0) rcv: 0x3d
[15335000 ns] Node 00 (VC0) rcv: 0x3e
[15355000 ns] Node 00 (VC0) rcv: 0x3f
[15365000 ns] Node 00 (VC0) rcv: 0x40
[15375000 ns] Node 00 (VC0) rcv: 0x41
[15385000 ns] Node 00 (VC0) rcv: 0x42
[SB-PASS] t=15405000 Node00 (VC0) src=0x3 pkt_id=12 len=20 matches prediction
[15405000 ns] Node 00 (VC0) rcv: 0x43
[15415000 ns] Node 00 (VC0) rcv: 0x10
[15425000 ns] Node 00 (VC0) rcv: 0x11
[15435000 ns] Node 00 (VC0) rcv: 0x12
[15455000 ns] Node 00 (VC0) rcv: 0x13
[15465000 ns] Node 00 (VC0) rcv: 0x14
[15475000 ns] Node 00 (VC0) rcv: 0x15
[15485000 ns] Node 00 (VC0) rcv: 0x16
[15505000 ns] Node 00 (VC0) rcv: 0x17
[15515000 ns] Node 00 (VC0) rcv: 0x18
[15525000 ns] Node 00 (VC0) rcv: 0x19
[15535000 ns] Node 00 (VC0) rcv: 0x1a
[15555000 ns] Node 00 (VC0) rcv: 0x1b
[SB-PRED] t=15561000 src=0x1 -> Node00 (VC0) pkt_id=4 len=20
[15565000 ns] Node 00 (VC0) rcv: 0x1c
[15575000 ns] Node 00 (VC0) rcv: 0x1d
[15585000 ns] Node 00 (VC0) rcv: 0x1e
[15605000 ns] Node 00 (VC0) rcv: 0x1f
[15615000 ns] Node 00 (VC0) rcv: 0x20
[15625000 ns] Node 00 (VC0) rcv: 0x21
[15635000 ns] Node 00 (VC0) rcv: 0x22
[SB-PASS] t=15655000 Node00 (VC0) src=0x1 pkt_id=1 len=20 matches prediction
[15655000 ns] Node 00 (VC0) rcv: 0x23
[15665000 ns] Node 00 (VC0) rcv: 0x20
[15675000 ns] Node 00 (VC0) rcv: 0x21
[15685000 ns] Node 00 (VC0) rcv: 0x22
[15705000 ns] Node 00 (VC0) rcv: 0x23
[15715000 ns] Node 00 (VC0) rcv: 0x24
[15725000 ns] Node 00 (VC0) rcv: 0x25
[15735000 ns] Node 00 (VC0) rcv: 0x26
[15755000 ns] Node 00 (VC0) rcv: 0x27
[15765000 ns] Node 00 (VC0) rcv: 0x28
[15775000 ns] Node 00 (VC0) rcv: 0x29
[15785000 ns] Node 00 (VC0) rcv: 0x2a
[15805000 ns] Node 00 (VC0) rcv: 0x2b
[15815000 ns] Node 00 (VC0) rcv: 0x2c
[15825000 ns] Node 00 (VC0) rcv: 0x2d
[15835000 ns] Node 00 (VC0) rcv: 0x2e
[15855000 ns] Node 00 (VC0) rcv: 0x2f
[15865000 ns] Node 00 (VC0) rcv: 0x30
[SB-PRED] t=15869000 src=0x3 -> Node00 (VC0) pkt_id=0 len=20
[15875000 ns] Node 00 (VC0) rcv: 0x31
[15885000 ns] Node 00 (VC0) rcv: 0x32
[SB-PASS] t=15905000 Node00 (VC0) src=0x2 pkt_id=7 len=20 matches prediction
[15905000 ns] Node 00 (VC0) rcv: 0x33
[15915000 ns] Node 00 (VC0) rcv: 0x10
[15925000 ns] Node 00 (VC0) rcv: 0x11
[15935000 ns] Node 00 (VC0) rcv: 0x12
[15955000 ns] Node 00 (VC0) rcv: 0x13
[15965000 ns] Node 00 (VC0) rcv: 0x14
[15975000 ns] Node 00 (VC0) rcv: 0x15
[15985000 ns] Node 00 (VC0) rcv: 0x16
[16005000 ns] Node 00 (VC0) rcv: 0x17
[16015000 ns] Node 00 (VC0) rcv: 0x18
[16025000 ns] Node 00 (VC0) rcv: 0x19
[16035000 ns] Node 00 (VC0) rcv: 0x1a
[SB-PRED] t=16051000 src=0x1 -> Node00 (VC0) pkt_id=5 len=20
[16055000 ns] Node 00 (VC0) rcv: 0x1b
[16065000 ns] Node 00 (VC0) rcv: 0x1c
[16075000 ns] Node 00 (VC0) rcv: 0x1d
[16085000 ns] Node 00 (VC0) rcv: 0x1e
[16105000 ns] Node 00 (VC0) rcv: 0x1f
[16115000 ns] Node 00 (VC0) rcv: 0x20
[16125000 ns] Node 00 (VC0) rcv: 0x21
[16135000 ns] Node 00 (VC0) rcv: 0x22
[SB-PASS] t=16155000 Node00 (VC0) src=0x1 pkt_id=2 len=20 matches prediction
[16155000 ns] Node 00 (VC0) rcv: 0x23
[16165000 ns] Node 00 (VC0) rcv: 0x30
[16175000 ns] Node 00 (VC0) rcv: 0x31
[16185000 ns] Node 00 (VC0) rcv: 0x32
[16205000 ns] Node 00 (VC0) rcv: 0x33
[16215000 ns] Node 00 (VC0) rcv: 0x34
[16225000 ns] Node 00 (VC0) rcv: 0x35
[16235000 ns] Node 00 (VC0) rcv: 0x36
[16255000 ns] Node 00 (VC0) rcv: 0x37
[16265000 ns] Node 00 (VC0) rcv: 0x38
[16275000 ns] Node 00 (VC0) rcv: 0x39
[16285000 ns] Node 00 (VC0) rcv: 0x3a
[SB-PRED] t=16290000 src=0x2 -> Node00 (VC0) pkt_id=10 len=20
[16305000 ns] Node 00 (VC0) rcv: 0x3b
[16315000 ns] Node 00 (VC0) rcv: 0x3c
[16325000 ns] Node 00 (VC0) rcv: 0x3d
[16335000 ns] Node 00 (VC0) rcv: 0x3e
[16355000 ns] Node 00 (VC0) rcv: 0x3f
[16365000 ns] Node 00 (VC0) rcv: 0x40
[16375000 ns] Node 00 (VC0) rcv: 0x41
[16385000 ns] Node 00 (VC0) rcv: 0x42
[SB-PASS] t=16405000 Node00 (VC0) src=0x3 pkt_id=13 len=20 matches prediction
[16405000 ns] Node 00 (VC0) rcv: 0x43
[16415000 ns] Node 00 (VC0) rcv: 0x10
[16425000 ns] Node 00 (VC0) rcv: 0x11
[16435000 ns] Node 00 (VC0) rcv: 0x12
[16455000 ns] Node 00 (VC0) rcv: 0x13
[16465000 ns] Node 00 (VC0) rcv: 0x14
[16475000 ns] Node 00 (VC0) rcv: 0x15
[16485000 ns] Node 00 (VC0) rcv: 0x16
[16505000 ns] Node 00 (VC0) rcv: 0x17
[16515000 ns] Node 00 (VC0) rcv: 0x18
[16525000 ns] Node 00 (VC0) rcv: 0x19
[16535000 ns] Node 00 (VC0) rcv: 0x1a
[16555000 ns] Node 00 (VC0) rcv: 0x1b
[SB-PRED] t=16555000 src=0x1 -> Node00 (VC0) pkt_id=6 len=20
[16565000 ns] Node 00 (VC0) rcv: 0x1c
[16575000 ns] Node 00 (VC0) rcv: 0x1d
[16585000 ns] Node 00 (VC0) rcv: 0x1e
[16605000 ns] Node 00 (VC0) rcv: 0x1f
[16615000 ns] Node 00 (VC0) rcv: 0x20
[16625000 ns] Node 00 (VC0) rcv: 0x21
[16635000 ns] Node 00 (VC0) rcv: 0x22
[SB-PASS] t=16655000 Node00 (VC0) src=0x1 pkt_id=3 len=20 matches prediction
[16655000 ns] Node 00 (VC0) rcv: 0x23
[16665000 ns] Node 00 (VC0) rcv: 0x20
[16675000 ns] Node 00 (VC0) rcv: 0x21
[16685000 ns] Node 00 (VC0) rcv: 0x22
[16705000 ns] Node 00 (VC0) rcv: 0x23
[16715000 ns] Node 00 (VC0) rcv: 0x24
[16725000 ns] Node 00 (VC0) rcv: 0x25
[16735000 ns] Node 00 (VC0) rcv: 0x26
[16755000 ns] Node 00 (VC0) rcv: 0x27
[16765000 ns] Node 00 (VC0) rcv: 0x28
[16775000 ns] Node 00 (VC0) rcv: 0x29
[16785000 ns] Node 00 (VC0) rcv: 0x2a
[16805000 ns] Node 00 (VC0) rcv: 0x2b
[16815000 ns] Node 00 (VC0) rcv: 0x2c
[16825000 ns] Node 00 (VC0) rcv: 0x2d
[16835000 ns] Node 00 (VC0) rcv: 0x2e
[16855000 ns] Node 00 (VC0) rcv: 0x2f
[SB-PRED] t=16863000 src=0x3 -> Node00 (VC0) pkt_id=1 len=20
[16865000 ns] Node 00 (VC0) rcv: 0x30
[16875000 ns] Node 00 (VC0) rcv: 0x31
[16885000 ns] Node 00 (VC0) rcv: 0x32
[SB-PASS] t=16905000 Node00 (VC0) src=0x2 pkt_id=8 len=20 matches prediction
[16905000 ns] Node 00 (VC0) rcv: 0x33
[16915000 ns] Node 00 (VC0) rcv: 0x10
[16925000 ns] Node 00 (VC0) rcv: 0x11
[16935000 ns] Node 00 (VC0) rcv: 0x12
[16955000 ns] Node 00 (VC0) rcv: 0x13
[16965000 ns] Node 00 (VC0) rcv: 0x14
[16975000 ns] Node 00 (VC0) rcv: 0x15
[16985000 ns] Node 00 (VC0) rcv: 0x16
[17005000 ns] Node 00 (VC0) rcv: 0x17
[17015000 ns] Node 00 (VC0) rcv: 0x18
[17025000 ns] Node 00 (VC0) rcv: 0x19
[17035000 ns] Node 00 (VC0) rcv: 0x1a
[17055000 ns] Node 00 (VC0) rcv: 0x1b
[SB-PRED] t=17059000 src=0x1 -> Node00 (VC0) pkt_id=7 len=20
[17065000 ns] Node 00 (VC0) rcv: 0x1c
[17075000 ns] Node 00 (VC0) rcv: 0x1d
[17085000 ns] Node 00 (VC0) rcv: 0x1e
[17105000 ns] Node 00 (VC0) rcv: 0x1f
[17115000 ns] Node 00 (VC0) rcv: 0x20
[17125000 ns] Node 00 (VC0) rcv: 0x21
[17135000 ns] Node 00 (VC0) rcv: 0x22
[SB-PASS] t=17155000 Node00 (VC0) src=0x1 pkt_id=4 len=20 matches prediction
[17155000 ns] Node 00 (VC0) rcv: 0x23
[17165000 ns] Node 00 (VC0) rcv: 0x30
[17175000 ns] Node 00 (VC0) rcv: 0x31
[17185000 ns] Node 00 (VC0) rcv: 0x32
[17205000 ns] Node 00 (VC0) rcv: 0x33
[17215000 ns] Node 00 (VC0) rcv: 0x34
[17225000 ns] Node 00 (VC0) rcv: 0x35
[17235000 ns] Node 00 (VC0) rcv: 0x36
[17255000 ns] Node 00 (VC0) rcv: 0x37
[17265000 ns] Node 00 (VC0) rcv: 0x38
[17275000 ns] Node 00 (VC0) rcv: 0x39
[17285000 ns] Node 00 (VC0) rcv: 0x3a
[SB-PRED] t=17286000 src=0x2 -> Node00 (VC0) pkt_id=11 len=20
[17305000 ns] Node 00 (VC0) rcv: 0x3b
[17315000 ns] Node 00 (VC0) rcv: 0x3c
[17325000 ns] Node 00 (VC0) rcv: 0x3d
[17335000 ns] Node 00 (VC0) rcv: 0x3e
[17355000 ns] Node 00 (VC0) rcv: 0x3f
[17365000 ns] Node 00 (VC0) rcv: 0x40
[17375000 ns] Node 00 (VC0) rcv: 0x41
[17385000 ns] Node 00 (VC0) rcv: 0x42
[SB-PASS] t=17405000 Node00 (VC0) src=0x3 pkt_id=14 len=20 matches prediction
[17405000 ns] Node 00 (VC0) rcv: 0x43
[17415000 ns] Node 00 (VC0) rcv: 0x10
[17425000 ns] Node 00 (VC0) rcv: 0x11
[17435000 ns] Node 00 (VC0) rcv: 0x12
[17455000 ns] Node 00 (VC0) rcv: 0x13
[17465000 ns] Node 00 (VC0) rcv: 0x14
[17475000 ns] Node 00 (VC0) rcv: 0x15
[17485000 ns] Node 00 (VC0) rcv: 0x16
[17505000 ns] Node 00 (VC0) rcv: 0x17
[17515000 ns] Node 00 (VC0) rcv: 0x18
[17525000 ns] Node 00 (VC0) rcv: 0x19
[17535000 ns] Node 00 (VC0) rcv: 0x1a
[SB-PRED] t=17549000 src=0x1 -> Node00 (VC0) pkt_id=8 len=20
[17555000 ns] Node 00 (VC0) rcv: 0x1b
[17565000 ns] Node 00 (VC0) rcv: 0x1c
[17575000 ns] Node 00 (VC0) rcv: 0x1d
[17585000 ns] Node 00 (VC0) rcv: 0x1e
[17605000 ns] Node 00 (VC0) rcv: 0x1f
[17615000 ns] Node 00 (VC0) rcv: 0x20
[17625000 ns] Node 00 (VC0) rcv: 0x21
[17635000 ns] Node 00 (VC0) rcv: 0x22
[SB-PASS] t=17655000 Node00 (VC0) src=0x1 pkt_id=5 len=20 matches prediction
[17655000 ns] Node 00 (VC0) rcv: 0x23
[17665000 ns] Node 00 (VC0) rcv: 0x20
[17675000 ns] Node 00 (VC0) rcv: 0x21
[17685000 ns] Node 00 (VC0) rcv: 0x22
[17705000 ns] Node 00 (VC0) rcv: 0x23
[17715000 ns] Node 00 (VC0) rcv: 0x24
[17725000 ns] Node 00 (VC0) rcv: 0x25
[17735000 ns] Node 00 (VC0) rcv: 0x26
[17755000 ns] Node 00 (VC0) rcv: 0x27
[17765000 ns] Node 00 (VC0) rcv: 0x28
[17775000 ns] Node 00 (VC0) rcv: 0x29
[17785000 ns] Node 00 (VC0) rcv: 0x2a
[17805000 ns] Node 00 (VC0) rcv: 0x2b
[17815000 ns] Node 00 (VC0) rcv: 0x2c
[17825000 ns] Node 00 (VC0) rcv: 0x2d
[17835000 ns] Node 00 (VC0) rcv: 0x2e
[17855000 ns] Node 00 (VC0) rcv: 0x2f
[17865000 ns] Node 00 (VC0) rcv: 0x30
[SB-PRED] t=17871000 src=0x3 -> Node00 (VC0) pkt_id=2 len=20
[17875000 ns] Node 00 (VC0) rcv: 0x31
[17885000 ns] Node 00 (VC0) rcv: 0x32
[SB-PASS] t=17905000 Node00 (VC0) src=0x2 pkt_id=9 len=20 matches prediction
[17905000 ns] Node 00 (VC0) rcv: 0x33
[17915000 ns] Node 00 (VC0) rcv: 0x10
[17925000 ns] Node 00 (VC0) rcv: 0x11
[17935000 ns] Node 00 (VC0) rcv: 0x12
[17955000 ns] Node 00 (VC0) rcv: 0x13
[17965000 ns] Node 00 (VC0) rcv: 0x14
[17975000 ns] Node 00 (VC0) rcv: 0x15
[17985000 ns] Node 00 (VC0) rcv: 0x16
[18005000 ns] Node 00 (VC0) rcv: 0x17
[18015000 ns] Node 00 (VC0) rcv: 0x18
[18025000 ns] Node 00 (VC0) rcv: 0x19
[18035000 ns] Node 00 (VC0) rcv: 0x1a
[SB-PRED] t=18053000 src=0x1 -> Node00 (VC0) pkt_id=9 len=20
[18055000 ns] Node 00 (VC0) rcv: 0x1b
[18065000 ns] Node 00 (VC0) rcv: 0x1c
[18075000 ns] Node 00 (VC0) rcv: 0x1d
[18085000 ns] Node 00 (VC0) rcv: 0x1e
[18105000 ns] Node 00 (VC0) rcv: 0x1f
[18115000 ns] Node 00 (VC0) rcv: 0x20
[18125000 ns] Node 00 (VC0) rcv: 0x21
[18135000 ns] Node 00 (VC0) rcv: 0x22
[SB-PASS] t=18155000 Node00 (VC0) src=0x1 pkt_id=6 len=20 matches prediction
[18155000 ns] Node 00 (VC0) rcv: 0x23
[18165000 ns] Node 00 (VC0) rcv: 0x30
[18175000 ns] Node 00 (VC0) rcv: 0x31
[18185000 ns] Node 00 (VC0) rcv: 0x32
[18205000 ns] Node 00 (VC0) rcv: 0x33
[18215000 ns] Node 00 (VC0) rcv: 0x34
[18225000 ns] Node 00 (VC0) rcv: 0x35
[18235000 ns] Node 00 (VC0) rcv: 0x36
[18255000 ns] Node 00 (VC0) rcv: 0x37
[18265000 ns] Node 00 (VC0) rcv: 0x38
[18275000 ns] Node 00 (VC0) rcv: 0x39
[SB-PRED] t=18282000 src=0x2 -> Node00 (VC0) pkt_id=12 len=20
[18285000 ns] Node 00 (VC0) rcv: 0x3a
[18305000 ns] Node 00 (VC0) rcv: 0x3b
[18315000 ns] Node 00 (VC0) rcv: 0x3c
[18325000 ns] Node 00 (VC0) rcv: 0x3d
[18335000 ns] Node 00 (VC0) rcv: 0x3e
[18355000 ns] Node 00 (VC0) rcv: 0x3f
[18365000 ns] Node 00 (VC0) rcv: 0x40
[18375000 ns] Node 00 (VC0) rcv: 0x41
[18385000 ns] Node 00 (VC0) rcv: 0x42
[SB-PASS] t=18405000 Node00 (VC0) src=0x3 pkt_id=15 len=20 matches prediction
[18405000 ns] Node 00 (VC0) rcv: 0x43
[18415000 ns] Node 00 (VC0) rcv: 0x10
[18425000 ns] Node 00 (VC0) rcv: 0x11
[18435000 ns] Node 00 (VC0) rcv: 0x12
[18455000 ns] Node 00 (VC0) rcv: 0x13
[18465000 ns] Node 00 (VC0) rcv: 0x14
[18475000 ns] Node 00 (VC0) rcv: 0x15
[18485000 ns] Node 00 (VC0) rcv: 0x16
[18505000 ns] Node 00 (VC0) rcv: 0x17
[18515000 ns] Node 00 (VC0) rcv: 0x18
[18525000 ns] Node 00 (VC0) rcv: 0x19
[18535000 ns] Node 00 (VC0) rcv: 0x1a
[18555000 ns] Node 00 (VC0) rcv: 0x1b
[SB-PRED] t=18557000 src=0x1 -> Node00 (VC0) pkt_id=10 len=20
[18565000 ns] Node 00 (VC0) rcv: 0x1c
[18575000 ns] Node 00 (VC0) rcv: 0x1d
[18585000 ns] Node 00 (VC0) rcv: 0x1e
[18605000 ns] Node 00 (VC0) rcv: 0x1f
[18615000 ns] Node 00 (VC0) rcv: 0x20
[18625000 ns] Node 00 (VC0) rcv: 0x21
[18635000 ns] Node 00 (VC0) rcv: 0x22
[SB-PASS] t=18655000 Node00 (VC0) src=0x1 pkt_id=7 len=20 matches prediction
[18655000 ns] Node 00 (VC0) rcv: 0x23
[18665000 ns] Node 00 (VC0) rcv: 0x20
[18675000 ns] Node 00 (VC0) rcv: 0x21
[18685000 ns] Node 00 (VC0) rcv: 0x22
[18705000 ns] Node 00 (VC0) rcv: 0x23
[18715000 ns] Node 00 (VC0) rcv: 0x24
[18725000 ns] Node 00 (VC0) rcv: 0x25
[18735000 ns] Node 00 (VC0) rcv: 0x26
[18755000 ns] Node 00 (VC0) rcv: 0x27
[18765000 ns] Node 00 (VC0) rcv: 0x28
[18775000 ns] Node 00 (VC0) rcv: 0x29
[18785000 ns] Node 00 (VC0) rcv: 0x2a
[18805000 ns] Node 00 (VC0) rcv: 0x2b
[18815000 ns] Node 00 (VC0) rcv: 0x2c
[18825000 ns] Node 00 (VC0) rcv: 0x2d
[18835000 ns] Node 00 (VC0) rcv: 0x2e
[18855000 ns] Node 00 (VC0) rcv: 0x2f
[18865000 ns] Node 00 (VC0) rcv: 0x30
[SB-PRED] t=18865000 src=0x3 -> Node00 (VC0) pkt_id=3 len=20
[18875000 ns] Node 00 (VC0) rcv: 0x31
[18885000 ns] Node 00 (VC0) rcv: 0x32
[SB-PASS] t=18905000 Node00 (VC0) src=0x2 pkt_id=10 len=20 matches prediction
[18905000 ns] Node 00 (VC0) rcv: 0x33
[18915000 ns] Node 00 (VC0) rcv: 0x10
[18925000 ns] Node 00 (VC0) rcv: 0x11
[18935000 ns] Node 00 (VC0) rcv: 0x12
[18955000 ns] Node 00 (VC0) rcv: 0x13
[18965000 ns] Node 00 (VC0) rcv: 0x14
[18975000 ns] Node 00 (VC0) rcv: 0x15
[18985000 ns] Node 00 (VC0) rcv: 0x16
[19005000 ns] Node 00 (VC0) rcv: 0x17
[19015000 ns] Node 00 (VC0) rcv: 0x18
[19025000 ns] Node 00 (VC0) rcv: 0x19
[19035000 ns] Node 00 (VC0) rcv: 0x1a
[19055000 ns] Node 00 (VC0) rcv: 0x1b
[SB-PRED] t=19061000 src=0x1 -> Node00 (VC0) pkt_id=11 len=20
[19065000 ns] Node 00 (VC0) rcv: 0x1c
[19075000 ns] Node 00 (VC0) rcv: 0x1d
[19085000 ns] Node 00 (VC0) rcv: 0x1e
[19105000 ns] Node 00 (VC0) rcv: 0x1f
[19115000 ns] Node 00 (VC0) rcv: 0x20
[19125000 ns] Node 00 (VC0) rcv: 0x21
[19135000 ns] Node 00 (VC0) rcv: 0x22
[SB-PASS] t=19155000 Node00 (VC0) src=0x1 pkt_id=8 len=20 matches prediction
[19155000 ns] Node 00 (VC0) rcv: 0x23
[19165000 ns] Node 00 (VC0) rcv: 0x30
[19175000 ns] Node 00 (VC0) rcv: 0x31
[19185000 ns] Node 00 (VC0) rcv: 0x32
[19205000 ns] Node 00 (VC0) rcv: 0x33
[19215000 ns] Node 00 (VC0) rcv: 0x34
[19225000 ns] Node 00 (VC0) rcv: 0x35
[19235000 ns] Node 00 (VC0) rcv: 0x36
[19255000 ns] Node 00 (VC0) rcv: 0x37
[19265000 ns] Node 00 (VC0) rcv: 0x38
[19275000 ns] Node 00 (VC0) rcv: 0x39
[19285000 ns] Node 00 (VC0) rcv: 0x3a
[SB-PRED] t=19290000 src=0x2 -> Node00 (VC0) pkt_id=13 len=20
[19305000 ns] Node 00 (VC0) rcv: 0x3b
[19315000 ns] Node 00 (VC0) rcv: 0x3c
[19325000 ns] Node 00 (VC0) rcv: 0x3d
[19335000 ns] Node 00 (VC0) rcv: 0x3e
[19355000 ns] Node 00 (VC0) rcv: 0x3f
[19365000 ns] Node 00 (VC0) rcv: 0x40
[19375000 ns] Node 00 (VC0) rcv: 0x41
[19385000 ns] Node 00 (VC0) rcv: 0x42
[SB-PASS] t=19405000 Node00 (VC0) src=0x3 pkt_id=0 len=20 matches prediction
[19405000 ns] Node 00 (VC0) rcv: 0x43
[19415000 ns] Node 00 (VC0) rcv: 0x10
[19425000 ns] Node 00 (VC0) rcv: 0x11
[19435000 ns] Node 00 (VC0) rcv: 0x12
[19455000 ns] Node 00 (VC0) rcv: 0x13
[19465000 ns] Node 00 (VC0) rcv: 0x14
[19475000 ns] Node 00 (VC0) rcv: 0x15
[19485000 ns] Node 00 (VC0) rcv: 0x16
[19505000 ns] Node 00 (VC0) rcv: 0x17
[19515000 ns] Node 00 (VC0) rcv: 0x18
[19525000 ns] Node 00 (VC0) rcv: 0x19
[19535000 ns] Node 00 (VC0) rcv: 0x1a
[SB-PRED] t=19551000 src=0x1 -> Node00 (VC0) pkt_id=12 len=20
[19555000 ns] Node 00 (VC0) rcv: 0x1b
[19565000 ns] Node 00 (VC0) rcv: 0x1c
[19575000 ns] Node 00 (VC0) rcv: 0x1d
[19585000 ns] Node 00 (VC0) rcv: 0x1e
[19605000 ns] Node 00 (VC0) rcv: 0x1f
[19615000 ns] Node 00 (VC0) rcv: 0x20
[19625000 ns] Node 00 (VC0) rcv: 0x21
[19635000 ns] Node 00 (VC0) rcv: 0x22
[SB-PASS] t=19655000 Node00 (VC0) src=0x1 pkt_id=9 len=20 matches prediction
[19655000 ns] Node 00 (VC0) rcv: 0x23
[19665000 ns] Node 00 (VC0) rcv: 0x20
[19675000 ns] Node 00 (VC0) rcv: 0x21
[19685000 ns] Node 00 (VC0) rcv: 0x22
[19705000 ns] Node 00 (VC0) rcv: 0x23
[19715000 ns] Node 00 (VC0) rcv: 0x24
[19725000 ns] Node 00 (VC0) rcv: 0x25
[19735000 ns] Node 00 (VC0) rcv: 0x26
[19755000 ns] Node 00 (VC0) rcv: 0x27
[19765000 ns] Node 00 (VC0) rcv: 0x28
[19775000 ns] Node 00 (VC0) rcv: 0x29
[19785000 ns] Node 00 (VC0) rcv: 0x2a
[19805000 ns] Node 00 (VC0) rcv: 0x2b
[19815000 ns] Node 00 (VC0) rcv: 0x2c
[19825000 ns] Node 00 (VC0) rcv: 0x2d
[19835000 ns] Node 00 (VC0) rcv: 0x2e
[19855000 ns] Node 00 (VC0) rcv: 0x2f
[19865000 ns] Node 00 (VC0) rcv: 0x30
[SB-PRED] t=19873000 src=0x3 -> Node00 (VC0) pkt_id=4 len=20
[19875000 ns] Node 00 (VC0) rcv: 0x31
[19885000 ns] Node 00 (VC0) rcv: 0x32
[SB-PASS] t=19905000 Node00 (VC0) src=0x2 pkt_id=11 len=20 matches prediction
[19905000 ns] Node 00 (VC0) rcv: 0x33
[19915000 ns] Node 00 (VC0) rcv: 0x10
[19925000 ns] Node 00 (VC0) rcv: 0x11
[19935000 ns] Node 00 (VC0) rcv: 0x12
[19955000 ns] Node 00 (VC0) rcv: 0x13
[19965000 ns] Node 00 (VC0) rcv: 0x14
[19975000 ns] Node 00 (VC0) rcv: 0x15
[19985000 ns] Node 00 (VC0) rcv: 0x16
[20005000 ns] Node 00 (VC0) rcv: 0x17
[20015000 ns] Node 00 (VC0) rcv: 0x18
[20025000 ns] Node 00 (VC0) rcv: 0x19
[20035000 ns] Node 00 (VC0) rcv: 0x1a
[20055000 ns] Node 00 (VC0) rcv: 0x1b
[SB-PRED] t=20055000 src=0x1 -> Node00 (VC0) pkt_id=13 len=20
[20065000 ns] Node 00 (VC0) rcv: 0x1c
[20075000 ns] Node 00 (VC0) rcv: 0x1d
[20085000 ns] Node 00 (VC0) rcv: 0x1e
[20105000 ns] Node 00 (VC0) rcv: 0x1f
[20115000 ns] Node 00 (VC0) rcv: 0x20
[20125000 ns] Node 00 (VC0) rcv: 0x21
[20135000 ns] Node 00 (VC0) rcv: 0x22
[SB-PASS] t=20155000 Node00 (VC0) src=0x1 pkt_id=10 len=20 matches prediction
[20155000 ns] Node 00 (VC0) rcv: 0x23
[20165000 ns] Node 00 (VC0) rcv: 0x30
[20175000 ns] Node 00 (VC0) rcv: 0x31
[20185000 ns] Node 00 (VC0) rcv: 0x32
[20205000 ns] Node 00 (VC0) rcv: 0x33
[20215000 ns] Node 00 (VC0) rcv: 0x34
[20225000 ns] Node 00 (VC0) rcv: 0x35
[20235000 ns] Node 00 (VC0) rcv: 0x36
[20255000 ns] Node 00 (VC0) rcv: 0x37
[20265000 ns] Node 00 (VC0) rcv: 0x38
[20275000 ns] Node 00 (VC0) rcv: 0x39
[20285000 ns] Node 00 (VC0) rcv: 0x3a
[SB-PRED] t=20286000 src=0x2 -> Node00 (VC0) pkt_id=14 len=20
[20305000 ns] Node 00 (VC0) rcv: 0x3b
[20315000 ns] Node 00 (VC0) rcv: 0x3c
[20325000 ns] Node 00 (VC0) rcv: 0x3d
[20335000 ns] Node 00 (VC0) rcv: 0x3e
[20355000 ns] Node 00 (VC0) rcv: 0x3f
[20365000 ns] Node 00 (VC0) rcv: 0x40
[20375000 ns] Node 00 (VC0) rcv: 0x41
[20385000 ns] Node 00 (VC0) rcv: 0x42
[SB-PASS] t=20405000 Node00 (VC0) src=0x3 pkt_id=1 len=20 matches prediction
[20405000 ns] Node 00 (VC0) rcv: 0x43
[20415000 ns] Node 00 (VC0) rcv: 0x10
[20425000 ns] Node 00 (VC0) rcv: 0x11
[20435000 ns] Node 00 (VC0) rcv: 0x12
[20455000 ns] Node 00 (VC0) rcv: 0x13
[20465000 ns] Node 00 (VC0) rcv: 0x14
[20475000 ns] Node 00 (VC0) rcv: 0x15
[20485000 ns] Node 00 (VC0) rcv: 0x16
[20505000 ns] Node 00 (VC0) rcv: 0x17
[20515000 ns] Node 00 (VC0) rcv: 0x18
[20525000 ns] Node 00 (VC0) rcv: 0x19
[20535000 ns] Node 00 (VC0) rcv: 0x1a
[20555000 ns] Node 00 (VC0) rcv: 0x1b
[SB-PRED] t=20559000 src=0x1 -> Node00 (VC0) pkt_id=14 len=20
[20565000 ns] Node 00 (VC0) rcv: 0x1c
[20575000 ns] Node 00 (VC0) rcv: 0x1d
[20585000 ns] Node 00 (VC0) rcv: 0x1e
[20605000 ns] Node 00 (VC0) rcv: 0x1f
[20615000 ns] Node 00 (VC0) rcv: 0x20
[20625000 ns] Node 00 (VC0) rcv: 0x21
[20635000 ns] Node 00 (VC0) rcv: 0x22
[SB-PASS] t=20655000 Node00 (VC0) src=0x1 pkt_id=11 len=20 matches prediction
[20655000 ns] Node 00 (VC0) rcv: 0x23
[20665000 ns] Node 00 (VC0) rcv: 0x20
[20675000 ns] Node 00 (VC0) rcv: 0x21
[20685000 ns] Node 00 (VC0) rcv: 0x22
[20705000 ns] Node 00 (VC0) rcv: 0x23
[20715000 ns] Node 00 (VC0) rcv: 0x24
[20725000 ns] Node 00 (VC0) rcv: 0x25
[20735000 ns] Node 00 (VC0) rcv: 0x26
[20755000 ns] Node 00 (VC0) rcv: 0x27
[20765000 ns] Node 00 (VC0) rcv: 0x28
[20775000 ns] Node 00 (VC0) rcv: 0x29
[20785000 ns] Node 00 (VC0) rcv: 0x2a
[20805000 ns] Node 00 (VC0) rcv: 0x2b
[20815000 ns] Node 00 (VC0) rcv: 0x2c
[20825000 ns] Node 00 (VC0) rcv: 0x2d
[20835000 ns] Node 00 (VC0) rcv: 0x2e
[20855000 ns] Node 00 (VC0) rcv: 0x2f
[20865000 ns] Node 00 (VC0) rcv: 0x30
[SB-PRED] t=20867000 src=0x3 -> Node00 (VC0) pkt_id=5 len=20
[20875000 ns] Node 00 (VC0) rcv: 0x31
[20885000 ns] Node 00 (VC0) rcv: 0x32
[SB-PASS] t=20905000 Node00 (VC0) src=0x2 pkt_id=12 len=20 matches prediction
[20905000 ns] Node 00 (VC0) rcv: 0x33
[20915000 ns] Node 00 (VC0) rcv: 0x10
[20925000 ns] Node 00 (VC0) rcv: 0x11
[20935000 ns] Node 00 (VC0) rcv: 0x12
[20955000 ns] Node 00 (VC0) rcv: 0x13
[20965000 ns] Node 00 (VC0) rcv: 0x14
[20975000 ns] Node 00 (VC0) rcv: 0x15
[20985000 ns] Node 00 (VC0) rcv: 0x16
[21005000 ns] Node 00 (VC0) rcv: 0x17
[21015000 ns] Node 00 (VC0) rcv: 0x18
[21025000 ns] Node 00 (VC0) rcv: 0x19
[21035000 ns] Node 00 (VC0) rcv: 0x1a
[SB-PRED] t=21049000 src=0x1 -> Node00 (VC0) pkt_id=15 len=20
[21055000 ns] Node 00 (VC0) rcv: 0x1b
[21065000 ns] Node 00 (VC0) rcv: 0x1c
[21075000 ns] Node 00 (VC0) rcv: 0x1d
[21085000 ns] Node 00 (VC0) rcv: 0x1e
[21105000 ns] Node 00 (VC0) rcv: 0x1f
[21115000 ns] Node 00 (VC0) rcv: 0x20
[21125000 ns] Node 00 (VC0) rcv: 0x21
[21135000 ns] Node 00 (VC0) rcv: 0x22
[SB-PASS] t=21155000 Node00 (VC0) src=0x1 pkt_id=12 len=20 matches prediction
[21155000 ns] Node 00 (VC0) rcv: 0x23
[21165000 ns] Node 00 (VC0) rcv: 0x30
[21175000 ns] Node 00 (VC0) rcv: 0x31
[21185000 ns] Node 00 (VC0) rcv: 0x32
[21205000 ns] Node 00 (VC0) rcv: 0x33
[21215000 ns] Node 00 (VC0) rcv: 0x34
[21225000 ns] Node 00 (VC0) rcv: 0x35
[21235000 ns] Node 00 (VC0) rcv: 0x36
[21255000 ns] Node 00 (VC0) rcv: 0x37
[21265000 ns] Node 00 (VC0) rcv: 0x38
[21275000 ns] Node 00 (VC0) rcv: 0x39
[SB-PRED] t=21282000 src=0x2 -> Node00 (VC0) pkt_id=15 len=20
[21285000 ns] Node 00 (VC0) rcv: 0x3a
[21305000 ns] Node 00 (VC0) rcv: 0x3b
[21315000 ns] Node 00 (VC0) rcv: 0x3c
[21325000 ns] Node 00 (VC0) rcv: 0x3d
[21335000 ns] Node 00 (VC0) rcv: 0x3e
[21355000 ns] Node 00 (VC0) rcv: 0x3f
[21365000 ns] Node 00 (VC0) rcv: 0x40
[21375000 ns] Node 00 (VC0) rcv: 0x41
[21385000 ns] Node 00 (VC0) rcv: 0x42
[SB-PASS] t=21405000 Node00 (VC0) src=0x3 pkt_id=2 len=20 matches prediction
[21405000 ns] Node 00 (VC0) rcv: 0x43
[21415000 ns] Node 00 (VC0) rcv: 0x10
[21425000 ns] Node 00 (VC0) rcv: 0x11
[21435000 ns] Node 00 (VC0) rcv: 0x12
[21455000 ns] Node 00 (VC0) rcv: 0x13
[21465000 ns] Node 00 (VC0) rcv: 0x14
[21475000 ns] Node 00 (VC0) rcv: 0x15
[21485000 ns] Node 00 (VC0) rcv: 0x16
[21505000 ns] Node 00 (VC0) rcv: 0x17
[21515000 ns] Node 00 (VC0) rcv: 0x18
[21525000 ns] Node 00 (VC0) rcv: 0x19
[21535000 ns] Node 00 (VC0) rcv: 0x1a
[SB-PRED] t=21553000 src=0x1 -> Node00 (VC0) pkt_id=0 len=20
[21555000 ns] Node 00 (VC0) rcv: 0x1b
[21565000 ns] Node 00 (VC0) rcv: 0x1c
[21575000 ns] Node 00 (VC0) rcv: 0x1d
[21585000 ns] Node 00 (VC0) rcv: 0x1e
[21605000 ns] Node 00 (VC0) rcv: 0x1f
[21615000 ns] Node 00 (VC0) rcv: 0x20
[21625000 ns] Node 00 (VC0) rcv: 0x21
[21635000 ns] Node 00 (VC0) rcv: 0x22
[SB-PASS] t=21655000 Node00 (VC0) src=0x1 pkt_id=13 len=20 matches prediction
[21655000 ns] Node 00 (VC0) rcv: 0x23
[21665000 ns] Node 00 (VC0) rcv: 0x20
[21675000 ns] Node 00 (VC0) rcv: 0x21
[21685000 ns] Node 00 (VC0) rcv: 0x22
[21705000 ns] Node 00 (VC0) rcv: 0x23
[21715000 ns] Node 00 (VC0) rcv: 0x24
[21725000 ns] Node 00 (VC0) rcv: 0x25
[21735000 ns] Node 00 (VC0) rcv: 0x26
[21755000 ns] Node 00 (VC0) rcv: 0x27
[21765000 ns] Node 00 (VC0) rcv: 0x28
[21775000 ns] Node 00 (VC0) rcv: 0x29
[21785000 ns] Node 00 (VC0) rcv: 0x2a
[21805000 ns] Node 00 (VC0) rcv: 0x2b
[21815000 ns] Node 00 (VC0) rcv: 0x2c
[21825000 ns] Node 00 (VC0) rcv: 0x2d
[21835000 ns] Node 00 (VC0) rcv: 0x2e
[21855000 ns] Node 00 (VC0) rcv: 0x2f
[SB-PRED] t=21861000 src=0x3 -> Node00 (VC0) pkt_id=6 len=20
[21865000 ns] Node 00 (VC0) rcv: 0x30
[21875000 ns] Node 00 (VC0) rcv: 0x31
[21885000 ns] Node 00 (VC0) rcv: 0x32
[SB-PASS] t=21905000 Node00 (VC0) src=0x2 pkt_id=13 len=20 matches prediction
[21905000 ns] Node 00 (VC0) rcv: 0x33
[21915000 ns] Node 00 (VC0) rcv: 0x10
[21925000 ns] Node 00 (VC0) rcv: 0x11
[21935000 ns] Node 00 (VC0) rcv: 0x12
[21955000 ns] Node 00 (VC0) rcv: 0x13
[21965000 ns] Node 00 (VC0) rcv: 0x14
[21975000 ns] Node 00 (VC0) rcv: 0x15
[21985000 ns] Node 00 (VC0) rcv: 0x16
[22005000 ns] Node 00 (VC0) rcv: 0x17
[22015000 ns] Node 00 (VC0) rcv: 0x18
[22025000 ns] Node 00 (VC0) rcv: 0x19
[22035000 ns] Node 00 (VC0) rcv: 0x1a
[22055000 ns] Node 00 (VC0) rcv: 0x1b
[SB-PRED] t=22057000 src=0x1 -> Node00 (VC0) pkt_id=1 len=20
[22065000 ns] Node 00 (VC0) rcv: 0x1c
[22075000 ns] Node 00 (VC0) rcv: 0x1d
[22085000 ns] Node 00 (VC0) rcv: 0x1e
[22105000 ns] Node 00 (VC0) rcv: 0x1f
[22115000 ns] Node 00 (VC0) rcv: 0x20
[22125000 ns] Node 00 (VC0) rcv: 0x21
[22135000 ns] Node 00 (VC0) rcv: 0x22
[SB-PASS] t=22155000 Node00 (VC0) src=0x1 pkt_id=14 len=20 matches prediction
[22155000 ns] Node 00 (VC0) rcv: 0x23
[22165000 ns] Node 00 (VC0) rcv: 0x30
[22175000 ns] Node 00 (VC0) rcv: 0x31
[22185000 ns] Node 00 (VC0) rcv: 0x32
[22205000 ns] Node 00 (VC0) rcv: 0x33
[22215000 ns] Node 00 (VC0) rcv: 0x34
[22225000 ns] Node 00 (VC0) rcv: 0x35
[22235000 ns] Node 00 (VC0) rcv: 0x36
[22255000 ns] Node 00 (VC0) rcv: 0x37
[22265000 ns] Node 00 (VC0) rcv: 0x38
[22275000 ns] Node 00 (VC0) rcv: 0x39
[22285000 ns] Node 00 (VC0) rcv: 0x3a
[SB-PRED] t=22290000 src=0x2 -> Node00 (VC0) pkt_id=0 len=20
[22305000 ns] Node 00 (VC0) rcv: 0x3b
[22315000 ns] Node 00 (VC0) rcv: 0x3c
[22325000 ns] Node 00 (VC0) rcv: 0x3d
[22335000 ns] Node 00 (VC0) rcv: 0x3e
[22355000 ns] Node 00 (VC0) rcv: 0x3f
[22365000 ns] Node 00 (VC0) rcv: 0x40
[22375000 ns] Node 00 (VC0) rcv: 0x41
[22385000 ns] Node 00 (VC0) rcv: 0x42
[SB-PASS] t=22405000 Node00 (VC0) src=0x3 pkt_id=3 len=20 matches prediction
[22405000 ns] Node 00 (VC0) rcv: 0x43
[22415000 ns] Node 00 (VC0) rcv: 0x10
[22425000 ns] Node 00 (VC0) rcv: 0x11
[22435000 ns] Node 00 (VC0) rcv: 0x12
[22455000 ns] Node 00 (VC0) rcv: 0x13
[22465000 ns] Node 00 (VC0) rcv: 0x14
[22475000 ns] Node 00 (VC0) rcv: 0x15
[22485000 ns] Node 00 (VC0) rcv: 0x16
[22505000 ns] Node 00 (VC0) rcv: 0x17
[22515000 ns] Node 00 (VC0) rcv: 0x18
[22525000 ns] Node 00 (VC0) rcv: 0x19
[22535000 ns] Node 00 (VC0) rcv: 0x1a
[22555000 ns] Node 00 (VC0) rcv: 0x1b
[SB-PRED] t=22561000 src=0x1 -> Node00 (VC0) pkt_id=2 len=20
[22565000 ns] Node 00 (VC0) rcv: 0x1c
[22575000 ns] Node 00 (VC0) rcv: 0x1d
[22585000 ns] Node 00 (VC0) rcv: 0x1e
[22605000 ns] Node 00 (VC0) rcv: 0x1f
[22615000 ns] Node 00 (VC0) rcv: 0x20
[22625000 ns] Node 00 (VC0) rcv: 0x21
[22635000 ns] Node 00 (VC0) rcv: 0x22
[SB-PASS] t=22655000 Node00 (VC0) src=0x1 pkt_id=15 len=20 matches prediction
[22655000 ns] Node 00 (VC0) rcv: 0x23
[22665000 ns] Node 00 (VC0) rcv: 0x20
[22675000 ns] Node 00 (VC0) rcv: 0x21
[22685000 ns] Node 00 (VC0) rcv: 0x22
[22705000 ns] Node 00 (VC0) rcv: 0x23
[22715000 ns] Node 00 (VC0) rcv: 0x24
[22725000 ns] Node 00 (VC0) rcv: 0x25
[22735000 ns] Node 00 (VC0) rcv: 0x26
[22755000 ns] Node 00 (VC0) rcv: 0x27
[22765000 ns] Node 00 (VC0) rcv: 0x28
[22775000 ns] Node 00 (VC0) rcv: 0x29
[22785000 ns] Node 00 (VC0) rcv: 0x2a
[22805000 ns] Node 00 (VC0) rcv: 0x2b
[22815000 ns] Node 00 (VC0) rcv: 0x2c
[22825000 ns] Node 00 (VC0) rcv: 0x2d
[22835000 ns] Node 00 (VC0) rcv: 0x2e
[22855000 ns] Node 00 (VC0) rcv: 0x2f
[22865000 ns] Node 00 (VC0) rcv: 0x30
[SB-PRED] t=22869000 src=0x3 -> Node00 (VC0) pkt_id=7 len=20
[22875000 ns] Node 00 (VC0) rcv: 0x31
[22885000 ns] Node 00 (VC0) rcv: 0x32
[SB-PASS] t=22905000 Node00 (VC0) src=0x2 pkt_id=14 len=20 matches prediction
[22905000 ns] Node 00 (VC0) rcv: 0x33
[22915000 ns] Node 00 (VC0) rcv: 0x10
[22925000 ns] Node 00 (VC0) rcv: 0x11
[22935000 ns] Node 00 (VC0) rcv: 0x12
[22955000 ns] Node 00 (VC0) rcv: 0x13
[22965000 ns] Node 00 (VC0) rcv: 0x14
[22975000 ns] Node 00 (VC0) rcv: 0x15
[22985000 ns] Node 00 (VC0) rcv: 0x16
[23005000 ns] Node 00 (VC0) rcv: 0x17
[23015000 ns] Node 00 (VC0) rcv: 0x18
[23025000 ns] Node 00 (VC0) rcv: 0x19
[23035000 ns] Node 00 (VC0) rcv: 0x1a
[SB-PRED] t=23051000 src=0x1 -> Node00 (VC0) pkt_id=3 len=20
[23055000 ns] Node 00 (VC0) rcv: 0x1b
[23065000 ns] Node 00 (VC0) rcv: 0x1c
[23075000 ns] Node 00 (VC0) rcv: 0x1d
[23085000 ns] Node 00 (VC0) rcv: 0x1e
[23105000 ns] Node 00 (VC0) rcv: 0x1f
[23115000 ns] Node 00 (VC0) rcv: 0x20
[23125000 ns] Node 00 (VC0) rcv: 0x21
[23135000 ns] Node 00 (VC0) rcv: 0x22
[SB-PASS] t=23155000 Node00 (VC0) src=0x1 pkt_id=0 len=20 matches prediction
[23155000 ns] Node 00 (VC0) rcv: 0x23
[23165000 ns] Node 00 (VC0) rcv: 0x30
[23175000 ns] Node 00 (VC0) rcv: 0x31
[23185000 ns] Node 00 (VC0) rcv: 0x32
[23205000 ns] Node 00 (VC0) rcv: 0x33
[23215000 ns] Node 00 (VC0) rcv: 0x34
[23225000 ns] Node 00 (VC0) rcv: 0x35
[23235000 ns] Node 00 (VC0) rcv: 0x36
[23255000 ns] Node 00 (VC0) rcv: 0x37
[23265000 ns] Node 00 (VC0) rcv: 0x38
[23275000 ns] Node 00 (VC0) rcv: 0x39
[23285000 ns] Node 00 (VC0) rcv: 0x3a
[SB-PRED] t=23286000 src=0x2 -> Node00 (VC0) pkt_id=1 len=20
[23305000 ns] Node 00 (VC0) rcv: 0x3b
[23315000 ns] Node 00 (VC0) rcv: 0x3c
[23325000 ns] Node 00 (VC0) rcv: 0x3d
[23335000 ns] Node 00 (VC0) rcv: 0x3e
[23355000 ns] Node 00 (VC0) rcv: 0x3f
[23365000 ns] Node 00 (VC0) rcv: 0x40
[23375000 ns] Node 00 (VC0) rcv: 0x41
[23385000 ns] Node 00 (VC0) rcv: 0x42
[SB-PASS] t=23405000 Node00 (VC0) src=0x3 pkt_id=4 len=20 matches prediction
[23405000 ns] Node 00 (VC0) rcv: 0x43
[23415000 ns] Node 00 (VC0) rcv: 0x10
[23425000 ns] Node 00 (VC0) rcv: 0x11
[23435000 ns] Node 00 (VC0) rcv: 0x12
[23455000 ns] Node 00 (VC0) rcv: 0x13
[23465000 ns] Node 00 (VC0) rcv: 0x14
[23475000 ns] Node 00 (VC0) rcv: 0x15
[23485000 ns] Node 00 (VC0) rcv: 0x16
[23505000 ns] Node 00 (VC0) rcv: 0x17
[23515000 ns] Node 00 (VC0) rcv: 0x18
[23525000 ns] Node 00 (VC0) rcv: 0x19
[23535000 ns] Node 00 (VC0) rcv: 0x1a
[23555000 ns] Node 00 (VC0) rcv: 0x1b
[SB-PRED] t=23555000 src=0x1 -> Node00 (VC0) pkt_id=4 len=20
[23565000 ns] Node 00 (VC0) rcv: 0x1c
[23575000 ns] Node 00 (VC0) rcv: 0x1d
[23585000 ns] Node 00 (VC0) rcv: 0x1e
[23605000 ns] Node 00 (VC0) rcv: 0x1f
[23615000 ns] Node 00 (VC0) rcv: 0x20
[23625000 ns] Node 00 (VC0) rcv: 0x21
[23635000 ns] Node 00 (VC0) rcv: 0x22
[SB-PASS] t=23655000 Node00 (VC0) src=0x1 pkt_id=1 len=20 matches prediction
[23655000 ns] Node 00 (VC0) rcv: 0x23
[23665000 ns] Node 00 (VC0) rcv: 0x20
[23675000 ns] Node 00 (VC0) rcv: 0x21
[23685000 ns] Node 00 (VC0) rcv: 0x22
[23705000 ns] Node 00 (VC0) rcv: 0x23
[23715000 ns] Node 00 (VC0) rcv: 0x24
[23725000 ns] Node 00 (VC0) rcv: 0x25
[23735000 ns] Node 00 (VC0) rcv: 0x26
[23755000 ns] Node 00 (VC0) rcv: 0x27
[23765000 ns] Node 00 (VC0) rcv: 0x28
[23775000 ns] Node 00 (VC0) rcv: 0x29
[23785000 ns] Node 00 (VC0) rcv: 0x2a
[23805000 ns] Node 00 (VC0) rcv: 0x2b
[23815000 ns] Node 00 (VC0) rcv: 0x2c
[23825000 ns] Node 00 (VC0) rcv: 0x2d
[23835000 ns] Node 00 (VC0) rcv: 0x2e
[23855000 ns] Node 00 (VC0) rcv: 0x2f
[SB-PRED] t=23863000 src=0x3 -> Node00 (VC0) pkt_id=8 len=20
[23865000 ns] Node 00 (VC0) rcv: 0x30
[23875000 ns] Node 00 (VC0) rcv: 0x31
[23885000 ns] Node 00 (VC0) rcv: 0x32
[SB-PASS] t=23905000 Node00 (VC0) src=0x2 pkt_id=15 len=20 matches prediction
[23905000 ns] Node 00 (VC0) rcv: 0x33
[23915000 ns] Node 00 (VC0) rcv: 0x10
[23925000 ns] Node 00 (VC0) rcv: 0x11
[23935000 ns] Node 00 (VC0) rcv: 0x12
[23955000 ns] Node 00 (VC0) rcv: 0x13
[23965000 ns] Node 00 (VC0) rcv: 0x14
[23975000 ns] Node 00 (VC0) rcv: 0x15
[23985000 ns] Node 00 (VC0) rcv: 0x16
[24005000 ns] Node 00 (VC0) rcv: 0x17
[24015000 ns] Node 00 (VC0) rcv: 0x18
[24025000 ns] Node 00 (VC0) rcv: 0x19
[24035000 ns] Node 00 (VC0) rcv: 0x1a
[24055000 ns] Node 00 (VC0) rcv: 0x1b
[SB-PRED] t=24059000 src=0x1 -> Node00 (VC0) pkt_id=5 len=20
[24065000 ns] Node 00 (VC0) rcv: 0x1c
[24075000 ns] Node 00 (VC0) rcv: 0x1d
[24085000 ns] Node 00 (VC0) rcv: 0x1e
[24105000 ns] Node 00 (VC0) rcv: 0x1f
[24115000 ns] Node 00 (VC0) rcv: 0x20
[24125000 ns] Node 00 (VC0) rcv: 0x21
[24135000 ns] Node 00 (VC0) rcv: 0x22
[SB-PASS] t=24155000 Node00 (VC0) src=0x1 pkt_id=2 len=20 matches prediction
[24155000 ns] Node 00 (VC0) rcv: 0x23
[24165000 ns] Node 00 (VC0) rcv: 0x30
[24175000 ns] Node 00 (VC0) rcv: 0x31
[24185000 ns] Node 00 (VC0) rcv: 0x32
[24205000 ns] Node 00 (VC0) rcv: 0x33
[24215000 ns] Node 00 (VC0) rcv: 0x34
[24225000 ns] Node 00 (VC0) rcv: 0x35
[24235000 ns] Node 00 (VC0) rcv: 0x36
[24255000 ns] Node 00 (VC0) rcv: 0x37
[24265000 ns] Node 00 (VC0) rcv: 0x38
[24275000 ns] Node 00 (VC0) rcv: 0x39
[SB-PRED] t=24282000 src=0x2 -> Node00 (VC0) pkt_id=2 len=20
[24285000 ns] Node 00 (VC0) rcv: 0x3a
[24305000 ns] Node 00 (VC0) rcv: 0x3b
[24315000 ns] Node 00 (VC0) rcv: 0x3c
[24325000 ns] Node 00 (VC0) rcv: 0x3d
[24335000 ns] Node 00 (VC0) rcv: 0x3e
[24355000 ns] Node 00 (VC0) rcv: 0x3f
[24365000 ns] Node 00 (VC0) rcv: 0x40
[24375000 ns] Node 00 (VC0) rcv: 0x41
[24385000 ns] Node 00 (VC0) rcv: 0x42
[SB-PASS] t=24405000 Node00 (VC0) src=0x3 pkt_id=5 len=20 matches prediction
[24405000 ns] Node 00 (VC0) rcv: 0x43
[24415000 ns] Node 00 (VC0) rcv: 0x10
[24425000 ns] Node 00 (VC0) rcv: 0x11
[24435000 ns] Node 00 (VC0) rcv: 0x12
[24455000 ns] Node 00 (VC0) rcv: 0x13
[24465000 ns] Node 00 (VC0) rcv: 0x14
[24475000 ns] Node 00 (VC0) rcv: 0x15
[24485000 ns] Node 00 (VC0) rcv: 0x16
[24505000 ns] Node 00 (VC0) rcv: 0x17
[24515000 ns] Node 00 (VC0) rcv: 0x18
[24525000 ns] Node 00 (VC0) rcv: 0x19
[24535000 ns] Node 00 (VC0) rcv: 0x1a
[SB-PRED] t=24549000 src=0x1 -> Node00 (VC0) pkt_id=6 len=20
[24555000 ns] Node 00 (VC0) rcv: 0x1b
[24565000 ns] Node 00 (VC0) rcv: 0x1c
[24575000 ns] Node 00 (VC0) rcv: 0x1d
[24585000 ns] Node 00 (VC0) rcv: 0x1e
[24605000 ns] Node 00 (VC0) rcv: 0x1f
[24615000 ns] Node 00 (VC0) rcv: 0x20
[24625000 ns] Node 00 (VC0) rcv: 0x21
[24635000 ns] Node 00 (VC0) rcv: 0x22
[SB-PASS] t=24655000 Node00 (VC0) src=0x1 pkt_id=3 len=20 matches prediction
[24655000 ns] Node 00 (VC0) rcv: 0x23
[24665000 ns] Node 00 (VC0) rcv: 0x20
[24675000 ns] Node 00 (VC0) rcv: 0x21
[24685000 ns] Node 00 (VC0) rcv: 0x22
[24705000 ns] Node 00 (VC0) rcv: 0x23
[24715000 ns] Node 00 (VC0) rcv: 0x24
[24725000 ns] Node 00 (VC0) rcv: 0x25
[24735000 ns] Node 00 (VC0) rcv: 0x26
[24755000 ns] Node 00 (VC0) rcv: 0x27
[24765000 ns] Node 00 (VC0) rcv: 0x28
[24775000 ns] Node 00 (VC0) rcv: 0x29
[24785000 ns] Node 00 (VC0) rcv: 0x2a
[24805000 ns] Node 00 (VC0) rcv: 0x2b
[24815000 ns] Node 00 (VC0) rcv: 0x2c
[24825000 ns] Node 00 (VC0) rcv: 0x2d
[24835000 ns] Node 00 (VC0) rcv: 0x2e
[24855000 ns] Node 00 (VC0) rcv: 0x2f
[24865000 ns] Node 00 (VC0) rcv: 0x30
[SB-PRED] t=24871000 src=0x3 -> Node00 (VC0) pkt_id=9 len=20
[24875000 ns] Node 00 (VC0) rcv: 0x31
[24885000 ns] Node 00 (VC0) rcv: 0x32
[SB-PASS] t=24905000 Node00 (VC0) src=0x2 pkt_id=0 len=20 matches prediction
[24905000 ns] Node 00 (VC0) rcv: 0x33
[24915000 ns] Node 00 (VC0) rcv: 0x10
[24925000 ns] Node 00 (VC0) rcv: 0x11
[24935000 ns] Node 00 (VC0) rcv: 0x12
[24955000 ns] Node 00 (VC0) rcv: 0x13
[24965000 ns] Node 00 (VC0) rcv: 0x14
[24975000 ns] Node 00 (VC0) rcv: 0x15
[24985000 ns] Node 00 (VC0) rcv: 0x16
[25005000 ns] Node 00 (VC0) rcv: 0x17
[25015000 ns] Node 00 (VC0) rcv: 0x18
[25025000 ns] Node 00 (VC0) rcv: 0x19
[25035000 ns] Node 00 (VC0) rcv: 0x1a
[SB-PRED] t=25053000 src=0x1 -> Node00 (VC0) pkt_id=7 len=20
[25055000 ns] Node 00 (VC0) rcv: 0x1b
[25065000 ns] Node 00 (VC0) rcv: 0x1c
[25075000 ns] Node 00 (VC0) rcv: 0x1d
[25085000 ns] Node 00 (VC0) rcv: 0x1e
[25105000 ns] Node 00 (VC0) rcv: 0x1f
[25115000 ns] Node 00 (VC0) rcv: 0x20
[25125000 ns] Node 00 (VC0) rcv: 0x21
[25135000 ns] Node 00 (VC0) rcv: 0x22
[SB-PASS] t=25155000 Node00 (VC0) src=0x1 pkt_id=4 len=20 matches prediction
[25155000 ns] Node 00 (VC0) rcv: 0x23
[25165000 ns] Node 00 (VC0) rcv: 0x30
[25175000 ns] Node 00 (VC0) rcv: 0x31
[25185000 ns] Node 00 (VC0) rcv: 0x32
[25205000 ns] Node 00 (VC0) rcv: 0x33
[25215000 ns] Node 00 (VC0) rcv: 0x34
[25225000 ns] Node 00 (VC0) rcv: 0x35
[25235000 ns] Node 00 (VC0) rcv: 0x36
[25255000 ns] Node 00 (VC0) rcv: 0x37
[25265000 ns] Node 00 (VC0) rcv: 0x38
[25275000 ns] Node 00 (VC0) rcv: 0x39
[25285000 ns] Node 00 (VC0) rcv: 0x3a
[SB-PRED] t=25290000 src=0x2 -> Node00 (VC0) pkt_id=3 len=20
[25305000 ns] Node 00 (VC0) rcv: 0x3b
[25315000 ns] Node 00 (VC0) rcv: 0x3c
[25325000 ns] Node 00 (VC0) rcv: 0x3d
[25335000 ns] Node 00 (VC0) rcv: 0x3e
[25355000 ns] Node 00 (VC0) rcv: 0x3f
[25365000 ns] Node 00 (VC0) rcv: 0x40
[25375000 ns] Node 00 (VC0) rcv: 0x41
[25385000 ns] Node 00 (VC0) rcv: 0x42
[SB-PASS] t=25405000 Node00 (VC0) src=0x3 pkt_id=6 len=20 matches prediction
[25405000 ns] Node 00 (VC0) rcv: 0x43
[25415000 ns] Node 00 (VC0) rcv: 0x10
[25425000 ns] Node 00 (VC0) rcv: 0x11
[25435000 ns] Node 00 (VC0) rcv: 0x12
[25455000 ns] Node 00 (VC0) rcv: 0x13
[25465000 ns] Node 00 (VC0) rcv: 0x14
[25475000 ns] Node 00 (VC0) rcv: 0x15
[25485000 ns] Node 00 (VC0) rcv: 0x16
[25505000 ns] Node 00 (VC0) rcv: 0x17
[25515000 ns] Node 00 (VC0) rcv: 0x18
[25525000 ns] Node 00 (VC0) rcv: 0x19
[25535000 ns] Node 00 (VC0) rcv: 0x1a
[25555000 ns] Node 00 (VC0) rcv: 0x1b
[SB-PRED] t=25557000 src=0x1 -> Node00 (VC0) pkt_id=8 len=20
[25565000 ns] Node 00 (VC0) rcv: 0x1c
[25575000 ns] Node 00 (VC0) rcv: 0x1d
[25585000 ns] Node 00 (VC0) rcv: 0x1e
[25605000 ns] Node 00 (VC0) rcv: 0x1f
[25615000 ns] Node 00 (VC0) rcv: 0x20
[25625000 ns] Node 00 (VC0) rcv: 0x21
[25635000 ns] Node 00 (VC0) rcv: 0x22
[SB-PASS] t=25655000 Node00 (VC0) src=0x1 pkt_id=5 len=20 matches prediction
[25655000 ns] Node 00 (VC0) rcv: 0x23
[25665000 ns] Node 00 (VC0) rcv: 0x20
[25675000 ns] Node 00 (VC0) rcv: 0x21
[25685000 ns] Node 00 (VC0) rcv: 0x22
[25705000 ns] Node 00 (VC0) rcv: 0x23
[25715000 ns] Node 00 (VC0) rcv: 0x24
[25725000 ns] Node 00 (VC0) rcv: 0x25
[25735000 ns] Node 00 (VC0) rcv: 0x26
[25755000 ns] Node 00 (VC0) rcv: 0x27
[25765000 ns] Node 00 (VC0) rcv: 0x28
[25775000 ns] Node 00 (VC0) rcv: 0x29
[25785000 ns] Node 00 (VC0) rcv: 0x2a
[25805000 ns] Node 00 (VC0) rcv: 0x2b
[25815000 ns] Node 00 (VC0) rcv: 0x2c
[25825000 ns] Node 00 (VC0) rcv: 0x2d
[25835000 ns] Node 00 (VC0) rcv: 0x2e
[25855000 ns] Node 00 (VC0) rcv: 0x2f
[25865000 ns] Node 00 (VC0) rcv: 0x30
[SB-PRED] t=25865000 src=0x3 -> Node00 (VC0) pkt_id=10 len=20
[25875000 ns] Node 00 (VC0) rcv: 0x31
[25885000 ns] Node 00 (VC0) rcv: 0x32
[SB-PASS] t=25905000 Node00 (VC0) src=0x2 pkt_id=1 len=20 matches prediction
[25905000 ns] Node 00 (VC0) rcv: 0x33
[25915000 ns] Node 00 (VC0) rcv: 0x10
[25925000 ns] Node 00 (VC0) rcv: 0x11
[25935000 ns] Node 00 (VC0) rcv: 0x12
[25955000 ns] Node 00 (VC0) rcv: 0x13
[25965000 ns] Node 00 (VC0) rcv: 0x14
[25975000 ns] Node 00 (VC0) rcv: 0x15
[25985000 ns] Node 00 (VC0) rcv: 0x16
[26005000 ns] Node 00 (VC0) rcv: 0x17
[26015000 ns] Node 00 (VC0) rcv: 0x18
[26025000 ns] Node 00 (VC0) rcv: 0x19
[26035000 ns] Node 00 (VC0) rcv: 0x1a
[26055000 ns] Node 00 (VC0) rcv: 0x1b
[SB-PRED] t=26061000 src=0x1 -> Node00 (VC0) pkt_id=9 len=20
[26065000 ns] Node 00 (VC0) rcv: 0x1c
[26075000 ns] Node 00 (VC0) rcv: 0x1d
[26085000 ns] Node 00 (VC0) rcv: 0x1e
[26105000 ns] Node 00 (VC0) rcv: 0x1f
[26115000 ns] Node 00 (VC0) rcv: 0x20
[26125000 ns] Node 00 (VC0) rcv: 0x21
[26135000 ns] Node 00 (VC0) rcv: 0x22
[SB-PASS] t=26155000 Node00 (VC0) src=0x1 pkt_id=6 len=20 matches prediction
[26155000 ns] Node 00 (VC0) rcv: 0x23
[26165000 ns] Node 00 (VC0) rcv: 0x30
[26175000 ns] Node 00 (VC0) rcv: 0x31
[26185000 ns] Node 00 (VC0) rcv: 0x32
[26205000 ns] Node 00 (VC0) rcv: 0x33
[26215000 ns] Node 00 (VC0) rcv: 0x34
[26225000 ns] Node 00 (VC0) rcv: 0x35
[26235000 ns] Node 00 (VC0) rcv: 0x36
[26255000 ns] Node 00 (VC0) rcv: 0x37
[26265000 ns] Node 00 (VC0) rcv: 0x38
[26275000 ns] Node 00 (VC0) rcv: 0x39
[26285000 ns] Node 00 (VC0) rcv: 0x3a
[SB-PRED] t=26286000 src=0x2 -> Node00 (VC0) pkt_id=4 len=20
[26305000 ns] Node 00 (VC0) rcv: 0x3b
[26315000 ns] Node 00 (VC0) rcv: 0x3c
[26325000 ns] Node 00 (VC0) rcv: 0x3d
[26335000 ns] Node 00 (VC0) rcv: 0x3e
[26355000 ns] Node 00 (VC0) rcv: 0x3f
[26365000 ns] Node 00 (VC0) rcv: 0x40
[26375000 ns] Node 00 (VC0) rcv: 0x41
[26385000 ns] Node 00 (VC0) rcv: 0x42
[SB-PASS] t=26405000 Node00 (VC0) src=0x3 pkt_id=7 len=20 matches prediction
[26405000 ns] Node 00 (VC0) rcv: 0x43
[26415000 ns] Node 00 (VC0) rcv: 0x10
[26425000 ns] Node 00 (VC0) rcv: 0x11
[26435000 ns] Node 00 (VC0) rcv: 0x12
[26455000 ns] Node 00 (VC0) rcv: 0x13
[26465000 ns] Node 00 (VC0) rcv: 0x14
[26475000 ns] Node 00 (VC0) rcv: 0x15
[26485000 ns] Node 00 (VC0) rcv: 0x16
[26505000 ns] Node 00 (VC0) rcv: 0x17
[26515000 ns] Node 00 (VC0) rcv: 0x18
[26525000 ns] Node 00 (VC0) rcv: 0x19
[26535000 ns] Node 00 (VC0) rcv: 0x1a
[SB-PRED] t=26551000 src=0x1 -> Node00 (VC0) pkt_id=10 len=20
[26555000 ns] Node 00 (VC0) rcv: 0x1b
[26565000 ns] Node 00 (VC0) rcv: 0x1c
[26575000 ns] Node 00 (VC0) rcv: 0x1d
[26585000 ns] Node 00 (VC0) rcv: 0x1e
[26605000 ns] Node 00 (VC0) rcv: 0x1f
[26615000 ns] Node 00 (VC0) rcv: 0x20
[26625000 ns] Node 00 (VC0) rcv: 0x21
[26635000 ns] Node 00 (VC0) rcv: 0x22
[SB-PASS] t=26655000 Node00 (VC0) src=0x1 pkt_id=7 len=20 matches prediction
[26655000 ns] Node 00 (VC0) rcv: 0x23
[26665000 ns] Node 00 (VC0) rcv: 0x20
[26675000 ns] Node 00 (VC0) rcv: 0x21
[26685000 ns] Node 00 (VC0) rcv: 0x22
[26705000 ns] Node 00 (VC0) rcv: 0x23
[26715000 ns] Node 00 (VC0) rcv: 0x24
[26725000 ns] Node 00 (VC0) rcv: 0x25
[26735000 ns] Node 00 (VC0) rcv: 0x26
[26755000 ns] Node 00 (VC0) rcv: 0x27
[26765000 ns] Node 00 (VC0) rcv: 0x28
[26775000 ns] Node 00 (VC0) rcv: 0x29
[26785000 ns] Node 00 (VC0) rcv: 0x2a
[26805000 ns] Node 00 (VC0) rcv: 0x2b
[26815000 ns] Node 00 (VC0) rcv: 0x2c
[26825000 ns] Node 00 (VC0) rcv: 0x2d
[26835000 ns] Node 00 (VC0) rcv: 0x2e
[26855000 ns] Node 00 (VC0) rcv: 0x2f
[26865000 ns] Node 00 (VC0) rcv: 0x30
[SB-PRED] t=26873000 src=0x3 -> Node00 (VC0) pkt_id=11 len=20
[26875000 ns] Node 00 (VC0) rcv: 0x31
[26885000 ns] Node 00 (VC0) rcv: 0x32
[SB-PASS] t=26905000 Node00 (VC0) src=0x2 pkt_id=2 len=20 matches prediction
[26905000 ns] Node 00 (VC0) rcv: 0x33
[26915000 ns] Node 00 (VC0) rcv: 0x10
[26925000 ns] Node 00 (VC0) rcv: 0x11
[26935000 ns] Node 00 (VC0) rcv: 0x12
[26955000 ns] Node 00 (VC0) rcv: 0x13
[26965000 ns] Node 00 (VC0) rcv: 0x14
[26975000 ns] Node 00 (VC0) rcv: 0x15
[26985000 ns] Node 00 (VC0) rcv: 0x16
[27005000 ns] Node 00 (VC0) rcv: 0x17
[27015000 ns] Node 00 (VC0) rcv: 0x18
[27025000 ns] Node 00 (VC0) rcv: 0x19
[27035000 ns] Node 00 (VC0) rcv: 0x1a
[27055000 ns] Node 00 (VC0) rcv: 0x1b
[SB-PRED] t=27055000 src=0x1 -> Node00 (VC0) pkt_id=11 len=20
[27065000 ns] Node 00 (VC0) rcv: 0x1c
[27075000 ns] Node 00 (VC0) rcv: 0x1d
[27085000 ns] Node 00 (VC0) rcv: 0x1e
[27105000 ns] Node 00 (VC0) rcv: 0x1f
[27115000 ns] Node 00 (VC0) rcv: 0x20
[27125000 ns] Node 00 (VC0) rcv: 0x21
[27135000 ns] Node 00 (VC0) rcv: 0x22
[SB-PASS] t=27155000 Node00 (VC0) src=0x1 pkt_id=8 len=20 matches prediction
[27155000 ns] Node 00 (VC0) rcv: 0x23
[27165000 ns] Node 00 (VC0) rcv: 0x30
[27175000 ns] Node 00 (VC0) rcv: 0x31
[27185000 ns] Node 00 (VC0) rcv: 0x32
[27205000 ns] Node 00 (VC0) rcv: 0x33
[27215000 ns] Node 00 (VC0) rcv: 0x34
[27225000 ns] Node 00 (VC0) rcv: 0x35
[27235000 ns] Node 00 (VC0) rcv: 0x36
[27255000 ns] Node 00 (VC0) rcv: 0x37
[27265000 ns] Node 00 (VC0) rcv: 0x38
[27275000 ns] Node 00 (VC0) rcv: 0x39
[SB-PRED] t=27282000 src=0x2 -> Node00 (VC0) pkt_id=5 len=20
[27285000 ns] Node 00 (VC0) rcv: 0x3a
[27305000 ns] Node 00 (VC0) rcv: 0x3b
[27315000 ns] Node 00 (VC0) rcv: 0x3c
[27325000 ns] Node 00 (VC0) rcv: 0x3d
[27335000 ns] Node 00 (VC0) rcv: 0x3e
[27355000 ns] Node 00 (VC0) rcv: 0x3f
[27365000 ns] Node 00 (VC0) rcv: 0x40
[27375000 ns] Node 00 (VC0) rcv: 0x41
[27385000 ns] Node 00 (VC0) rcv: 0x42
[SB-PASS] t=27405000 Node00 (VC0) src=0x3 pkt_id=8 len=20 matches prediction
[27405000 ns] Node 00 (VC0) rcv: 0x43
[27415000 ns] Node 00 (VC0) rcv: 0x10
[27425000 ns] Node 00 (VC0) rcv: 0x11
[27435000 ns] Node 00 (VC0) rcv: 0x12
[27455000 ns] Node 00 (VC0) rcv: 0x13
[27465000 ns] Node 00 (VC0) rcv: 0x14
[27475000 ns] Node 00 (VC0) rcv: 0x15
[27485000 ns] Node 00 (VC0) rcv: 0x16
[27505000 ns] Node 00 (VC0) rcv: 0x17
[27515000 ns] Node 00 (VC0) rcv: 0x18
[27525000 ns] Node 00 (VC0) rcv: 0x19
[27535000 ns] Node 00 (VC0) rcv: 0x1a
[27555000 ns] Node 00 (VC0) rcv: 0x1b
[SB-PRED] t=27559000 src=0x1 -> Node00 (VC0) pkt_id=12 len=20
[27565000 ns] Node 00 (VC0) rcv: 0x1c
[27575000 ns] Node 00 (VC0) rcv: 0x1d
[27585000 ns] Node 00 (VC0) rcv: 0x1e
[27605000 ns] Node 00 (VC0) rcv: 0x1f
[27615000 ns] Node 00 (VC0) rcv: 0x20
[27625000 ns] Node 00 (VC0) rcv: 0x21
[27635000 ns] Node 00 (VC0) rcv: 0x22
[SB-PASS] t=27655000 Node00 (VC0) src=0x1 pkt_id=9 len=20 matches prediction
[27655000 ns] Node 00 (VC0) rcv: 0x23
[27665000 ns] Node 00 (VC0) rcv: 0x20
[27675000 ns] Node 00 (VC0) rcv: 0x21
[27685000 ns] Node 00 (VC0) rcv: 0x22
[27705000 ns] Node 00 (VC0) rcv: 0x23
[27715000 ns] Node 00 (VC0) rcv: 0x24
[27725000 ns] Node 00 (VC0) rcv: 0x25
[27735000 ns] Node 00 (VC0) rcv: 0x26
[27755000 ns] Node 00 (VC0) rcv: 0x27
[27765000 ns] Node 00 (VC0) rcv: 0x28
[27775000 ns] Node 00 (VC0) rcv: 0x29
[27785000 ns] Node 00 (VC0) rcv: 0x2a
[27805000 ns] Node 00 (VC0) rcv: 0x2b
[27815000 ns] Node 00 (VC0) rcv: 0x2c
[27825000 ns] Node 00 (VC0) rcv: 0x2d
[27835000 ns] Node 00 (VC0) rcv: 0x2e
[27855000 ns] Node 00 (VC0) rcv: 0x2f
[27865000 ns] Node 00 (VC0) rcv: 0x30
[SB-PRED] t=27867000 src=0x3 -> Node00 (VC0) pkt_id=12 len=20
[27875000 ns] Node 00 (VC0) rcv: 0x31
[27885000 ns] Node 00 (VC0) rcv: 0x32
[SB-PASS] t=27905000 Node00 (VC0) src=0x2 pkt_id=3 len=20 matches prediction
[27905000 ns] Node 00 (VC0) rcv: 0x33
[27915000 ns] Node 00 (VC0) rcv: 0x10
[27925000 ns] Node 00 (VC0) rcv: 0x11
[27935000 ns] Node 00 (VC0) rcv: 0x12
[27955000 ns] Node 00 (VC0) rcv: 0x13
[27965000 ns] Node 00 (VC0) rcv: 0x14
[27975000 ns] Node 00 (VC0) rcv: 0x15
[27985000 ns] Node 00 (VC0) rcv: 0x16
[28005000 ns] Node 00 (VC0) rcv: 0x17
[28015000 ns] Node 00 (VC0) rcv: 0x18
[28025000 ns] Node 00 (VC0) rcv: 0x19
[28035000 ns] Node 00 (VC0) rcv: 0x1a
[SB-PRED] t=28049000 src=0x1 -> Node00 (VC0) pkt_id=13 len=20
[28055000 ns] Node 00 (VC0) rcv: 0x1b
[28065000 ns] Node 00 (VC0) rcv: 0x1c
[28075000 ns] Node 00 (VC0) rcv: 0x1d
[28085000 ns] Node 00 (VC0) rcv: 0x1e
[28105000 ns] Node 00 (VC0) rcv: 0x1f
[28115000 ns] Node 00 (VC0) rcv: 0x20
[28125000 ns] Node 00 (VC0) rcv: 0x21
[28135000 ns] Node 00 (VC0) rcv: 0x22
[SB-PASS] t=28155000 Node00 (VC0) src=0x1 pkt_id=10 len=20 matches prediction
[28155000 ns] Node 00 (VC0) rcv: 0x23
[28165000 ns] Node 00 (VC0) rcv: 0x30
[28175000 ns] Node 00 (VC0) rcv: 0x31
[28185000 ns] Node 00 (VC0) rcv: 0x32
[28205000 ns] Node 00 (VC0) rcv: 0x33
[28215000 ns] Node 00 (VC0) rcv: 0x34
[28225000 ns] Node 00 (VC0) rcv: 0x35
[28235000 ns] Node 00 (VC0) rcv: 0x36
[28255000 ns] Node 00 (VC0) rcv: 0x37
[28265000 ns] Node 00 (VC0) rcv: 0x38
[28275000 ns] Node 00 (VC0) rcv: 0x39
[28285000 ns] Node 00 (VC0) rcv: 0x3a
[SB-PRED] t=28290000 src=0x2 -> Node00 (VC0) pkt_id=6 len=20
[28305000 ns] Node 00 (VC0) rcv: 0x3b
[28315000 ns] Node 00 (VC0) rcv: 0x3c
[28325000 ns] Node 00 (VC0) rcv: 0x3d
[28335000 ns] Node 00 (VC0) rcv: 0x3e
[28355000 ns] Node 00 (VC0) rcv: 0x3f
[28365000 ns] Node 00 (VC0) rcv: 0x40
[28375000 ns] Node 00 (VC0) rcv: 0x41
[28385000 ns] Node 00 (VC0) rcv: 0x42
[SB-PASS] t=28405000 Node00 (VC0) src=0x3 pkt_id=9 len=20 matches prediction
[28405000 ns] Node 00 (VC0) rcv: 0x43
[28415000 ns] Node 00 (VC0) rcv: 0x10
[28425000 ns] Node 00 (VC0) rcv: 0x11
[28435000 ns] Node 00 (VC0) rcv: 0x12
[28455000 ns] Node 00 (VC0) rcv: 0x13
[28465000 ns] Node 00 (VC0) rcv: 0x14
[28475000 ns] Node 00 (VC0) rcv: 0x15
[28485000 ns] Node 00 (VC0) rcv: 0x16
[28505000 ns] Node 00 (VC0) rcv: 0x17
[28515000 ns] Node 00 (VC0) rcv: 0x18
[28525000 ns] Node 00 (VC0) rcv: 0x19
[28535000 ns] Node 00 (VC0) rcv: 0x1a
[SB-PRED] t=28553000 src=0x1 -> Node00 (VC0) pkt_id=14 len=20
[28555000 ns] Node 00 (VC0) rcv: 0x1b
[28565000 ns] Node 00 (VC0) rcv: 0x1c
[28575000 ns] Node 00 (VC0) rcv: 0x1d
[28585000 ns] Node 00 (VC0) rcv: 0x1e
[28605000 ns] Node 00 (VC0) rcv: 0x1f
[28615000 ns] Node 00 (VC0) rcv: 0x20
[28625000 ns] Node 00 (VC0) rcv: 0x21
[28635000 ns] Node 00 (VC0) rcv: 0x22
[SB-PASS] t=28655000 Node00 (VC0) src=0x1 pkt_id=11 len=20 matches prediction
[28655000 ns] Node 00 (VC0) rcv: 0x23
[28665000 ns] Node 00 (VC0) rcv: 0x20
[28675000 ns] Node 00 (VC0) rcv: 0x21
[28685000 ns] Node 00 (VC0) rcv: 0x22
[28705000 ns] Node 00 (VC0) rcv: 0x23
[28715000 ns] Node 00 (VC0) rcv: 0x24
[28725000 ns] Node 00 (VC0) rcv: 0x25
[28735000 ns] Node 00 (VC0) rcv: 0x26
[28755000 ns] Node 00 (VC0) rcv: 0x27
[28765000 ns] Node 00 (VC0) rcv: 0x28
[28775000 ns] Node 00 (VC0) rcv: 0x29
[28785000 ns] Node 00 (VC0) rcv: 0x2a
[28805000 ns] Node 00 (VC0) rcv: 0x2b
[28815000 ns] Node 00 (VC0) rcv: 0x2c
[28825000 ns] Node 00 (VC0) rcv: 0x2d
[28835000 ns] Node 00 (VC0) rcv: 0x2e
[28855000 ns] Node 00 (VC0) rcv: 0x2f
[SB-PRED] t=28861000 src=0x3 -> Node00 (VC0) pkt_id=13 len=20
[28865000 ns] Node 00 (VC0) rcv: 0x30
[28875000 ns] Node 00 (VC0) rcv: 0x31
[28885000 ns] Node 00 (VC0) rcv: 0x32
[SB-PASS] t=28905000 Node00 (VC0) src=0x2 pkt_id=4 len=20 matches prediction
[28905000 ns] Node 00 (VC0) rcv: 0x33
[28915000 ns] Node 00 (VC0) rcv: 0x10
[28925000 ns] Node 00 (VC0) rcv: 0x11
[28935000 ns] Node 00 (VC0) rcv: 0x12
[28955000 ns] Node 00 (VC0) rcv: 0x13
[28965000 ns] Node 00 (VC0) rcv: 0x14
[28975000 ns] Node 00 (VC0) rcv: 0x15
[28985000 ns] Node 00 (VC0) rcv: 0x16
[29005000 ns] Node 00 (VC0) rcv: 0x17
[29015000 ns] Node 00 (VC0) rcv: 0x18
[29025000 ns] Node 00 (VC0) rcv: 0x19
[29035000 ns] Node 00 (VC0) rcv: 0x1a
[29055000 ns] Node 00 (VC0) rcv: 0x1b
[SB-PRED] t=29057000 src=0x1 -> Node00 (VC0) pkt_id=15 len=20
[29065000 ns] Node 00 (VC0) rcv: 0x1c
[29075000 ns] Node 00 (VC0) rcv: 0x1d
[29085000 ns] Node 00 (VC0) rcv: 0x1e
[29105000 ns] Node 00 (VC0) rcv: 0x1f
[29115000 ns] Node 00 (VC0) rcv: 0x20
[29125000 ns] Node 00 (VC0) rcv: 0x21
[29135000 ns] Node 00 (VC0) rcv: 0x22
[SB-PASS] t=29155000 Node00 (VC0) src=0x1 pkt_id=12 len=20 matches prediction
[29155000 ns] Node 00 (VC0) rcv: 0x23
[29165000 ns] Node 00 (VC0) rcv: 0x30
[29175000 ns] Node 00 (VC0) rcv: 0x31
[29185000 ns] Node 00 (VC0) rcv: 0x32
[29205000 ns] Node 00 (VC0) rcv: 0x33
[29215000 ns] Node 00 (VC0) rcv: 0x34
[29225000 ns] Node 00 (VC0) rcv: 0x35
[29235000 ns] Node 00 (VC0) rcv: 0x36
[29255000 ns] Node 00 (VC0) rcv: 0x37
[29265000 ns] Node 00 (VC0) rcv: 0x38
[29275000 ns] Node 00 (VC0) rcv: 0x39
[29285000 ns] Node 00 (VC0) rcv: 0x3a
[SB-PRED] t=29286000 src=0x2 -> Node00 (VC0) pkt_id=7 len=20
[29305000 ns] Node 00 (VC0) rcv: 0x3b
[29315000 ns] Node 00 (VC0) rcv: 0x3c
[29325000 ns] Node 00 (VC0) rcv: 0x3d
[29335000 ns] Node 00 (VC0) rcv: 0x3e
[29355000 ns] Node 00 (VC0) rcv: 0x3f
[29365000 ns] Node 00 (VC0) rcv: 0x40
[29375000 ns] Node 00 (VC0) rcv: 0x41
[29385000 ns] Node 00 (VC0) rcv: 0x42
[SB-PASS] t=29405000 Node00 (VC0) src=0x3 pkt_id=10 len=20 matches prediction
[29405000 ns] Node 00 (VC0) rcv: 0x43
[29415000 ns] Node 00 (VC0) rcv: 0x10
[29425000 ns] Node 00 (VC0) rcv: 0x11
[29435000 ns] Node 00 (VC0) rcv: 0x12
[29455000 ns] Node 00 (VC0) rcv: 0x13
[29465000 ns] Node 00 (VC0) rcv: 0x14
[29475000 ns] Node 00 (VC0) rcv: 0x15
[29485000 ns] Node 00 (VC0) rcv: 0x16
[29505000 ns] Node 00 (VC0) rcv: 0x17
[29515000 ns] Node 00 (VC0) rcv: 0x18
[29525000 ns] Node 00 (VC0) rcv: 0x19
[29535000 ns] Node 00 (VC0) rcv: 0x1a
[29555000 ns] Node 00 (VC0) rcv: 0x1b
[SB-PRED] t=29561000 src=0x1 -> Node00 (VC0) pkt_id=0 len=20
[29565000 ns] Node 00 (VC0) rcv: 0x1c
[29575000 ns] Node 00 (VC0) rcv: 0x1d
[29585000 ns] Node 00 (VC0) rcv: 0x1e
[29605000 ns] Node 00 (VC0) rcv: 0x1f
[29615000 ns] Node 00 (VC0) rcv: 0x20
[29625000 ns] Node 00 (VC0) rcv: 0x21
[29635000 ns] Node 00 (VC0) rcv: 0x22
[SB-PASS] t=29655000 Node00 (VC0) src=0x1 pkt_id=13 len=20 matches prediction
[29655000 ns] Node 00 (VC0) rcv: 0x23
[29665000 ns] Node 00 (VC0) rcv: 0x20
[29675000 ns] Node 00 (VC0) rcv: 0x21
[29685000 ns] Node 00 (VC0) rcv: 0x22
[29705000 ns] Node 00 (VC0) rcv: 0x23
[29715000 ns] Node 00 (VC0) rcv: 0x24
[29725000 ns] Node 00 (VC0) rcv: 0x25
[29735000 ns] Node 00 (VC0) rcv: 0x26
[29755000 ns] Node 00 (VC0) rcv: 0x27
[29765000 ns] Node 00 (VC0) rcv: 0x28
[29775000 ns] Node 00 (VC0) rcv: 0x29
[29785000 ns] Node 00 (VC0) rcv: 0x2a
[29805000 ns] Node 00 (VC0) rcv: 0x2b
[29815000 ns] Node 00 (VC0) rcv: 0x2c
[29825000 ns] Node 00 (VC0) rcv: 0x2d
[29835000 ns] Node 00 (VC0) rcv: 0x2e
[29855000 ns] Node 00 (VC0) rcv: 0x2f
[29865000 ns] Node 00 (VC0) rcv: 0x30
[SB-PRED] t=29869000 src=0x3 -> Node00 (VC0) pkt_id=14 len=20
[29875000 ns] Node 00 (VC0) rcv: 0x31
[29885000 ns] Node 00 (VC0) rcv: 0x32
[SB-PASS] t=29905000 Node00 (VC0) src=0x2 pkt_id=5 len=20 matches prediction
[29905000 ns] Node 00 (VC0) rcv: 0x33
[29915000 ns] Node 00 (VC0) rcv: 0x10
[29925000 ns] Node 00 (VC0) rcv: 0x11
[29935000 ns] Node 00 (VC0) rcv: 0x12
[29955000 ns] Node 00 (VC0) rcv: 0x13
[29965000 ns] Node 00 (VC0) rcv: 0x14
[29975000 ns] Node 00 (VC0) rcv: 0x15
[29985000 ns] Node 00 (VC0) rcv: 0x16
[30005000 ns] Node 00 (VC0) rcv: 0x17
[30015000 ns] Node 00 (VC0) rcv: 0x18
[30025000 ns] Node 00 (VC0) rcv: 0x19
[30035000 ns] Node 00 (VC0) rcv: 0x1a
[SB-PRED] t=30051000 src=0x1 -> Node00 (VC0) pkt_id=1 len=20
[30055000 ns] Node 00 (VC0) rcv: 0x1b
[30065000 ns] Node 00 (VC0) rcv: 0x1c
[30075000 ns] Node 00 (VC0) rcv: 0x1d
[30085000 ns] Node 00 (VC0) rcv: 0x1e
[30105000 ns] Node 00 (VC0) rcv: 0x1f
[30115000 ns] Node 00 (VC0) rcv: 0x20
[30125000 ns] Node 00 (VC0) rcv: 0x21
[30135000 ns] Node 00 (VC0) rcv: 0x22
[SB-PASS] t=30155000 Node00 (VC0) src=0x1 pkt_id=14 len=20 matches prediction
[30155000 ns] Node 00 (VC0) rcv: 0x23
[30165000 ns] Node 00 (VC0) rcv: 0x30
[30175000 ns] Node 00 (VC0) rcv: 0x31
[30185000 ns] Node 00 (VC0) rcv: 0x32
[30205000 ns] Node 00 (VC0) rcv: 0x33
[30215000 ns] Node 00 (VC0) rcv: 0x34
[30225000 ns] Node 00 (VC0) rcv: 0x35
[30235000 ns] Node 00 (VC0) rcv: 0x36
[30255000 ns] Node 00 (VC0) rcv: 0x37
[30265000 ns] Node 00 (VC0) rcv: 0x38
[30275000 ns] Node 00 (VC0) rcv: 0x39
[SB-PRED] t=30282000 src=0x2 -> Node00 (VC0) pkt_id=8 len=20
[30285000 ns] Node 00 (VC0) rcv: 0x3a
[30305000 ns] Node 00 (VC0) rcv: 0x3b
[30315000 ns] Node 00 (VC0) rcv: 0x3c
[30325000 ns] Node 00 (VC0) rcv: 0x3d
[30335000 ns] Node 00 (VC0) rcv: 0x3e
[30355000 ns] Node 00 (VC0) rcv: 0x3f
[30365000 ns] Node 00 (VC0) rcv: 0x40
[30375000 ns] Node 00 (VC0) rcv: 0x41
[30385000 ns] Node 00 (VC0) rcv: 0x42
[SB-PASS] t=30405000 Node00 (VC0) src=0x3 pkt_id=11 len=20 matches prediction
[30405000 ns] Node 00 (VC0) rcv: 0x43
[30415000 ns] Node 00 (VC0) rcv: 0x10
[30425000 ns] Node 00 (VC0) rcv: 0x11
[30435000 ns] Node 00 (VC0) rcv: 0x12
[30455000 ns] Node 00 (VC0) rcv: 0x13
[30465000 ns] Node 00 (VC0) rcv: 0x14
[30475000 ns] Node 00 (VC0) rcv: 0x15
[30485000 ns] Node 00 (VC0) rcv: 0x16
[30505000 ns] Node 00 (VC0) rcv: 0x17
[30515000 ns] Node 00 (VC0) rcv: 0x18
[30525000 ns] Node 00 (VC0) rcv: 0x19
[30535000 ns] Node 00 (VC0) rcv: 0x1a
[30555000 ns] Node 00 (VC0) rcv: 0x1b
[SB-PRED] t=30555000 src=0x1 -> Node00 (VC0) pkt_id=2 len=20
[30565000 ns] Node 00 (VC0) rcv: 0x1c
[30575000 ns] Node 00 (VC0) rcv: 0x1d
[30585000 ns] Node 00 (VC0) rcv: 0x1e
[30605000 ns] Node 00 (VC0) rcv: 0x1f
[30615000 ns] Node 00 (VC0) rcv: 0x20
[30625000 ns] Node 00 (VC0) rcv: 0x21
[30635000 ns] Node 00 (VC0) rcv: 0x22
[SB-PASS] t=30655000 Node00 (VC0) src=0x1 pkt_id=15 len=20 matches prediction
[30655000 ns] Node 00 (VC0) rcv: 0x23
[30665000 ns] Node 00 (VC0) rcv: 0x20
[30675000 ns] Node 00 (VC0) rcv: 0x21
[30685000 ns] Node 00 (VC0) rcv: 0x22
[30705000 ns] Node 00 (VC0) rcv: 0x23
[30715000 ns] Node 00 (VC0) rcv: 0x24
[30725000 ns] Node 00 (VC0) rcv: 0x25
[30735000 ns] Node 00 (VC0) rcv: 0x26
[30755000 ns] Node 00 (VC0) rcv: 0x27
[30765000 ns] Node 00 (VC0) rcv: 0x28
[30775000 ns] Node 00 (VC0) rcv: 0x29
[30785000 ns] Node 00 (VC0) rcv: 0x2a
[30805000 ns] Node 00 (VC0) rcv: 0x2b
[30815000 ns] Node 00 (VC0) rcv: 0x2c
[30825000 ns] Node 00 (VC0) rcv: 0x2d
[30835000 ns] Node 00 (VC0) rcv: 0x2e
[30855000 ns] Node 00 (VC0) rcv: 0x2f
[SB-PRED] t=30863000 src=0x3 -> Node00 (VC0) pkt_id=15 len=20
[30865000 ns] Node 00 (VC0) rcv: 0x30
[30875000 ns] Node 00 (VC0) rcv: 0x31
[30885000 ns] Node 00 (VC0) rcv: 0x32
[SB-PASS] t=30905000 Node00 (VC0) src=0x2 pkt_id=6 len=20 matches prediction
[30905000 ns] Node 00 (VC0) rcv: 0x33
[30915000 ns] Node 00 (VC0) rcv: 0x10
[30925000 ns] Node 00 (VC0) rcv: 0x11
[30935000 ns] Node 00 (VC0) rcv: 0x12
[30955000 ns] Node 00 (VC0) rcv: 0x13
[30965000 ns] Node 00 (VC0) rcv: 0x14
[30975000 ns] Node 00 (VC0) rcv: 0x15
[30985000 ns] Node 00 (VC0) rcv: 0x16
[31005000 ns] Node 00 (VC0) rcv: 0x17
[31015000 ns] Node 00 (VC0) rcv: 0x18
[31025000 ns] Node 00 (VC0) rcv: 0x19
[31035000 ns] Node 00 (VC0) rcv: 0x1a
[31055000 ns] Node 00 (VC0) rcv: 0x1b
[SB-PRED] t=31059000 src=0x1 -> Node00 (VC0) pkt_id=3 len=20
[31065000 ns] Node 00 (VC0) rcv: 0x1c
[31075000 ns] Node 00 (VC0) rcv: 0x1d
[31085000 ns] Node 00 (VC0) rcv: 0x1e
[31105000 ns] Node 00 (VC0) rcv: 0x1f
[31115000 ns] Node 00 (VC0) rcv: 0x20
[31125000 ns] Node 00 (VC0) rcv: 0x21
[31135000 ns] Node 00 (VC0) rcv: 0x22
[SB-PASS] t=31155000 Node00 (VC0) src=0x1 pkt_id=0 len=20 matches prediction
[31155000 ns] Node 00 (VC0) rcv: 0x23
[31165000 ns] Node 00 (VC0) rcv: 0x30
[31175000 ns] Node 00 (VC0) rcv: 0x31
[31185000 ns] Node 00 (VC0) rcv: 0x32
[31205000 ns] Node 00 (VC0) rcv: 0x33
[31215000 ns] Node 00 (VC0) rcv: 0x34
[31225000 ns] Node 00 (VC0) rcv: 0x35
[31235000 ns] Node 00 (VC0) rcv: 0x36
[31255000 ns] Node 00 (VC0) rcv: 0x37
[31265000 ns] Node 00 (VC0) rcv: 0x38
[31275000 ns] Node 00 (VC0) rcv: 0x39
[31285000 ns] Node 00 (VC0) rcv: 0x3a
[SB-PRED] t=31290000 src=0x2 -> Node00 (VC0) pkt_id=9 len=20
[31305000 ns] Node 00 (VC0) rcv: 0x3b
[31315000 ns] Node 00 (VC0) rcv: 0x3c
[31325000 ns] Node 00 (VC0) rcv: 0x3d
[31335000 ns] Node 00 (VC0) rcv: 0x3e
[31355000 ns] Node 00 (VC0) rcv: 0x3f
[31365000 ns] Node 00 (VC0) rcv: 0x40
[31375000 ns] Node 00 (VC0) rcv: 0x41
[31385000 ns] Node 00 (VC0) rcv: 0x42
[SB-PASS] t=31405000 Node00 (VC0) src=0x3 pkt_id=12 len=20 matches prediction
[31405000 ns] Node 00 (VC0) rcv: 0x43
[31415000 ns] Node 00 (VC0) rcv: 0x10
[31425000 ns] Node 00 (VC0) rcv: 0x11
[31435000 ns] Node 00 (VC0) rcv: 0x12
[31455000 ns] Node 00 (VC0) rcv: 0x13
[31465000 ns] Node 00 (VC0) rcv: 0x14
[31475000 ns] Node 00 (VC0) rcv: 0x15
[31485000 ns] Node 00 (VC0) rcv: 0x16
[31505000 ns] Node 00 (VC0) rcv: 0x17
[31515000 ns] Node 00 (VC0) rcv: 0x18
[31525000 ns] Node 00 (VC0) rcv: 0x19
[31535000 ns] Node 00 (VC0) rcv: 0x1a
[SB-PRED] t=31549000 src=0x1 -> Node00 (VC0) pkt_id=4 len=20
[31555000 ns] Node 00 (VC0) rcv: 0x1b
[31565000 ns] Node 00 (VC0) rcv: 0x1c
[31575000 ns] Node 00 (VC0) rcv: 0x1d
[31585000 ns] Node 00 (VC0) rcv: 0x1e
[31605000 ns] Node 00 (VC0) rcv: 0x1f
[31615000 ns] Node 00 (VC0) rcv: 0x20
[31625000 ns] Node 00 (VC0) rcv: 0x21
[31635000 ns] Node 00 (VC0) rcv: 0x22
[SB-PASS] t=31655000 Node00 (VC0) src=0x1 pkt_id=1 len=20 matches prediction
[31655000 ns] Node 00 (VC0) rcv: 0x23
[31665000 ns] Node 00 (VC0) rcv: 0x20
[31675000 ns] Node 00 (VC0) rcv: 0x21
[31685000 ns] Node 00 (VC0) rcv: 0x22
[31705000 ns] Node 00 (VC0) rcv: 0x23
[31715000 ns] Node 00 (VC0) rcv: 0x24
[31725000 ns] Node 00 (VC0) rcv: 0x25
[31735000 ns] Node 00 (VC0) rcv: 0x26
[31755000 ns] Node 00 (VC0) rcv: 0x27
[31765000 ns] Node 00 (VC0) rcv: 0x28
[31775000 ns] Node 00 (VC0) rcv: 0x29
[31785000 ns] Node 00 (VC0) rcv: 0x2a
[31805000 ns] Node 00 (VC0) rcv: 0x2b
[31815000 ns] Node 00 (VC0) rcv: 0x2c
[31825000 ns] Node 00 (VC0) rcv: 0x2d
[31835000 ns] Node 00 (VC0) rcv: 0x2e
[31855000 ns] Node 00 (VC0) rcv: 0x2f
[31865000 ns] Node 00 (VC0) rcv: 0x30
[SB-PRED] t=31871000 src=0x3 -> Node00 (VC0) pkt_id=0 len=20
[31875000 ns] Node 00 (VC0) rcv: 0x31
[31885000 ns] Node 00 (VC0) rcv: 0x32
[SB-PASS] t=31905000 Node00 (VC0) src=0x2 pkt_id=7 len=20 matches prediction
[31905000 ns] Node 00 (VC0) rcv: 0x33
[31915000 ns] Node 00 (VC0) rcv: 0x10
[31925000 ns] Node 00 (VC0) rcv: 0x11
[31935000 ns] Node 00 (VC0) rcv: 0x12
[31955000 ns] Node 00 (VC0) rcv: 0x13
[31965000 ns] Node 00 (VC0) rcv: 0x14
[31975000 ns] Node 00 (VC0) rcv: 0x15
[31985000 ns] Node 00 (VC0) rcv: 0x16
[32005000 ns] Node 00 (VC0) rcv: 0x17
[32015000 ns] Node 00 (VC0) rcv: 0x18
[32025000 ns] Node 00 (VC0) rcv: 0x19
[32035000 ns] Node 00 (VC0) rcv: 0x1a
[SB-PRED] t=32053000 src=0x1 -> Node00 (VC0) pkt_id=5 len=20
[32055000 ns] Node 00 (VC0) rcv: 0x1b
[32065000 ns] Node 00 (VC0) rcv: 0x1c
[32075000 ns] Node 00 (VC0) rcv: 0x1d
[32085000 ns] Node 00 (VC0) rcv: 0x1e
[32105000 ns] Node 00 (VC0) rcv: 0x1f
[32115000 ns] Node 00 (VC0) rcv: 0x20
[32125000 ns] Node 00 (VC0) rcv: 0x21
[32135000 ns] Node 00 (VC0) rcv: 0x22
[SB-PASS] t=32155000 Node00 (VC0) src=0x1 pkt_id=2 len=20 matches prediction
[32155000 ns] Node 00 (VC0) rcv: 0x23
[32165000 ns] Node 00 (VC0) rcv: 0x30
[32175000 ns] Node 00 (VC0) rcv: 0x31
[32185000 ns] Node 00 (VC0) rcv: 0x32
[32205000 ns] Node 00 (VC0) rcv: 0x33
[32215000 ns] Node 00 (VC0) rcv: 0x34
[32225000 ns] Node 00 (VC0) rcv: 0x35
[32235000 ns] Node 00 (VC0) rcv: 0x36
[32255000 ns] Node 00 (VC0) rcv: 0x37
[32265000 ns] Node 00 (VC0) rcv: 0x38
[32275000 ns] Node 00 (VC0) rcv: 0x39
[32285000 ns] Node 00 (VC0) rcv: 0x3a
[SB-PRED] t=32286000 src=0x2 -> Node00 (VC0) pkt_id=10 len=20
[32305000 ns] Node 00 (VC0) rcv: 0x3b
[32315000 ns] Node 00 (VC0) rcv: 0x3c
[32325000 ns] Node 00 (VC0) rcv: 0x3d
[32335000 ns] Node 00 (VC0) rcv: 0x3e
[32355000 ns] Node 00 (VC0) rcv: 0x3f
[32365000 ns] Node 00 (VC0) rcv: 0x40
[32375000 ns] Node 00 (VC0) rcv: 0x41
[32385000 ns] Node 00 (VC0) rcv: 0x42
[SB-PASS] t=32405000 Node00 (VC0) src=0x3 pkt_id=13 len=20 matches prediction
[32405000 ns] Node 00 (VC0) rcv: 0x43
[32415000 ns] Node 00 (VC0) rcv: 0x10
[32425000 ns] Node 00 (VC0) rcv: 0x11
[32435000 ns] Node 00 (VC0) rcv: 0x12
[32455000 ns] Node 00 (VC0) rcv: 0x13
[32465000 ns] Node 00 (VC0) rcv: 0x14
[32475000 ns] Node 00 (VC0) rcv: 0x15
[32485000 ns] Node 00 (VC0) rcv: 0x16
[32505000 ns] Node 00 (VC0) rcv: 0x17
[32515000 ns] Node 00 (VC0) rcv: 0x18
[32525000 ns] Node 00 (VC0) rcv: 0x19
[32535000 ns] Node 00 (VC0) rcv: 0x1a
[32555000 ns] Node 00 (VC0) rcv: 0x1b
[SB-PRED] t=32557000 src=0x1 -> Node00 (VC0) pkt_id=6 len=20
[32565000 ns] Node 00 (VC0) rcv: 0x1c
[32575000 ns] Node 00 (VC0) rcv: 0x1d
[32585000 ns] Node 00 (VC0) rcv: 0x1e
[32605000 ns] Node 00 (VC0) rcv: 0x1f
[32615000 ns] Node 00 (VC0) rcv: 0x20
[32625000 ns] Node 00 (VC0) rcv: 0x21
[32635000 ns] Node 00 (VC0) rcv: 0x22
[SB-PASS] t=32655000 Node00 (VC0) src=0x1 pkt_id=3 len=20 matches prediction
[32655000 ns] Node 00 (VC0) rcv: 0x23
[32665000 ns] Node 00 (VC0) rcv: 0x20
[32675000 ns] Node 00 (VC0) rcv: 0x21
[32685000 ns] Node 00 (VC0) rcv: 0x22
[32705000 ns] Node 00 (VC0) rcv: 0x23
[32715000 ns] Node 00 (VC0) rcv: 0x24
[32725000 ns] Node 00 (VC0) rcv: 0x25
[32735000 ns] Node 00 (VC0) rcv: 0x26
[32755000 ns] Node 00 (VC0) rcv: 0x27
[32765000 ns] Node 00 (VC0) rcv: 0x28
[32775000 ns] Node 00 (VC0) rcv: 0x29
[32785000 ns] Node 00 (VC0) rcv: 0x2a
[32805000 ns] Node 00 (VC0) rcv: 0x2b
[32815000 ns] Node 00 (VC0) rcv: 0x2c
[32825000 ns] Node 00 (VC0) rcv: 0x2d
[32835000 ns] Node 00 (VC0) rcv: 0x2e
[32855000 ns] Node 00 (VC0) rcv: 0x2f
[32865000 ns] Node 00 (VC0) rcv: 0x30
[SB-PRED] t=32865000 src=0x3 -> Node00 (VC0) pkt_id=1 len=20
[32875000 ns] Node 00 (VC0) rcv: 0x31
[32885000 ns] Node 00 (VC0) rcv: 0x32
[SB-PASS] t=32905000 Node00 (VC0) src=0x2 pkt_id=8 len=20 matches prediction
[32905000 ns] Node 00 (VC0) rcv: 0x33
[32915000 ns] Node 00 (VC0) rcv: 0x10
[32925000 ns] Node 00 (VC0) rcv: 0x11
[32935000 ns] Node 00 (VC0) rcv: 0x12
[32955000 ns] Node 00 (VC0) rcv: 0x13
[32965000 ns] Node 00 (VC0) rcv: 0x14
[32975000 ns] Node 00 (VC0) rcv: 0x15
[32985000 ns] Node 00 (VC0) rcv: 0x16
[33005000 ns] Node 00 (VC0) rcv: 0x17
[33015000 ns] Node 00 (VC0) rcv: 0x18
[33025000 ns] Node 00 (VC0) rcv: 0x19
[33035000 ns] Node 00 (VC0) rcv: 0x1a
[33055000 ns] Node 00 (VC0) rcv: 0x1b
[SB-PRED] t=33061000 src=0x1 -> Node00 (VC0) pkt_id=7 len=20
[33065000 ns] Node 00 (VC0) rcv: 0x1c
[33075000 ns] Node 00 (VC0) rcv: 0x1d
[33085000 ns] Node 00 (VC0) rcv: 0x1e
[33105000 ns] Node 00 (VC0) rcv: 0x1f
[33115000 ns] Node 00 (VC0) rcv: 0x20
[33125000 ns] Node 00 (VC0) rcv: 0x21
[33135000 ns] Node 00 (VC0) rcv: 0x22
[SB-PASS] t=33155000 Node00 (VC0) src=0x1 pkt_id=4 len=20 matches prediction
[33155000 ns] Node 00 (VC0) rcv: 0x23
[33165000 ns] Node 00 (VC0) rcv: 0x30
[33175000 ns] Node 00 (VC0) rcv: 0x31
[33185000 ns] Node 00 (VC0) rcv: 0x32
[33205000 ns] Node 00 (VC0) rcv: 0x33
[33215000 ns] Node 00 (VC0) rcv: 0x34
[33225000 ns] Node 00 (VC0) rcv: 0x35
[33235000 ns] Node 00 (VC0) rcv: 0x36
[33255000 ns] Node 00 (VC0) rcv: 0x37
[33265000 ns] Node 00 (VC0) rcv: 0x38
[33275000 ns] Node 00 (VC0) rcv: 0x39
[SB-PRED] t=33282000 src=0x2 -> Node00 (VC0) pkt_id=11 len=20
[33285000 ns] Node 00 (VC0) rcv: 0x3a
[33305000 ns] Node 00 (VC0) rcv: 0x3b
[33315000 ns] Node 00 (VC0) rcv: 0x3c
[33325000 ns] Node 00 (VC0) rcv: 0x3d
[33335000 ns] Node 00 (VC0) rcv: 0x3e
[33355000 ns] Node 00 (VC0) rcv: 0x3f
[33365000 ns] Node 00 (VC0) rcv: 0x40
[33375000 ns] Node 00 (VC0) rcv: 0x41
[33385000 ns] Node 00 (VC0) rcv: 0x42
[SB-PASS] t=33405000 Node00 (VC0) src=0x3 pkt_id=14 len=20 matches prediction
[33405000 ns] Node 00 (VC0) rcv: 0x43
[33415000 ns] Node 00 (VC0) rcv: 0x10
[33425000 ns] Node 00 (VC0) rcv: 0x11
[33435000 ns] Node 00 (VC0) rcv: 0x12
[33455000 ns] Node 00 (VC0) rcv: 0x13
[33465000 ns] Node 00 (VC0) rcv: 0x14
[33475000 ns] Node 00 (VC0) rcv: 0x15
[33485000 ns] Node 00 (VC0) rcv: 0x16
[33505000 ns] Node 00 (VC0) rcv: 0x17
[33515000 ns] Node 00 (VC0) rcv: 0x18
[33525000 ns] Node 00 (VC0) rcv: 0x19
[33535000 ns] Node 00 (VC0) rcv: 0x1a
[33555000 ns] Node 00 (VC0) rcv: 0x1b
[33565000 ns] Node 00 (VC0) rcv: 0x1c
[33575000 ns] Node 00 (VC0) rcv: 0x1d
[33585000 ns] Node 00 (VC0) rcv: 0x1e
[33605000 ns] Node 00 (VC0) rcv: 0x1f
[33615000 ns] Node 00 (VC0) rcv: 0x20
[33625000 ns] Node 00 (VC0) rcv: 0x21
[33635000 ns] Node 00 (VC0) rcv: 0x22
[SB-PASS] t=33655000 Node00 (VC0) src=0x1 pkt_id=5 len=20 matches prediction
[33655000 ns] Node 00 (VC0) rcv: 0x23
[33665000 ns] Node 00 (VC0) rcv: 0x20
[33675000 ns] Node 00 (VC0) rcv: 0x21
[33685000 ns] Node 00 (VC0) rcv: 0x22
[33705000 ns] Node 00 (VC0) rcv: 0x23
[33715000 ns] Node 00 (VC0) rcv: 0x24
[33725000 ns] Node 00 (VC0) rcv: 0x25
[33735000 ns] Node 00 (VC0) rcv: 0x26
[33755000 ns] Node 00 (VC0) rcv: 0x27
[33765000 ns] Node 00 (VC0) rcv: 0x28
[33775000 ns] Node 00 (VC0) rcv: 0x29
[33785000 ns] Node 00 (VC0) rcv: 0x2a
[33805000 ns] Node 00 (VC0) rcv: 0x2b
[33815000 ns] Node 00 (VC0) rcv: 0x2c
[33825000 ns] Node 00 (VC0) rcv: 0x2d
[33835000 ns] Node 00 (VC0) rcv: 0x2e
[33855000 ns] Node 00 (VC0) rcv: 0x2f
[33865000 ns] Node 00 (VC0) rcv: 0x30
[33875000 ns] Node 00 (VC0) rcv: 0x31
[33885000 ns] Node 00 (VC0) rcv: 0x32
[SB-PASS] t=33905000 Node00 (VC0) src=0x2 pkt_id=9 len=20 matches prediction
[33905000 ns] Node 00 (VC0) rcv: 0x33
[33915000 ns] Node 00 (VC0) rcv: 0x10
[33925000 ns] Node 00 (VC0) rcv: 0x11
[33935000 ns] Node 00 (VC0) rcv: 0x12
[33955000 ns] Node 00 (VC0) rcv: 0x13
[33965000 ns] Node 00 (VC0) rcv: 0x14
[33975000 ns] Node 00 (VC0) rcv: 0x15
[33985000 ns] Node 00 (VC0) rcv: 0x16
[34005000 ns] Node 00 (VC0) rcv: 0x17
[34015000 ns] Node 00 (VC0) rcv: 0x18
[34025000 ns] Node 00 (VC0) rcv: 0x19
[34035000 ns] Node 00 (VC0) rcv: 0x1a
[34055000 ns] Node 00 (VC0) rcv: 0x1b
[34065000 ns] Node 00 (VC0) rcv: 0x1c
[34075000 ns] Node 00 (VC0) rcv: 0x1d
[34085000 ns] Node 00 (VC0) rcv: 0x1e
[34105000 ns] Node 00 (VC0) rcv: 0x1f
[34115000 ns] Node 00 (VC0) rcv: 0x20
[34125000 ns] Node 00 (VC0) rcv: 0x21
[34135000 ns] Node 00 (VC0) rcv: 0x22
[SB-PASS] t=34155000 Node00 (VC0) src=0x1 pkt_id=6 len=20 matches prediction
[34155000 ns] Node 00 (VC0) rcv: 0x23
[34165000 ns] Node 00 (VC0) rcv: 0x30
[34175000 ns] Node 00 (VC0) rcv: 0x31
[34185000 ns] Node 00 (VC0) rcv: 0x32
[34205000 ns] Node 00 (VC0) rcv: 0x33
[34215000 ns] Node 00 (VC0) rcv: 0x34
[34225000 ns] Node 00 (VC0) rcv: 0x35
[34235000 ns] Node 00 (VC0) rcv: 0x36
[34255000 ns] Node 00 (VC0) rcv: 0x37
[34265000 ns] Node 00 (VC0) rcv: 0x38
[34275000 ns] Node 00 (VC0) rcv: 0x39
[34285000 ns] Node 00 (VC0) rcv: 0x3a
[34305000 ns] Node 00 (VC0) rcv: 0x3b
[34315000 ns] Node 00 (VC0) rcv: 0x3c
[34325000 ns] Node 00 (VC0) rcv: 0x3d
[34335000 ns] Node 00 (VC0) rcv: 0x3e
[34355000 ns] Node 00 (VC0) rcv: 0x3f
[34365000 ns] Node 00 (VC0) rcv: 0x40
[34375000 ns] Node 00 (VC0) rcv: 0x41
[34385000 ns] Node 00 (VC0) rcv: 0x42
[SB-PASS] t=34405000 Node00 (VC0) src=0x3 pkt_id=15 len=20 matches prediction
[34405000 ns] Node 00 (VC0) rcv: 0x43
[34415000 ns] Node 00 (VC0) rcv: 0x10
[34425000 ns] Node 00 (VC0) rcv: 0x11
[34435000 ns] Node 00 (VC0) rcv: 0x12
[34455000 ns] Node 00 (VC0) rcv: 0x13
[34465000 ns] Node 00 (VC0) rcv: 0x14
[34475000 ns] Node 00 (VC0) rcv: 0x15
[34485000 ns] Node 00 (VC0) rcv: 0x16
[34505000 ns] Node 00 (VC0) rcv: 0x17
[34515000 ns] Node 00 (VC0) rcv: 0x18
[34525000 ns] Node 00 (VC0) rcv: 0x19
[34535000 ns] Node 00 (VC0) rcv: 0x1a
[34555000 ns] Node 00 (VC0) rcv: 0x1b
[34565000 ns] Node 00 (VC0) rcv: 0x1c
[34575000 ns] Node 00 (VC0) rcv: 0x1d
[34585000 ns] Node 00 (VC0) rcv: 0x1e
[34605000 ns] Node 00 (VC0) rcv: 0x1f
[34615000 ns] Node 00 (VC0) rcv: 0x20
[34625000 ns] Node 00 (VC0) rcv: 0x21
[34635000 ns] Node 00 (VC0) rcv: 0x22
[SB-PASS] t=34655000 Node00 (VC0) src=0x1 pkt_id=7 len=20 matches prediction
[34655000 ns] Node 00 (VC0) rcv: 0x23
[34665000 ns] Node 00 (VC0) rcv: 0x20
[34675000 ns] Node 00 (VC0) rcv: 0x21
[34685000 ns] Node 00 (VC0) rcv: 0x22
[34705000 ns] Node 00 (VC0) rcv: 0x23
[34715000 ns] Node 00 (VC0) rcv: 0x24
[34725000 ns] Node 00 (VC0) rcv: 0x25
[34735000 ns] Node 00 (VC0) rcv: 0x26
[34755000 ns] Node 00 (VC0) rcv: 0x27
[34765000 ns] Node 00 (VC0) rcv: 0x28
[34775000 ns] Node 00 (VC0) rcv: 0x29
[34785000 ns] Node 00 (VC0) rcv: 0x2a
[34805000 ns] Node 00 (VC0) rcv: 0x2b
[34815000 ns] Node 00 (VC0) rcv: 0x2c
[34825000 ns] Node 00 (VC0) rcv: 0x2d
[34835000 ns] Node 00 (VC0) rcv: 0x2e
[34855000 ns] Node 00 (VC0) rcv: 0x2f
[34865000 ns] Node 00 (VC0) rcv: 0x30
[34875000 ns] Node 00 (VC0) rcv: 0x31
[34885000 ns] Node 00 (VC0) rcv: 0x32
[SB-PASS] t=34905000 Node00 (VC0) src=0x2 pkt_id=10 len=20 matches prediction
[34905000 ns] Node 00 (VC0) rcv: 0x33
[34915000 ns] Node 00 (VC0) rcv: 0x30
[34925000 ns] Node 00 (VC0) rcv: 0x31
[34935000 ns] Node 00 (VC0) rcv: 0x32
[34955000 ns] Node 00 (VC0) rcv: 0x33
[34965000 ns] Node 00 (VC0) rcv: 0x34
[34975000 ns] Node 00 (VC0) rcv: 0x35
[34985000 ns] Node 00 (VC0) rcv: 0x36
[35005000 ns] Node 00 (VC0) rcv: 0x37
[35015000 ns] Node 00 (VC0) rcv: 0x38
[35025000 ns] Node 00 (VC0) rcv: 0x39
[35035000 ns] Node 00 (VC0) rcv: 0x3a
[35055000 ns] Node 00 (VC0) rcv: 0x3b
[35065000 ns] Node 00 (VC0) rcv: 0x3c
[35075000 ns] Node 00 (VC0) rcv: 0x3d
[35085000 ns] Node 00 (VC0) rcv: 0x3e
[35105000 ns] Node 00 (VC0) rcv: 0x3f
[35115000 ns] Node 00 (VC0) rcv: 0x40
[35125000 ns] Node 00 (VC0) rcv: 0x41
[35135000 ns] Node 00 (VC0) rcv: 0x42
[SB-PASS] t=35155000 Node00 (VC0) src=0x3 pkt_id=0 len=20 matches prediction
[35155000 ns] Node 00 (VC0) rcv: 0x43
[35165000 ns] Node 00 (VC0) rcv: 0x20
[35175000 ns] Node 00 (VC0) rcv: 0x21
[35185000 ns] Node 00 (VC0) rcv: 0x22
[35205000 ns] Node 00 (VC0) rcv: 0x23
[35215000 ns] Node 00 (VC0) rcv: 0x24
[35225000 ns] Node 00 (VC0) rcv: 0x25
[35235000 ns] Node 00 (VC0) rcv: 0x26
[35255000 ns] Node 00 (VC0) rcv: 0x27
[35265000 ns] Node 00 (VC0) rcv: 0x28
[35275000 ns] Node 00 (VC0) rcv: 0x29
[35285000 ns] Node 00 (VC0) rcv: 0x2a
[35305000 ns] Node 00 (VC0) rcv: 0x2b
[35315000 ns] Node 00 (VC0) rcv: 0x2c
[35325000 ns] Node 00 (VC0) rcv: 0x2d
[35335000 ns] Node 00 (VC0) rcv: 0x2e
[35355000 ns] Node 00 (VC0) rcv: 0x2f
[35365000 ns] Node 00 (VC0) rcv: 0x30
[35375000 ns] Node 00 (VC0) rcv: 0x31
[35385000 ns] Node 00 (VC0) rcv: 0x32
[SB-PASS] t=35405000 Node00 (VC0) src=0x2 pkt_id=11 len=20 matches prediction
[35405000 ns] Node 00 (VC0) rcv: 0x33
[35415000 ns] Node 00 (VC0) rcv: 0x30
[35425000 ns] Node 00 (VC0) rcv: 0x31
[35435000 ns] Node 00 (VC0) rcv: 0x32
[35455000 ns] Node 00 (VC0) rcv: 0x33
[35465000 ns] Node 00 (VC0) rcv: 0x34
[35475000 ns] Node 00 (VC0) rcv: 0x35
[35485000 ns] Node 00 (VC0) rcv: 0x36
[35505000 ns] Node 00 (VC0) rcv: 0x37
[35515000 ns] Node 00 (VC0) rcv: 0x38
[35525000 ns] Node 00 (VC0) rcv: 0x39
[35535000 ns] Node 00 (VC0) rcv: 0x3a
[35555000 ns] Node 00 (VC0) rcv: 0x3b
[35565000 ns] Node 00 (VC0) rcv: 0x3c
[35575000 ns] Node 00 (VC0) rcv: 0x3d
[35585000 ns] Node 00 (VC0) rcv: 0x3e
[35605000 ns] Node 00 (VC0) rcv: 0x3f
[35615000 ns] Node 00 (VC0) rcv: 0x40
[35625000 ns] Node 00 (VC0) rcv: 0x41
[35635000 ns] Node 00 (VC0) rcv: 0x42
[SB-PASS] t=35655000 Node00 (VC0) src=0x3 pkt_id=1 len=20 matches prediction
[35655000 ns] Node 00 (VC0) rcv: 0x43

[TB] --- Test 6 Finished ---


=================================================
 PERFORMANCE REPORT: Sustained Hot-Spot Contention
=================================================
 [Node00 TX] Flits: 0 | Stalls: 0 (0.0%)
 [Node00 RX] Flits: 1989 | Stalls: 0 (0.0%)
 [Node10 TX] Flits: 1037 | Stalls: 697 (34.2%)
 [Node10 RX] Flits: 200 | Stalls: 0 (0.0%)
 [Node01 TX] Flits: 550 | Stalls: 1505 (72.3%)
 [Node01 RX] Flits: 0 | Stalls: 0 (0.0%)
 [Node11 TX] Flits: 550 | Stalls: 1208 (59.2%)
 [Node11 RX] Flits: 0 | Stalls: 0 (0.0%)
=================================================


=================================================
 SCOREBOARD REPORT (All Nodes, transaction-level)
=================================================
 [Node00] Matched: 116 | Mismatched: 0 | Pending: 0
 [Node10] Matched: 20 | Mismatched: 0 | Pending: 0
 [Node01] Matched: 2 | Mismatched: 0 | Pending: 0
 [Node11] Matched: 4 | Mismatched: 0 | Pending: 0
-------------------------------------------------
 TOTAL: Matched=142 Mismatched=0 Pending=0
=================================================

=================================================
 FAIRNESS REPORT: share of flits injected toward Node00
=================================================
 [Node10] 1037 flits (48%)
 [Node01] 550 flits (25%)
 [Node11] 550 flits (25%)
 min share = 25%  (เกณฑ์ผ่าน >= 10%)
-------------------------------------------------
 node00 ingress: 1989 flits / 2000 สูงสุด = 99.5% ของ NoC line rate
                 (บนบอร์ดจริง PATTERN=1 วัดได้ 57.5%)
=================================================
 Test 6 PASS - ทุกแหล่งได้ส่วนแบ่งเกินเกณฑ์
$finish called at time : 53516 ns : File "D:/OpalFolder/MyOwnProject/FPGA/GALS_Packet-Based_Fabric/GALS_Packet-Based_Fabric.srcs/sources_1/new/tb_noc_mesh_2x2_gals.sv" Line 612
## quit
INFO: [Common 17-206] Exiting xsim at Wed Aug 19 15:57:12 2026...


===================================================
 SIM REGRESSION RESULT
===================================================
  tests finished        : 6 / 6   (เทสต์ที่จบ: 1 2 3 4 5 6)
  final scoreboard      : Matched=142  Mismatched=0  Pending=0
  baseline              : Mismatched=0  Pending=0  (Matched แปรได้ เพราะ Test 6
                          ยิงตามเวลา ไม่ได้ตามจำนวนแพ็กเกจคงที่)

  >>> PASS — ตรงกับ baseline
  error markers in log  : 0
===================================================
